[03:25:24] Config: {'dataset': 'kitti', 'root_dir': '/root/dataset/kitti', 'writelist': ['Pedestrian', 'Car', 'Cyclist'], 'class_merging': False, 'use_dontcare': False, 'use_3d_center': True, 'bbox2d_type': 'anno', 'meanshape': True, 'clip_2d': False, 'aug_pd': True, 'aug_crop': False, 'aug_calib': False, 'random_flip': 0.5, 'random_crop': 0.5, 'scale': 0.4, 'shift': 0.1, 'depth_scale': 'normal', 'vggt_w': 518, 'vggt_h': 154, 'num_classes': 3, 'num_queries': 50, 'num_feature_levels': 4, 'hidden_dim': 256, 'group_num': 11, 'aux_loss': True, 'with_box_refine': True, 'two_stage': False, 'init_box': False, 'use_dab': False, 'two_stage_dino': False, 'use_dn': False, 'enc_layers': 6, 'dec_layers': 6, 'dim_feedforward': 1024, 'dropout': 0.1, 'nheads': 8, 'enc_n_points': 4, 'dec_n_points': 4, 'num_patterns': 0, 'return_intermediate_dec': True, 'set_cost_class': 2.0, 'set_cost_bbox': 5.0, 'set_cost_giou': 2.0, 'set_cost_3dcenter': 10.0, 'depth_min': '1e-3', 'depth_max': 80.0, 'num_depth_bins': 80, 'cls_loss_coef': 2.0, 'bbox_loss_coef': 5.0, 'giou_loss_coef': 2.0, 'dim_loss_coef': 1.0, 'angle_loss_coef': 1.0, 'depth_loss_coef': 1.0, '3dcenter_loss_coef': 10.0, 'focal_alpha': 0.25, 'max_epoch': 100, 'batch_size': 6, 'num_workers': 4, 'lr': 0.0002, 'lr_backbone': 0.0, 'weight_decay': 0.0001, 'clip_max_norm': 0.1, 'lr_drop': 90, 'warmup_min_lr': 1e-06, 'warmup_epochs': 5, 'save_path': 'outputs', 'resume_model': False, 'score_threshold': 0.2}
[03:25:24] World size: 5, Output: outputs/vggt_monodetr_kitti
[03:25:24] Train: 3712 samples | Val: 3769 samples
[10:38:56] Config: {'dataset': 'kitti', 'root_dir': '/root/dataset/kitti', 'writelist': ['Pedestrian', 'Car', 'Cyclist'], 'class_merging': False, 'use_dontcare': False, 'use_3d_center': True, 'bbox2d_type': 'anno', 'meanshape': True, 'clip_2d': False, 'aug_pd': True, 'aug_crop': False, 'aug_calib': False, 'random_flip': 0.5, 'random_crop': 0.5, 'scale': 0.4, 'shift': 0.1, 'depth_scale': 'normal', 'vggt_w': 518, 'vggt_h': 154, 'num_classes': 3, 'num_queries': 50, 'num_feature_levels': 4, 'hidden_dim': 256, 'group_num': 11, 'aux_loss': True, 'with_box_refine': True, 'two_stage': False, 'init_box': False, 'use_dab': False, 'two_stage_dino': False, 'use_dn': False, 'enc_layers': 6, 'dec_layers': 6, 'dim_feedforward': 1024, 'dropout': 0.1, 'nheads': 8, 'enc_n_points': 4, 'dec_n_points': 4, 'num_patterns': 0, 'return_intermediate_dec': True, 'set_cost_class': 2.0, 'set_cost_bbox': 5.0, 'set_cost_giou': 2.0, 'set_cost_3dcenter': 10.0, 'depth_min': '1e-3', 'depth_max': 80.0, 'num_depth_bins': 80, 'cls_loss_coef': 2.0, 'bbox_loss_coef': 5.0, 'giou_loss_coef': 2.0, 'dim_loss_coef': 1.0, 'angle_loss_coef': 1.0, 'depth_loss_coef': 1.0, '3dcenter_loss_coef': 10.0, 'focal_alpha': 0.25, 'max_epoch': 100, 'batch_size': 6, 'num_workers': 4, 'lr': 0.0002, 'lr_backbone': 0.0, 'weight_decay': 0.0001, 'clip_max_norm': 0.1, 'lr_drop': 90, 'warmup_min_lr': 1e-06, 'warmup_epochs': 5, 'save_path': 'outputs', 'resume_model': False, 'score_threshold': 0.2}
[10:38:56] World size: 2, Output: outputs/vggt_monodetr_kitti
[10:38:56] Train: 3712 samples | Val: 3769 samples
[10:39:10] Rank 0: trainable tensors=471, params=18,854,629
[12:37:26] Config: {'dataset': 'kitti', 'root_dir': '/root/dataset/kitti', 'writelist': ['Pedestrian', 'Car', 'Cyclist'], 'class_merging': False, 'use_dontcare': False, 'use_3d_center': True, 'bbox2d_type': 'anno', 'meanshape': True, 'clip_2d': False, 'aug_pd': True, 'aug_crop': False, 'aug_calib': False, 'random_flip': 0.5, 'random_crop': 0.5, 'scale': 0.4, 'shift': 0.1, 'depth_scale': 'normal', 'vggt_w': 518, 'vggt_h': 154, 'num_classes': 3, 'num_queries': 50, 'num_feature_levels': 4, 'hidden_dim': 256, 'group_num': 11, 'aux_loss': True, 'with_box_refine': True, 'two_stage': False, 'init_box': False, 'use_dab': False, 'two_stage_dino': False, 'use_dn': False, 'enc_layers': 6, 'dec_layers': 6, 'dim_feedforward': 1024, 'dropout': 0.1, 'nheads': 8, 'enc_n_points': 4, 'dec_n_points': 4, 'num_patterns': 0, 'return_intermediate_dec': True, 'set_cost_class': 2.0, 'set_cost_bbox': 5.0, 'set_cost_giou': 2.0, 'set_cost_3dcenter': 10.0, 'depth_min': '1e-3', 'depth_max': 80.0, 'num_depth_bins': 80, 'cls_loss_coef': 2.0, 'bbox_loss_coef': 5.0, 'giou_loss_coef': 2.0, 'dim_loss_coef': 1.0, 'angle_loss_coef': 1.0, 'depth_loss_coef': 1.0, '3dcenter_loss_coef': 10.0, 'focal_alpha': 0.25, 'max_epoch': 100, 'batch_size': 6, 'num_workers': 4, 'lr': 0.0002, 'lr_backbone': 0.0, 'weight_decay': 0.0001, 'clip_max_norm': 0.1, 'lr_drop': 90, 'warmup_min_lr': 1e-06, 'warmup_epochs': 5, 'save_path': 'outputs', 'resume_model': False, 'score_threshold': 0.2}
[12:37:26] World size: 5, Output: outputs/vggt_monodetr_kitti
[12:37:26] Train: 3712 samples | Val: 3769 samples
[12:37:41] Rank 0: trainable tensors=471, params=18,854,629
[12:37:43] ============================================================
[12:37:43] Starting training...
[12:37:43] ============================================================
[13:19:56] Config: {'dataset': 'kitti', 'root_dir': '/root/dataset/kitti', 'writelist': ['Pedestrian', 'Car', 'Cyclist'], 'class_merging': False, 'use_dontcare': False, 'use_3d_center': True, 'bbox2d_type': 'anno', 'meanshape': True, 'clip_2d': False, 'aug_pd': True, 'aug_crop': False, 'aug_calib': False, 'random_flip': 0.5, 'random_crop': 0.5, 'scale': 0.4, 'shift': 0.1, 'depth_scale': 'normal', 'vggt_w': 518, 'vggt_h': 154, 'num_classes': 3, 'num_queries': 50, 'num_feature_levels': 4, 'hidden_dim': 256, 'group_num': 11, 'aux_loss': True, 'with_box_refine': True, 'two_stage': False, 'init_box': False, 'use_dab': False, 'two_stage_dino': False, 'use_dn': False, 'enc_layers': 6, 'dec_layers': 6, 'dim_feedforward': 1024, 'dropout': 0.1, 'nheads': 8, 'enc_n_points': 4, 'dec_n_points': 4, 'num_patterns': 0, 'return_intermediate_dec': True, 'set_cost_class': 2.0, 'set_cost_bbox': 5.0, 'set_cost_giou': 2.0, 'set_cost_3dcenter': 10.0, 'depth_min': '1e-3', 'depth_max': 80.0, 'num_depth_bins': 80, 'cls_loss_coef': 2.0, 'bbox_loss_coef': 5.0, 'giou_loss_coef': 2.0, 'dim_loss_coef': 1.0, 'angle_loss_coef': 1.0, 'depth_loss_coef': 1.0, '3dcenter_loss_coef': 10.0, 'focal_alpha': 0.25, 'max_epoch': 100, 'batch_size': 6, 'num_workers': 4, 'lr': 0.0002, 'lr_backbone': 0.0, 'weight_decay': 0.0001, 'clip_max_norm': 0.1, 'lr_drop': 90, 'warmup_min_lr': 1e-06, 'warmup_epochs': 5, 'save_path': 'outputs', 'resume_model': False, 'score_threshold': 0.2}
[13:19:56] World size: 5, Output: outputs/vggt_monodetr_kitti
[13:19:56] Train: 3712 samples | Val: 3769 samples
[13:20:09] Rank 0: trainable tensors=471, params=18,854,629
[13:20:12] ============================================================
[13:20:12] Starting training...
[13:20:12] ============================================================
[13:20:22] Epoch[0] [12/123]  total=80.8204  loss_ce=0.5655  loss_bbox=0.1678  loss_depth=4.1407  loss_center=0.0790
[13:20:29] Epoch[0] [24/123]  total=58.3406  loss_ce=0.4784  loss_bbox=0.1090  loss_depth=3.1996  loss_center=0.0562
[13:20:36] Epoch[0] [36/123]  total=43.4643  loss_ce=0.2758  loss_bbox=0.0933  loss_depth=2.7436  loss_center=0.0518
[13:20:44] Epoch[0] [48/123]  total=84.0954  loss_ce=0.3914  loss_bbox=0.1792  loss_depth=5.2368  loss_center=0.0992
[13:20:51] Epoch[0] [60/123]  total=77.0939  loss_ce=0.4530  loss_bbox=0.1393  loss_depth=5.1831  loss_center=0.0627
[13:20:59] Epoch[0] [72/123]  total=100.0081  loss_ce=0.5821  loss_bbox=0.1826  loss_depth=6.3314  loss_center=0.0844
[13:21:06] Epoch[0] [84/123]  total=44.9221  loss_ce=0.3152  loss_bbox=0.0967  loss_depth=2.7016  loss_center=0.0368
[13:21:13] Epoch[0] [96/123]  total=51.2137  loss_ce=0.3091  loss_bbox=0.0869  loss_depth=2.8739  loss_center=0.0372
[13:21:21] Epoch[0] [108/123]  total=47.0311  loss_ce=0.3753  loss_bbox=0.1034  loss_depth=2.5345  loss_center=0.0364
[13:21:28] Epoch[0] [120/123]  total=37.3224  loss_ce=0.2578  loss_bbox=0.0671  loss_depth=2.2364  loss_center=0.0295
[13:21:30] Epoch [0/99] avg_loss=68.7227  time=78.1s  lr=2.00e-04
[14:00:37] Config: {'dataset': 'kitti', 'root_dir': '/root/dataset/kitti', 'writelist': ['Pedestrian', 'Car', 'Cyclist'], 'class_merging': False, 'use_dontcare': False, 'use_3d_center': True, 'bbox2d_type': 'anno', 'meanshape': True, 'clip_2d': False, 'aug_pd': True, 'aug_crop': False, 'aug_calib': False, 'random_flip': 0.5, 'random_crop': 0.5, 'scale': 0.4, 'shift': 0.1, 'depth_scale': 'normal', 'vggt_w': 518, 'vggt_h': 154, 'num_classes': 3, 'num_queries': 50, 'num_feature_levels': 4, 'hidden_dim': 256, 'group_num': 11, 'aux_loss': True, 'with_box_refine': True, 'two_stage': False, 'init_box': False, 'use_dab': False, 'two_stage_dino': False, 'use_dn': False, 'enc_layers': 6, 'dec_layers': 6, 'dim_feedforward': 1024, 'dropout': 0.1, 'nheads': 8, 'enc_n_points': 4, 'dec_n_points': 4, 'num_patterns': 0, 'return_intermediate_dec': True, 'set_cost_class': 2.0, 'set_cost_bbox': 5.0, 'set_cost_giou': 2.0, 'set_cost_3dcenter': 10.0, 'depth_min': '1e-3', 'depth_max': 80.0, 'num_depth_bins': 80, 'cls_loss_coef': 2.0, 'bbox_loss_coef': 5.0, 'giou_loss_coef': 2.0, 'dim_loss_coef': 1.0, 'angle_loss_coef': 1.0, 'depth_loss_coef': 1.0, '3dcenter_loss_coef': 10.0, 'focal_alpha': 0.25, 'max_epoch': 100, 'batch_size': 6, 'num_workers': 4, 'lr': 0.0002, 'lr_backbone': 0.0, 'weight_decay': 0.0001, 'clip_max_norm': 0.1, 'lr_drop': 90, 'warmup_min_lr': 1e-06, 'warmup_epochs': 5, 'save_path': 'outputs', 'resume_model': False, 'score_threshold': 0.2}
[14:00:37] World size: 5, Output: outputs/vggt_monodetr_kitti
[14:00:37] Train: 3712 samples | Val: 3769 samples
[14:00:51] Rank 0: trainable tensors=471, params=18,854,629
[14:00:54] ============================================================
[14:00:54] Starting training...
[14:00:54] ============================================================
[14:01:03] Epoch[0] [12/123]  total=76.7223  loss_ce=0.6193  loss_bbox=0.1714  loss_depth=4.0310  loss_center=0.0761
[14:01:11] Epoch[0] [24/123]  total=56.8327  loss_ce=0.4369  loss_bbox=0.1218  loss_depth=3.1585  loss_center=0.0695
[14:01:18] Epoch[0] [36/123]  total=44.1611  loss_ce=0.2632  loss_bbox=0.0977  loss_depth=2.6406  loss_center=0.0590
[14:01:26] Epoch[0] [48/123]  total=83.4837  loss_ce=0.4285  loss_bbox=0.1844  loss_depth=5.1944  loss_center=0.1053
[14:01:33] Epoch[0] [60/123]  total=77.3786  loss_ce=0.4089  loss_bbox=0.1281  loss_depth=5.0930  loss_center=0.0592
[14:01:40] Epoch[0] [72/123]  total=98.1184  loss_ce=0.5915  loss_bbox=0.1744  loss_depth=6.3316  loss_center=0.0848
[14:01:48] Epoch[0] [84/123]  total=44.8363  loss_ce=0.3051  loss_bbox=0.0699  loss_depth=2.5789  loss_center=0.0459
[14:01:55] Epoch[0] [96/123]  total=52.8565  loss_ce=0.2871  loss_bbox=0.0998  loss_depth=2.8872  loss_center=0.0354
[14:02:03] Epoch[0] [108/123]  total=47.8273  loss_ce=0.3381  loss_bbox=0.1161  loss_depth=2.3714  loss_center=0.0463
[14:02:10] Epoch[0] [120/123]  total=40.6551  loss_ce=0.2660  loss_bbox=0.0576  loss_depth=2.3784  loss_center=0.0504
[14:02:12] Epoch [0/99] avg_loss=68.0251  time=78.1s  lr=2.00e-04
[14:03:04] Eval failed: Signature mismatch: 2 argument types given, but function takes 1 arguments
[14:03:04]   Val Car Moderate mAP: 0.0000
[14:03:12]   Best: 0.0000 @ epoch 0
[14:03:20] Epoch[1] [12/123]  total=47.1082  loss_ce=0.3912  loss_bbox=0.1109  loss_depth=2.4893  loss_center=0.0689
[14:03:28] Epoch[1] [24/123]  total=45.6874  loss_ce=0.3495  loss_bbox=0.0516  loss_depth=2.8871  loss_center=0.0340
[14:03:35] Epoch[1] [36/123]  total=46.0378  loss_ce=0.3461  loss_bbox=0.0630  loss_depth=2.9520  loss_center=0.0357
[14:03:43] Epoch[1] [48/123]  total=95.8343  loss_ce=0.6386  loss_bbox=0.1715  loss_depth=5.7422  loss_center=0.1118
[14:03:50] Epoch[1] [60/123]  total=40.8781  loss_ce=0.2692  loss_bbox=0.0627  loss_depth=2.1950  loss_center=0.0377
[14:03:58] Epoch[1] [72/123]  total=56.5009  loss_ce=0.3780  loss_bbox=0.0750  loss_depth=3.2223  loss_center=0.0611
[14:04:05] Epoch[1] [84/123]  total=28.1967  loss_ce=0.2361  loss_bbox=0.0356  loss_depth=1.6068  loss_center=0.0194
[14:04:12] Epoch[1] [96/123]  total=59.3346  loss_ce=0.4104  loss_bbox=0.0881  loss_depth=3.3351  loss_center=0.0479
[14:04:20] Epoch[1] [108/123]  total=48.9540  loss_ce=0.3488  loss_bbox=0.0669  loss_depth=2.7645  loss_center=0.0403
[14:04:27] Epoch[1] [120/123]  total=43.9506  loss_ce=0.3094  loss_bbox=0.0643  loss_depth=2.7387  loss_center=0.0341
[14:04:29] Epoch [1/99] avg_loss=57.2777  time=76.7s  lr=2.00e-04
[14:04:37] Epoch[2] [12/123]  total=88.5651  loss_ce=0.6629  loss_bbox=0.1151  loss_depth=4.7448  loss_center=0.0652
[14:04:44] Epoch[2] [24/123]  total=22.8862  loss_ce=0.2040  loss_bbox=0.0350  loss_depth=1.1927  loss_center=0.0203
[14:04:52] Epoch[2] [36/123]  total=68.3783  loss_ce=0.4765  loss_bbox=0.1405  loss_depth=3.4489  loss_center=0.0585
[14:04:59] Epoch[2] [48/123]  total=64.5674  loss_ce=0.4683  loss_bbox=0.0854  loss_depth=3.7133  loss_center=0.0410
[14:05:06] Epoch[2] [60/123]  total=62.2295  loss_ce=0.4253  loss_bbox=0.0849  loss_depth=3.3594  loss_center=0.0413
[14:05:14] Epoch[2] [72/123]  total=45.0265  loss_ce=0.3353  loss_bbox=0.0488  loss_depth=2.6053  loss_center=0.0229
[14:05:21] Epoch[2] [84/123]  total=78.8413  loss_ce=0.5504  loss_bbox=0.1211  loss_depth=3.9174  loss_center=0.0595
[14:05:29] Epoch[2] [96/123]  total=38.2666  loss_ce=0.3259  loss_bbox=0.0736  loss_depth=1.8548  loss_center=0.0280
[14:05:36] Epoch[2] [108/123]  total=29.9884  loss_ce=0.2331  loss_bbox=0.0388  loss_depth=1.8100  loss_center=0.0205
[14:05:43] Epoch[2] [120/123]  total=66.5294  loss_ce=0.3998  loss_bbox=0.0722  loss_depth=3.8750  loss_center=0.0403
[14:05:45] Epoch [2/99] avg_loss=53.7836  time=76.3s  lr=2.00e-04
[14:05:53] Epoch[3] [12/123]  total=62.2636  loss_ce=0.3992  loss_bbox=0.0794  loss_depth=3.2310  loss_center=0.0643
[14:06:00] Epoch[3] [24/123]  total=26.1223  loss_ce=0.1878  loss_bbox=0.0299  loss_depth=1.4825  loss_center=0.0163
[14:06:08] Epoch[3] [36/123]  total=20.5226  loss_ce=0.1899  loss_bbox=0.0302  loss_depth=0.8808  loss_center=0.0113
[14:06:15] Epoch[3] [48/123]  total=48.2698  loss_ce=0.3099  loss_bbox=0.0556  loss_depth=2.7582  loss_center=0.0278
[14:06:23] Epoch[3] [60/123]  total=49.3855  loss_ce=0.2882  loss_bbox=0.0553  loss_depth=2.9058  loss_center=0.0304
[14:06:30] Epoch[3] [72/123]  total=28.4015  loss_ce=0.2104  loss_bbox=0.0492  loss_depth=1.1495  loss_center=0.0260
[14:06:37] Epoch[3] [84/123]  total=65.3470  loss_ce=0.4407  loss_bbox=0.0949  loss_depth=3.6529  loss_center=0.0473
[14:06:44] Epoch[3] [96/123]  total=44.0280  loss_ce=0.2626  loss_bbox=0.0451  loss_depth=2.2445  loss_center=0.0246
[14:06:52] Epoch[3] [108/123]  total=45.3364  loss_ce=0.3371  loss_bbox=0.0536  loss_depth=2.3598  loss_center=0.0256
[14:06:59] Epoch[3] [120/123]  total=24.9245  loss_ce=0.1534  loss_bbox=0.0306  loss_depth=1.2056  loss_center=0.0129
[14:07:01] Epoch [3/99] avg_loss=47.7405  time=75.6s  lr=2.00e-04
[14:07:09] Epoch[4] [12/123]  total=63.5469  loss_ce=0.3894  loss_bbox=0.0721  loss_depth=3.5252  loss_center=0.0331
[14:07:17] Epoch[4] [24/123]  total=56.4313  loss_ce=0.4040  loss_bbox=0.0800  loss_depth=3.1639  loss_center=0.0391
[14:07:24] Epoch[4] [36/123]  total=35.6915  loss_ce=0.2695  loss_bbox=0.0424  loss_depth=2.0191  loss_center=0.0204
[14:07:31] Epoch[4] [48/123]  total=36.6234  loss_ce=0.3196  loss_bbox=0.0393  loss_depth=1.9545  loss_center=0.0199
[14:07:39] Epoch[4] [60/123]  total=58.6270  loss_ce=0.3887  loss_bbox=0.0674  loss_depth=3.2486  loss_center=0.0329
[14:07:46] Epoch[4] [72/123]  total=52.5773  loss_ce=0.3404  loss_bbox=0.0742  loss_depth=2.9353  loss_center=0.0263
[14:07:54] Epoch[4] [84/123]  total=39.5524  loss_ce=0.3191  loss_bbox=0.0430  loss_depth=2.1146  loss_center=0.0225
[14:08:01] Epoch[4] [96/123]  total=52.5918  loss_ce=0.3922  loss_bbox=0.0741  loss_depth=2.7752  loss_center=0.0323
[14:08:08] Epoch[4] [108/123]  total=50.0714  loss_ce=0.2866  loss_bbox=0.0575  loss_depth=2.8792  loss_center=0.0259
[14:08:16] Epoch[4] [120/123]  total=48.7653  loss_ce=0.3019  loss_bbox=0.0513  loss_depth=2.6778  loss_center=0.0292
[14:08:18] Epoch [4/99] avg_loss=47.8052  time=76.8s  lr=2.00e-04
[14:08:26] Epoch[5] [12/123]  total=32.6913  loss_ce=0.2230  loss_bbox=0.0323  loss_depth=2.0225  loss_center=0.0150
[14:08:33] Epoch[5] [24/123]  total=43.3943  loss_ce=0.3282  loss_bbox=0.0516  loss_depth=2.2770  loss_center=0.0247
[14:08:40] Epoch[5] [36/123]  total=14.6744  loss_ce=0.1303  loss_bbox=0.0160  loss_depth=0.7750  loss_center=0.0089
[14:08:48] Epoch[5] [48/123]  total=62.1140  loss_ce=0.4468  loss_bbox=0.0758  loss_depth=3.3568  loss_center=0.0449
[14:08:55] Epoch[5] [60/123]  total=58.4502  loss_ce=0.3484  loss_bbox=0.0603  loss_depth=3.2087  loss_center=0.0394
[14:09:03] Epoch[5] [72/123]  total=35.9473  loss_ce=0.2441  loss_bbox=0.0370  loss_depth=1.8918  loss_center=0.0200
[14:09:10] Epoch[5] [84/123]  total=33.3875  loss_ce=0.2395  loss_bbox=0.0431  loss_depth=2.1312  loss_center=0.0217
[14:09:17] Epoch[5] [96/123]  total=56.0177  loss_ce=0.3262  loss_bbox=0.0560  loss_depth=3.3158  loss_center=0.0329
[14:09:25] Epoch[5] [108/123]  total=33.3988  loss_ce=0.2285  loss_bbox=0.0309  loss_depth=1.9126  loss_center=0.0194
[14:09:32] Epoch[5] [120/123]  total=62.9366  loss_ce=0.4041  loss_bbox=0.0764  loss_depth=3.6268  loss_center=0.0475
[14:09:34] Epoch [5/99] avg_loss=41.1671  time=76.5s  lr=2.00e-04
[14:10:25] Eval failed: Signature mismatch: 2 argument types given, but function takes 1 arguments
[14:10:25]   Val Car Moderate mAP: 0.0000
[14:10:41]   Best: 0.0000 @ epoch 0
[14:10:49] Epoch[6] [12/123]  total=44.0096  loss_ce=0.2586  loss_bbox=0.0510  loss_depth=3.3903  loss_center=0.0264
[14:10:57] Epoch[6] [24/123]  total=51.2888  loss_ce=0.3649  loss_bbox=0.0723  loss_depth=3.1301  loss_center=0.0314
[14:11:04] Epoch[6] [36/123]  total=44.5988  loss_ce=0.2798  loss_bbox=0.0432  loss_depth=3.4403  loss_center=0.0219
[14:11:11] Epoch[6] [48/123]  total=28.3375  loss_ce=0.1919  loss_bbox=0.0335  loss_depth=1.7113  loss_center=0.0138
[14:11:19] Epoch[6] [60/123]  total=36.4981  loss_ce=0.2448  loss_bbox=0.0335  loss_depth=2.6168  loss_center=0.0188
[14:11:26] Epoch[6] [72/123]  total=29.1718  loss_ce=0.2103  loss_bbox=0.0327  loss_depth=1.5851  loss_center=0.0159
[14:11:33] Epoch[6] [84/123]  total=10.5117  loss_ce=0.1016  loss_bbox=0.0105  loss_depth=0.4657  loss_center=0.0059
[14:11:41] Epoch[6] [96/123]  total=29.0993  loss_ce=0.2434  loss_bbox=0.0386  loss_depth=1.4990  loss_center=0.0174
[14:11:48] Epoch[6] [108/123]  total=36.5200  loss_ce=0.2762  loss_bbox=0.0483  loss_depth=1.9869  loss_center=0.0218
[14:11:55] Epoch[6] [120/123]  total=43.3984  loss_ce=0.3306  loss_bbox=0.0442  loss_depth=2.5004  loss_center=0.0224
[14:11:57] Epoch [6/99] avg_loss=40.4037  time=76.0s  lr=2.00e-04
[14:12:06] Epoch[7] [12/123]  total=35.6694  loss_ce=0.2750  loss_bbox=0.0410  loss_depth=2.2477  loss_center=0.0232
[14:12:13] Epoch[7] [24/123]  total=32.8557  loss_ce=0.2426  loss_bbox=0.0547  loss_depth=1.4848  loss_center=0.0207
[14:12:20] Epoch[7] [36/123]  total=39.6365  loss_ce=0.2681  loss_bbox=0.0411  loss_depth=2.3365  loss_center=0.0270
[14:12:28] Epoch[7] [48/123]  total=43.4572  loss_ce=0.3032  loss_bbox=0.0458  loss_depth=2.3542  loss_center=0.0274
[14:12:35] Epoch[7] [60/123]  total=22.0825  loss_ce=0.1790  loss_bbox=0.0275  loss_depth=1.3620  loss_center=0.0153
[14:12:42] Epoch[7] [72/123]  total=22.6402  loss_ce=0.1516  loss_bbox=0.0336  loss_depth=1.5605  loss_center=0.0123
[14:12:49] Epoch[7] [84/123]  total=13.2510  loss_ce=0.1123  loss_bbox=0.0161  loss_depth=1.0418  loss_center=0.0070
[14:12:57] Epoch[7] [96/123]  total=20.1096  loss_ce=0.1742  loss_bbox=0.0213  loss_depth=1.1156  loss_center=0.0102
[14:13:04] Epoch[7] [108/123]  total=49.8596  loss_ce=0.3391  loss_bbox=0.0602  loss_depth=2.6865  loss_center=0.0295
[14:13:12] Epoch[7] [120/123]  total=49.9330  loss_ce=0.3227  loss_bbox=0.0557  loss_depth=2.8073  loss_center=0.0387
[14:13:13] Epoch [7/99] avg_loss=39.2120  time=76.0s  lr=2.00e-04
[14:13:22] Epoch[8] [12/123]  total=38.9952  loss_ce=0.3031  loss_bbox=0.0453  loss_depth=2.4264  loss_center=0.0215
[14:13:29] Epoch[8] [24/123]  total=44.0720  loss_ce=0.3886  loss_bbox=0.0519  loss_depth=3.0099  loss_center=0.0210
[14:13:36] Epoch[8] [36/123]  total=44.7749  loss_ce=0.3183  loss_bbox=0.0525  loss_depth=2.9091  loss_center=0.0287
[14:13:44] Epoch[8] [48/123]  total=30.9726  loss_ce=0.2577  loss_bbox=0.0402  loss_depth=1.7377  loss_center=0.0148
[14:13:52] Epoch[8] [60/123]  total=35.6565  loss_ce=0.2525  loss_bbox=0.0222  loss_depth=2.1608  loss_center=0.0154
[14:13:59] Epoch[8] [72/123]  total=27.8027  loss_ce=0.1860  loss_bbox=0.0286  loss_depth=1.6968  loss_center=0.0182
[14:14:06] Epoch[8] [84/123]  total=34.3375  loss_ce=0.2935  loss_bbox=0.0384  loss_depth=1.8423  loss_center=0.0184
[14:14:14] Epoch[8] [96/123]  total=72.7077  loss_ce=0.4766  loss_bbox=0.0833  loss_depth=4.5944  loss_center=0.0396
[14:14:21] Epoch[8] [108/123]  total=26.9043  loss_ce=0.1836  loss_bbox=0.0234  loss_depth=1.5687  loss_center=0.0111
[14:14:28] Epoch[8] [120/123]  total=54.1171  loss_ce=0.3260  loss_bbox=0.0548  loss_depth=3.1657  loss_center=0.0284
[14:14:30] Epoch [8/99] avg_loss=38.0552  time=76.6s  lr=2.00e-04
[14:14:38] Epoch[9] [12/123]  total=31.3659  loss_ce=0.2656  loss_bbox=0.0325  loss_depth=1.9168  loss_center=0.0179
[14:14:45] Epoch[9] [24/123]  total=75.5493  loss_ce=0.4570  loss_bbox=0.0789  loss_depth=4.6828  loss_center=0.0515
[14:14:53] Epoch[9] [36/123]  total=38.6653  loss_ce=0.2959  loss_bbox=0.0303  loss_depth=2.5705  loss_center=0.0145
[14:15:00] Epoch[9] [48/123]  total=27.9731  loss_ce=0.2320  loss_bbox=0.0322  loss_depth=1.9266  loss_center=0.0216
[14:15:08] Epoch[9] [60/123]  total=34.9232  loss_ce=0.3371  loss_bbox=0.0349  loss_depth=2.0212  loss_center=0.0180
[14:15:16] Epoch[9] [72/123]  total=34.3214  loss_ce=0.2484  loss_bbox=0.0285  loss_depth=2.1363  loss_center=0.0196
[14:15:23] Epoch[9] [84/123]  total=33.4791  loss_ce=0.2282  loss_bbox=0.0418  loss_depth=2.2593  loss_center=0.0217
[14:15:31] Epoch[9] [96/123]  total=26.3705  loss_ce=0.2047  loss_bbox=0.0388  loss_depth=1.7841  loss_center=0.0179
[14:15:38] Epoch[9] [108/123]  total=41.4811  loss_ce=0.2230  loss_bbox=0.0386  loss_depth=2.2772  loss_center=0.0227
[14:15:46] Epoch[9] [120/123]  total=53.1555  loss_ce=0.3155  loss_bbox=0.0400  loss_depth=3.5023  loss_center=0.0253
[14:15:48] Epoch [9/99] avg_loss=37.4053  time=77.9s  lr=2.00e-04
[14:15:56] Epoch[10] [12/123]  total=42.6231  loss_ce=0.2788  loss_bbox=0.0464  loss_depth=3.2696  loss_center=0.0238
[14:16:03] Epoch[10] [24/123]  total=40.9166  loss_ce=0.3011  loss_bbox=0.0690  loss_depth=2.5614  loss_center=0.0291
[14:16:11] Epoch[10] [36/123]  total=36.2461  loss_ce=0.2893  loss_bbox=0.0445  loss_depth=2.3832  loss_center=0.0207
[14:16:18] Epoch[10] [48/123]  total=28.8142  loss_ce=0.1932  loss_bbox=0.0287  loss_depth=1.7969  loss_center=0.0171
[14:16:25] Epoch[10] [60/123]  total=29.6904  loss_ce=0.2592  loss_bbox=0.0219  loss_depth=1.8171  loss_center=0.0133
[14:16:33] Epoch[10] [72/123]  total=48.3125  loss_ce=0.3091  loss_bbox=0.0644  loss_depth=3.2647  loss_center=0.0328
[14:16:40] Epoch[10] [84/123]  total=61.5401  loss_ce=0.4250  loss_bbox=0.0580  loss_depth=3.6807  loss_center=0.0299
[14:16:47] Epoch[10] [96/123]  total=27.1991  loss_ce=0.2309  loss_bbox=0.0296  loss_depth=1.7060  loss_center=0.0162
[14:16:55] Epoch[10] [108/123]  total=18.4652  loss_ce=0.1742  loss_bbox=0.0151  loss_depth=1.4191  loss_center=0.0092
[14:17:02] Epoch[10] [120/123]  total=28.8622  loss_ce=0.1958  loss_bbox=0.0256  loss_depth=2.3543  loss_center=0.0141
[14:17:04] Epoch [10/99] avg_loss=37.1910  time=75.9s  lr=2.00e-04
[14:17:56] Eval failed: Signature mismatch: 2 argument types given, but function takes 1 arguments
[14:17:56]   Val Car Moderate mAP: 0.0000
[14:18:10]   Best: 0.0000 @ epoch 0
[14:18:18] Epoch[11] [12/123]  total=20.6145  loss_ce=0.1586  loss_bbox=0.0200  loss_depth=1.1813  loss_center=0.0124
[14:18:26] Epoch[11] [24/123]  total=22.2675  loss_ce=0.1962  loss_bbox=0.0222  loss_depth=1.3589  loss_center=0.0122
[14:18:33] Epoch[11] [36/123]  total=21.6349  loss_ce=0.2428  loss_bbox=0.0228  loss_depth=1.4397  loss_center=0.0102
[14:18:41] Epoch[11] [48/123]  total=30.0165  loss_ce=0.2420  loss_bbox=0.0278  loss_depth=1.7188  loss_center=0.0156
[14:18:48] Epoch[11] [60/123]  total=48.6028  loss_ce=0.3023  loss_bbox=0.0598  loss_depth=3.2929  loss_center=0.0269
[14:18:55] Epoch[11] [72/123]  total=32.8791  loss_ce=0.2453  loss_bbox=0.0446  loss_depth=1.5393  loss_center=0.0195
[14:19:03] Epoch[11] [84/123]  total=43.9980  loss_ce=0.3418  loss_bbox=0.0641  loss_depth=2.7679  loss_center=0.0243
[14:19:10] Epoch[11] [96/123]  total=25.3998  loss_ce=0.1933  loss_bbox=0.0302  loss_depth=1.3404  loss_center=0.0156
[14:19:17] Epoch[11] [108/123]  total=35.2420  loss_ce=0.2354  loss_bbox=0.0346  loss_depth=2.5596  loss_center=0.0184
[14:19:25] Epoch[11] [120/123]  total=36.7972  loss_ce=0.2221  loss_bbox=0.0348  loss_depth=2.2020  loss_center=0.0185
[14:19:27] Epoch [11/99] avg_loss=35.7755  time=76.2s  lr=2.00e-04
[14:19:35] Epoch[12] [12/123]  total=36.0343  loss_ce=0.2895  loss_bbox=0.0353  loss_depth=2.1389  loss_center=0.0154
[14:19:42] Epoch[12] [24/123]  total=33.1433  loss_ce=0.3080  loss_bbox=0.0339  loss_depth=1.9457  loss_center=0.0208
[14:19:49] Epoch[12] [36/123]  total=36.5806  loss_ce=0.2933  loss_bbox=0.0475  loss_depth=2.0298  loss_center=0.0206
[14:19:57] Epoch[12] [48/123]  total=31.9713  loss_ce=0.2284  loss_bbox=0.0252  loss_depth=2.2529  loss_center=0.0139
[14:20:04] Epoch[12] [60/123]  total=18.5041  loss_ce=0.1431  loss_bbox=0.0246  loss_depth=1.1973  loss_center=0.0111
[14:20:12] Epoch[12] [72/123]  total=33.9686  loss_ce=0.2843  loss_bbox=0.0378  loss_depth=2.2855  loss_center=0.0191
[14:20:19] Epoch[12] [84/123]  total=28.8155  loss_ce=0.2337  loss_bbox=0.0255  loss_depth=2.0072  loss_center=0.0164
[14:20:26] Epoch[12] [96/123]  total=26.0261  loss_ce=0.2232  loss_bbox=0.0318  loss_depth=1.4539  loss_center=0.0167
[14:20:34] Epoch[12] [108/123]  total=30.2671  loss_ce=0.2223  loss_bbox=0.0327  loss_depth=2.0433  loss_center=0.0193
[14:20:41] Epoch[12] [120/123]  total=36.8333  loss_ce=0.2726  loss_bbox=0.0400  loss_depth=2.6375  loss_center=0.0242
[14:20:43] Epoch [12/99] avg_loss=33.7395  time=76.2s  lr=2.00e-04
[14:20:51] Epoch[13] [12/123]  total=17.6930  loss_ce=0.1293  loss_bbox=0.0185  loss_depth=1.2717  loss_center=0.0089
[14:20:58] Epoch[13] [24/123]  total=26.0519  loss_ce=0.1972  loss_bbox=0.0208  loss_depth=1.5377  loss_center=0.0159
[14:21:06] Epoch[13] [36/123]  total=20.4857  loss_ce=0.1721  loss_bbox=0.0351  loss_depth=1.1033  loss_center=0.0162
[14:21:13] Epoch[13] [48/123]  total=31.0319  loss_ce=0.2241  loss_bbox=0.0386  loss_depth=1.7295  loss_center=0.0158
[14:21:20] Epoch[13] [60/123]  total=21.2202  loss_ce=0.1773  loss_bbox=0.0243  loss_depth=1.5536  loss_center=0.0118
[14:21:27] Epoch[13] [72/123]  total=19.6921  loss_ce=0.1735  loss_bbox=0.0184  loss_depth=1.3625  loss_center=0.0071
[14:21:35] Epoch[13] [84/123]  total=22.0416  loss_ce=0.1705  loss_bbox=0.0277  loss_depth=1.5555  loss_center=0.0145
[14:21:42] Epoch[13] [96/123]  total=58.9653  loss_ce=0.3021  loss_bbox=0.0811  loss_depth=3.1397  loss_center=0.0424
[14:21:49] Epoch[13] [108/123]  total=48.1054  loss_ce=0.3078  loss_bbox=0.0549  loss_depth=2.5359  loss_center=0.0329
[14:21:56] Epoch[13] [120/123]  total=30.7245  loss_ce=0.2426  loss_bbox=0.0301  loss_depth=2.2064  loss_center=0.0155
[14:21:58] Epoch [13/99] avg_loss=34.3015  time=75.5s  lr=2.00e-04
[14:22:07] Epoch[14] [12/123]  total=41.6799  loss_ce=0.3246  loss_bbox=0.0653  loss_depth=2.4675  loss_center=0.0269
[14:22:14] Epoch[14] [24/123]  total=31.3470  loss_ce=0.2716  loss_bbox=0.0280  loss_depth=2.1187  loss_center=0.0158
[14:22:22] Epoch[14] [36/123]  total=21.5443  loss_ce=0.1544  loss_bbox=0.0153  loss_depth=1.5644  loss_center=0.0115
[14:22:29] Epoch[14] [48/123]  total=31.7878  loss_ce=0.2740  loss_bbox=0.0371  loss_depth=2.1135  loss_center=0.0218
[14:22:37] Epoch[14] [60/123]  total=39.3168  loss_ce=0.3303  loss_bbox=0.0443  loss_depth=2.6251  loss_center=0.0238
[14:22:44] Epoch[14] [72/123]  total=28.4481  loss_ce=0.2355  loss_bbox=0.0290  loss_depth=1.9930  loss_center=0.0144
[14:22:52] Epoch[14] [84/123]  total=33.6678  loss_ce=0.2584  loss_bbox=0.0406  loss_depth=2.2027  loss_center=0.0168
[14:22:59] Epoch[14] [96/123]  total=44.3637  loss_ce=0.2951  loss_bbox=0.0411  loss_depth=3.3798  loss_center=0.0200
[14:23:07] Epoch[14] [108/123]  total=35.0938  loss_ce=0.2604  loss_bbox=0.0417  loss_depth=2.5422  loss_center=0.0185
[14:23:14] Epoch[14] [120/123]  total=21.9522  loss_ce=0.1655  loss_bbox=0.0295  loss_depth=1.7240  loss_center=0.0123
[14:23:16] Epoch [14/99] avg_loss=32.8794  time=77.7s  lr=2.00e-04
[14:23:24] Epoch[15] [12/123]  total=22.0979  loss_ce=0.1521  loss_bbox=0.0272  loss_depth=1.2856  loss_center=0.0133
[14:23:32] Epoch[15] [24/123]  total=22.9104  loss_ce=0.1737  loss_bbox=0.0136  loss_depth=1.5870  loss_center=0.0110
[14:23:39] Epoch[15] [36/123]  total=24.9206  loss_ce=0.2167  loss_bbox=0.0381  loss_depth=1.5682  loss_center=0.0149
[14:23:47] Epoch[15] [48/123]  total=31.3115  loss_ce=0.2532  loss_bbox=0.0298  loss_depth=2.3670  loss_center=0.0177
[14:23:54] Epoch[15] [60/123]  total=33.9712  loss_ce=0.2525  loss_bbox=0.0365  loss_depth=2.1731  loss_center=0.0206
[14:24:01] Epoch[15] [72/123]  total=35.2575  loss_ce=0.2085  loss_bbox=0.0404  loss_depth=2.3817  loss_center=0.0212
[14:24:09] Epoch[15] [84/123]  total=18.7241  loss_ce=0.1733  loss_bbox=0.0197  loss_depth=0.9710  loss_center=0.0101
[14:24:16] Epoch[15] [96/123]  total=32.5113  loss_ce=0.2296  loss_bbox=0.0319  loss_depth=2.9223  loss_center=0.0178
[14:24:23] Epoch[15] [108/123]  total=17.4469  loss_ce=0.1334  loss_bbox=0.0128  loss_depth=1.0659  loss_center=0.0087
[14:24:31] Epoch[15] [120/123]  total=42.2000  loss_ce=0.2910  loss_bbox=0.0435  loss_depth=2.4654  loss_center=0.0205
[14:24:33] Epoch [15/99] avg_loss=32.3075  time=76.5s  lr=2.00e-04
[14:25:24] Eval failed: Signature mismatch: 2 argument types given, but function takes 1 arguments
[14:25:24]   Val Car Moderate mAP: 0.0000
[14:25:40]   Best: 0.0000 @ epoch 0
[14:25:48] Epoch[16] [12/123]  total=30.0336  loss_ce=0.2559  loss_bbox=0.0401  loss_depth=2.5582  loss_center=0.0171
[14:25:55] Epoch[16] [24/123]  total=23.2706  loss_ce=0.2412  loss_bbox=0.0213  loss_depth=1.7216  loss_center=0.0127
[14:26:03] Epoch[16] [36/123]  total=16.4118  loss_ce=0.1387  loss_bbox=0.0137  loss_depth=1.0946  loss_center=0.0076
[14:26:10] Epoch[16] [48/123]  total=20.3837  loss_ce=0.2041  loss_bbox=0.0197  loss_depth=1.4103  loss_center=0.0105
[14:26:17] Epoch[16] [60/123]  total=37.3231  loss_ce=0.2896  loss_bbox=0.0353  loss_depth=2.2966  loss_center=0.0182
[14:26:25] Epoch[16] [72/123]  total=30.8422  loss_ce=0.2448  loss_bbox=0.0282  loss_depth=1.5805  loss_center=0.0162
[14:26:32] Epoch[16] [84/123]  total=22.9138  loss_ce=0.1556  loss_bbox=0.0199  loss_depth=1.4015  loss_center=0.0106
[14:26:40] Epoch[16] [96/123]  total=64.1595  loss_ce=0.3858  loss_bbox=0.0908  loss_depth=3.7686  loss_center=0.0431
[14:26:47] Epoch[16] [108/123]  total=18.0325  loss_ce=0.1590  loss_bbox=0.0199  loss_depth=1.3095  loss_center=0.0122
[14:26:54] Epoch[16] [120/123]  total=31.5267  loss_ce=0.2013  loss_bbox=0.0249  loss_depth=2.0841  loss_center=0.0157
[14:26:56] Epoch [16/99] avg_loss=30.7863  time=76.3s  lr=2.00e-04
[14:27:05] Epoch[17] [12/123]  total=36.5389  loss_ce=0.3053  loss_bbox=0.0300  loss_depth=2.4719  loss_center=0.0148
[14:27:12] Epoch[17] [24/123]  total=34.4136  loss_ce=0.2815  loss_bbox=0.0294  loss_depth=2.7215  loss_center=0.0163
[14:27:20] Epoch[17] [36/123]  total=28.2887  loss_ce=0.2324  loss_bbox=0.0246  loss_depth=3.0403  loss_center=0.0150
[14:27:27] Epoch[17] [48/123]  total=53.1565  loss_ce=0.4320  loss_bbox=0.0732  loss_depth=3.3682  loss_center=0.0338
[14:27:35] Epoch[17] [60/123]  total=39.0509  loss_ce=0.3122  loss_bbox=0.0470  loss_depth=2.5318  loss_center=0.0207
[14:27:42] Epoch[17] [72/123]  total=47.6802  loss_ce=0.3102  loss_bbox=0.0550  loss_depth=2.4675  loss_center=0.0296
[14:27:50] Epoch[17] [84/123]  total=39.5173  loss_ce=0.2813  loss_bbox=0.0479  loss_depth=2.7123  loss_center=0.0286
[14:27:57] Epoch[17] [96/123]  total=32.2287  loss_ce=0.2912  loss_bbox=0.0407  loss_depth=2.2538  loss_center=0.0169
[14:28:05] Epoch[17] [108/123]  total=18.3822  loss_ce=0.1470  loss_bbox=0.0241  loss_depth=1.3947  loss_center=0.0106
[14:28:12] Epoch[17] [120/123]  total=42.1194  loss_ce=0.3060  loss_bbox=0.0388  loss_depth=2.6359  loss_center=0.0208
[14:28:14] Epoch [17/99] avg_loss=31.8524  time=77.9s  lr=2.00e-04
[14:28:22] Epoch[18] [12/123]  total=20.9708  loss_ce=0.2198  loss_bbox=0.0196  loss_depth=1.4951  loss_center=0.0100
[14:28:29] Epoch[18] [24/123]  total=26.1955  loss_ce=0.2245  loss_bbox=0.0206  loss_depth=1.9372  loss_center=0.0154
[14:28:37] Epoch[18] [36/123]  total=40.0438  loss_ce=0.3347  loss_bbox=0.0383  loss_depth=2.9612  loss_center=0.0247
[14:28:44] Epoch[18] [48/123]  total=39.8729  loss_ce=0.3044  loss_bbox=0.0406  loss_depth=2.4366  loss_center=0.0235
[14:28:52] Epoch[18] [60/123]  total=33.8125  loss_ce=0.2975  loss_bbox=0.0466  loss_depth=2.4981  loss_center=0.0216
[14:28:59] Epoch[18] [72/123]  total=30.4408  loss_ce=0.2086  loss_bbox=0.0244  loss_depth=2.0572  loss_center=0.0128
[14:29:06] Epoch[18] [84/123]  total=48.3637  loss_ce=0.3464  loss_bbox=0.0497  loss_depth=3.2864  loss_center=0.0239
[14:29:13] Epoch[18] [96/123]  total=23.1438  loss_ce=0.1862  loss_bbox=0.0172  loss_depth=1.3235  loss_center=0.0120
[14:29:21] Epoch[18] [108/123]  total=23.1042  loss_ce=0.2180  loss_bbox=0.0264  loss_depth=1.3835  loss_center=0.0164
[14:29:28] Epoch[18] [120/123]  total=20.5335  loss_ce=0.2017  loss_bbox=0.0262  loss_depth=1.1139  loss_center=0.0105
[14:29:30] Epoch [18/99] avg_loss=32.4789  time=75.8s  lr=2.00e-04
[14:29:38] Epoch[19] [12/123]  total=23.7191  loss_ce=0.2282  loss_bbox=0.0243  loss_depth=1.3929  loss_center=0.0138
[14:29:45] Epoch[19] [24/123]  total=29.2196  loss_ce=0.2038  loss_bbox=0.0273  loss_depth=2.6654  loss_center=0.0195
[14:29:53] Epoch[19] [36/123]  total=34.4543  loss_ce=0.2758  loss_bbox=0.0430  loss_depth=2.5021  loss_center=0.0212
[14:30:00] Epoch[19] [48/123]  total=43.1815  loss_ce=0.3089  loss_bbox=0.0525  loss_depth=2.5654  loss_center=0.0269
[14:30:08] Epoch[19] [60/123]  total=38.1580  loss_ce=0.2912  loss_bbox=0.0375  loss_depth=2.8578  loss_center=0.0227
[14:30:15] Epoch[19] [72/123]  total=25.5236  loss_ce=0.1997  loss_bbox=0.0312  loss_depth=2.0864  loss_center=0.0137
[14:30:22] Epoch[19] [84/123]  total=35.5472  loss_ce=0.2645  loss_bbox=0.0467  loss_depth=1.9821  loss_center=0.0260
[14:30:30] Epoch[19] [96/123]  total=52.4562  loss_ce=0.3787  loss_bbox=0.0631  loss_depth=3.5696  loss_center=0.0352
[14:30:37] Epoch[19] [108/123]  total=34.6068  loss_ce=0.2759  loss_bbox=0.0345  loss_depth=2.2033  loss_center=0.0184
[14:30:45] Epoch[19] [120/123]  total=47.7278  loss_ce=0.3497  loss_bbox=0.0483  loss_depth=3.2643  loss_center=0.0237
[14:30:47] Epoch [19/99] avg_loss=31.3954  time=76.8s  lr=2.00e-04
[14:30:55] Epoch[20] [12/123]  total=27.6291  loss_ce=0.2007  loss_bbox=0.0276  loss_depth=2.3040  loss_center=0.0153
[14:31:02] Epoch[20] [24/123]  total=25.8422  loss_ce=0.2230  loss_bbox=0.0276  loss_depth=1.7368  loss_center=0.0176
[14:31:10] Epoch[20] [36/123]  total=13.8785  loss_ce=0.1242  loss_bbox=0.0151  loss_depth=1.0332  loss_center=0.0063
[14:31:17] Epoch[20] [48/123]  total=29.2538  loss_ce=0.2048  loss_bbox=0.0333  loss_depth=2.2975  loss_center=0.0185
[14:31:25] Epoch[20] [60/123]  total=25.7573  loss_ce=0.2237  loss_bbox=0.0285  loss_depth=2.3423  loss_center=0.0131
[14:31:32] Epoch[20] [72/123]  total=28.2699  loss_ce=0.2567  loss_bbox=0.0322  loss_depth=1.9530  loss_center=0.0121
[14:31:39] Epoch[20] [84/123]  total=21.5213  loss_ce=0.1998  loss_bbox=0.0190  loss_depth=1.4232  loss_center=0.0100
[14:31:46] Epoch[20] [96/123]  total=40.9937  loss_ce=0.3270  loss_bbox=0.0553  loss_depth=2.3554  loss_center=0.0210
[14:31:54] Epoch[20] [108/123]  total=13.5837  loss_ce=0.1393  loss_bbox=0.0124  loss_depth=1.1755  loss_center=0.0078
[14:32:01] Epoch[20] [120/123]  total=21.0486  loss_ce=0.1554  loss_bbox=0.0207  loss_depth=1.6536  loss_center=0.0089
[14:32:03] Epoch [20/99] avg_loss=29.9277  time=76.3s  lr=2.00e-04
[14:32:55] Eval failed: Signature mismatch: 2 argument types given, but function takes 1 arguments
[14:32:55]   Val Car Moderate mAP: 0.0000
[14:33:11]   Best: 0.0000 @ epoch 0
[14:33:19] Epoch[21] [12/123]  total=31.4454  loss_ce=0.2045  loss_bbox=0.0339  loss_depth=2.0813  loss_center=0.0166
[14:33:27] Epoch[21] [24/123]  total=34.8297  loss_ce=0.2395  loss_bbox=0.0289  loss_depth=3.1844  loss_center=0.0176
[14:33:35] Epoch[21] [36/123]  total=26.3070  loss_ce=0.2511  loss_bbox=0.0340  loss_depth=1.8213  loss_center=0.0171
[14:33:42] Epoch[21] [48/123]  total=15.8304  loss_ce=0.1285  loss_bbox=0.0127  loss_depth=1.3780  loss_center=0.0063
[14:33:50] Epoch[21] [60/123]  total=35.4532  loss_ce=0.2884  loss_bbox=0.0550  loss_depth=2.5555  loss_center=0.0242
[14:33:57] Epoch[21] [72/123]  total=37.5264  loss_ce=0.3519  loss_bbox=0.0515  loss_depth=2.8961  loss_center=0.0226
[14:34:05] Epoch[21] [84/123]  total=26.3780  loss_ce=0.1923  loss_bbox=0.0278  loss_depth=2.5635  loss_center=0.0171
[14:34:12] Epoch[21] [96/123]  total=35.8486  loss_ce=0.2990  loss_bbox=0.0424  loss_depth=2.6619  loss_center=0.0196
[14:34:20] Epoch[21] [108/123]  total=34.0611  loss_ce=0.2770  loss_bbox=0.0323  loss_depth=2.3945  loss_center=0.0233
[14:34:27] Epoch[21] [120/123]  total=25.4891  loss_ce=0.2032  loss_bbox=0.0245  loss_depth=1.7004  loss_center=0.0120
[14:34:29] Epoch [21/99] avg_loss=31.1221  time=77.5s  lr=2.00e-04
[14:34:37] Epoch[22] [12/123]  total=47.3838  loss_ce=0.3935  loss_bbox=0.0528  loss_depth=3.1510  loss_center=0.0313
[14:34:44] Epoch[22] [24/123]  total=20.4541  loss_ce=0.1702  loss_bbox=0.0222  loss_depth=1.3851  loss_center=0.0105
[14:34:52] Epoch[22] [36/123]  total=17.1411  loss_ce=0.1873  loss_bbox=0.0134  loss_depth=1.0141  loss_center=0.0059
[14:34:59] Epoch[22] [48/123]  total=21.1169  loss_ce=0.2383  loss_bbox=0.0216  loss_depth=1.3792  loss_center=0.0105
[14:35:06] Epoch[22] [60/123]  total=30.0080  loss_ce=0.2621  loss_bbox=0.0422  loss_depth=2.0089  loss_center=0.0200
[14:35:13] Epoch[22] [72/123]  total=28.1720  loss_ce=0.2511  loss_bbox=0.0342  loss_depth=2.4328  loss_center=0.0156
[14:35:21] Epoch[22] [84/123]  total=42.2088  loss_ce=0.3201  loss_bbox=0.0477  loss_depth=2.6588  loss_center=0.0220
[14:35:28] Epoch[22] [96/123]  total=14.5198  loss_ce=0.1623  loss_bbox=0.0200  loss_depth=0.8938  loss_center=0.0083
[14:35:36] Epoch[22] [108/123]  total=17.6370  loss_ce=0.1757  loss_bbox=0.0160  loss_depth=1.2961  loss_center=0.0095
[14:35:43] Epoch[22] [120/123]  total=23.5277  loss_ce=0.1873  loss_bbox=0.0266  loss_depth=1.6447  loss_center=0.0161
[14:35:45] Epoch [22/99] avg_loss=30.3457  time=76.1s  lr=2.00e-04
[14:35:53] Epoch[23] [12/123]  total=25.7320  loss_ce=0.2265  loss_bbox=0.0332  loss_depth=2.0925  loss_center=0.0162
[14:36:00] Epoch[23] [24/123]  total=36.4649  loss_ce=0.3853  loss_bbox=0.0372  loss_depth=2.8322  loss_center=0.0183
[14:36:07] Epoch[23] [36/123]  total=19.6459  loss_ce=0.1896  loss_bbox=0.0232  loss_depth=1.3529  loss_center=0.0137
[14:36:15] Epoch[23] [48/123]  total=17.6361  loss_ce=0.1611  loss_bbox=0.0183  loss_depth=1.3177  loss_center=0.0084
[14:36:22] Epoch[23] [60/123]  total=37.5184  loss_ce=0.3108  loss_bbox=0.0382  loss_depth=2.1961  loss_center=0.0211
[14:36:29] Epoch[23] [72/123]  total=19.4936  loss_ce=0.2102  loss_bbox=0.0116  loss_depth=1.6745  loss_center=0.0067
[14:36:37] Epoch[23] [84/123]  total=40.8405  loss_ce=0.3470  loss_bbox=0.0517  loss_depth=2.5726  loss_center=0.0249
[14:36:44] Epoch[23] [96/123]  total=44.5687  loss_ce=0.3261  loss_bbox=0.0426  loss_depth=2.5354  loss_center=0.0230
[14:36:51] Epoch[23] [108/123]  total=22.8160  loss_ce=0.1824  loss_bbox=0.0244  loss_depth=1.3747  loss_center=0.0111
[14:36:59] Epoch[23] [120/123]  total=24.7436  loss_ce=0.2160  loss_bbox=0.0230  loss_depth=1.7305  loss_center=0.0122
[14:37:01] Epoch [23/99] avg_loss=29.0228  time=75.8s  lr=2.00e-04
[14:37:09] Epoch[24] [12/123]  total=37.8442  loss_ce=0.2853  loss_bbox=0.0356  loss_depth=2.6036  loss_center=0.0192
[14:37:16] Epoch[24] [24/123]  total=24.1843  loss_ce=0.2012  loss_bbox=0.0284  loss_depth=1.5692  loss_center=0.0126
[14:37:24] Epoch[24] [36/123]  total=26.5601  loss_ce=0.2398  loss_bbox=0.0325  loss_depth=1.8176  loss_center=0.0145
[14:37:31] Epoch[24] [48/123]  total=20.8525  loss_ce=0.1472  loss_bbox=0.0211  loss_depth=1.8938  loss_center=0.0101
[14:37:38] Epoch[24] [60/123]  total=32.5520  loss_ce=0.2720  loss_bbox=0.0265  loss_depth=2.6589  loss_center=0.0151
[14:37:45] Epoch[24] [72/123]  total=41.1798  loss_ce=0.3457  loss_bbox=0.0360  loss_depth=2.6948  loss_center=0.0199
[14:37:53] Epoch[24] [84/123]  total=10.6888  loss_ce=0.1202  loss_bbox=0.0086  loss_depth=0.7479  loss_center=0.0048
[14:38:00] Epoch[24] [96/123]  total=23.0972  loss_ce=0.2469  loss_bbox=0.0416  loss_depth=1.4161  loss_center=0.0168
[14:38:08] Epoch[24] [108/123]  total=23.7155  loss_ce=0.2307  loss_bbox=0.0310  loss_depth=1.5807  loss_center=0.0138
[14:38:15] Epoch[24] [120/123]  total=27.4565  loss_ce=0.2022  loss_bbox=0.0196  loss_depth=2.2075  loss_center=0.0117
[14:38:17] Epoch [24/99] avg_loss=29.5077  time=76.2s  lr=2.00e-04
[14:38:25] Epoch[25] [12/123]  total=25.7608  loss_ce=0.2209  loss_bbox=0.0314  loss_depth=2.0381  loss_center=0.0142
[14:38:32] Epoch[25] [24/123]  total=28.3320  loss_ce=0.2547  loss_bbox=0.0308  loss_depth=2.0438  loss_center=0.0153
[14:38:40] Epoch[25] [36/123]  total=28.3973  loss_ce=0.2137  loss_bbox=0.0356  loss_depth=1.7565  loss_center=0.0167
[14:38:47] Epoch[25] [48/123]  total=13.9729  loss_ce=0.1552  loss_bbox=0.0169  loss_depth=0.8286  loss_center=0.0071
[14:38:54] Epoch[25] [60/123]  total=34.7569  loss_ce=0.2909  loss_bbox=0.0388  loss_depth=2.0422  loss_center=0.0224
[14:39:02] Epoch[25] [72/123]  total=21.9004  loss_ce=0.1640  loss_bbox=0.0241  loss_depth=1.8360  loss_center=0.0127
[14:39:09] Epoch[25] [84/123]  total=17.5554  loss_ce=0.2029  loss_bbox=0.0278  loss_depth=1.0257  loss_center=0.0140
[14:39:17] Epoch[25] [96/123]  total=23.3223  loss_ce=0.2051  loss_bbox=0.0176  loss_depth=1.6010  loss_center=0.0107
[14:39:24] Epoch[25] [108/123]  total=25.9755  loss_ce=0.2099  loss_bbox=0.0283  loss_depth=1.4437  loss_center=0.0173
[14:39:31] Epoch[25] [120/123]  total=30.4998  loss_ce=0.2610  loss_bbox=0.0309  loss_depth=2.2383  loss_center=0.0153
[14:39:33] Epoch [25/99] avg_loss=28.1802  time=76.2s  lr=2.00e-04
[14:40:25] Eval failed: Signature mismatch: 2 argument types given, but function takes 1 arguments
[14:40:25]   Val Car Moderate mAP: 0.0000
[14:40:41]   Best: 0.0000 @ epoch 0
[14:40:49] Epoch[26] [12/123]  total=27.9629  loss_ce=0.2106  loss_bbox=0.0328  loss_depth=2.1497  loss_center=0.0152
[14:40:56] Epoch[26] [24/123]  total=22.5157  loss_ce=0.2200  loss_bbox=0.0223  loss_depth=1.3369  loss_center=0.0118
[14:41:04] Epoch[26] [36/123]  total=30.3148  loss_ce=0.2834  loss_bbox=0.0353  loss_depth=2.0473  loss_center=0.0192
[14:41:11] Epoch[26] [48/123]  total=28.3590  loss_ce=0.2300  loss_bbox=0.0319  loss_depth=2.4126  loss_center=0.0152
[14:41:18] Epoch[26] [60/123]  total=23.3424  loss_ce=0.1951  loss_bbox=0.0252  loss_depth=1.8851  loss_center=0.0138
[14:41:26] Epoch[26] [72/123]  total=16.6433  loss_ce=0.1301  loss_bbox=0.0207  loss_depth=1.0501  loss_center=0.0079
[14:41:33] Epoch[26] [84/123]  total=35.9400  loss_ce=0.2914  loss_bbox=0.0529  loss_depth=2.3992  loss_center=0.0238
[14:41:40] Epoch[26] [96/123]  total=26.9116  loss_ce=0.2218  loss_bbox=0.0247  loss_depth=1.8876  loss_center=0.0146
[14:41:48] Epoch[26] [108/123]  total=19.7077  loss_ce=0.1594  loss_bbox=0.0276  loss_depth=1.6136  loss_center=0.0106
[14:41:55] Epoch[26] [120/123]  total=38.6841  loss_ce=0.2772  loss_bbox=0.0446  loss_depth=3.4368  loss_center=0.0208
[14:41:57] Epoch [26/99] avg_loss=26.7223  time=76.3s  lr=2.00e-04
[14:42:05] Epoch[27] [12/123]  total=21.5221  loss_ce=0.2175  loss_bbox=0.0248  loss_depth=1.5920  loss_center=0.0134
[14:42:12] Epoch[27] [24/123]  total=6.7404  loss_ce=0.0794  loss_bbox=0.0079  loss_depth=0.5120  loss_center=0.0038
[14:42:20] Epoch[27] [36/123]  total=39.2595  loss_ce=0.2908  loss_bbox=0.0757  loss_depth=1.8557  loss_center=0.0425
[14:42:27] Epoch[27] [48/123]  total=41.6063  loss_ce=0.2988  loss_bbox=0.0502  loss_depth=3.3295  loss_center=0.0243
[14:42:34] Epoch[27] [60/123]  total=28.3082  loss_ce=0.2714  loss_bbox=0.0363  loss_depth=1.9710  loss_center=0.0200
[14:42:42] Epoch[27] [72/123]  total=29.7237  loss_ce=0.2781  loss_bbox=0.0279  loss_depth=1.9076  loss_center=0.0155
[14:42:49] Epoch[27] [84/123]  total=12.7536  loss_ce=0.1495  loss_bbox=0.0190  loss_depth=0.9676  loss_center=0.0095
[14:42:56] Epoch[27] [96/123]  total=16.9901  loss_ce=0.1684  loss_bbox=0.0191  loss_depth=1.3116  loss_center=0.0087
[14:43:04] Epoch[27] [108/123]  total=19.2064  loss_ce=0.1572  loss_bbox=0.0268  loss_depth=1.2140  loss_center=0.0128
[14:43:11] Epoch[27] [120/123]  total=36.4958  loss_ce=0.2675  loss_bbox=0.0409  loss_depth=1.7523  loss_center=0.0221
[14:43:13] Epoch [27/99] avg_loss=27.7046  time=75.9s  lr=2.00e-04
[14:43:21] Epoch[28] [12/123]  total=24.2907  loss_ce=0.2420  loss_bbox=0.0292  loss_depth=1.7129  loss_center=0.0152
[14:43:29] Epoch[28] [24/123]  total=42.0978  loss_ce=0.2914  loss_bbox=0.0513  loss_depth=2.4474  loss_center=0.0190
[14:43:36] Epoch[28] [36/123]  total=31.3201  loss_ce=0.2891  loss_bbox=0.0411  loss_depth=2.1788  loss_center=0.0174
[14:43:43] Epoch[28] [48/123]  total=17.4193  loss_ce=0.1290  loss_bbox=0.0174  loss_depth=1.2975  loss_center=0.0098
[14:43:51] Epoch[28] [60/123]  total=38.9022  loss_ce=0.3276  loss_bbox=0.0519  loss_depth=2.9054  loss_center=0.0226
[14:43:58] Epoch[28] [72/123]  total=24.2327  loss_ce=0.2271  loss_bbox=0.0355  loss_depth=1.4262  loss_center=0.0178
[14:44:05] Epoch[28] [84/123]  total=8.0766  loss_ce=0.0725  loss_bbox=0.0086  loss_depth=0.6593  loss_center=0.0050
[14:44:13] Epoch[28] [96/123]  total=32.4698  loss_ce=0.2738  loss_bbox=0.0228  loss_depth=2.5791  loss_center=0.0156
[14:44:20] Epoch[28] [108/123]  total=32.2396  loss_ce=0.2385  loss_bbox=0.0329  loss_depth=2.0681  loss_center=0.0129
[14:44:27] Epoch[28] [120/123]  total=36.8119  loss_ce=0.2663  loss_bbox=0.0477  loss_depth=2.1963  loss_center=0.0240
[14:44:29] Epoch [28/99] avg_loss=26.5403  time=76.3s  lr=2.00e-04
[14:44:38] Epoch[29] [12/123]  total=45.0688  loss_ce=0.2955  loss_bbox=0.0637  loss_depth=2.7757  loss_center=0.0339
[14:44:45] Epoch[29] [24/123]  total=34.5735  loss_ce=0.2925  loss_bbox=0.0389  loss_depth=2.5310  loss_center=0.0211
[14:44:53] Epoch[29] [36/123]  total=22.1813  loss_ce=0.1712  loss_bbox=0.0211  loss_depth=1.5732  loss_center=0.0147
[14:45:01] Epoch[29] [48/123]  total=19.0138  loss_ce=0.1825  loss_bbox=0.0195  loss_depth=1.2290  loss_center=0.0095
[14:45:08] Epoch[29] [60/123]  total=35.9088  loss_ce=0.2962  loss_bbox=0.0374  loss_depth=2.8229  loss_center=0.0174
[14:45:16] Epoch[29] [72/123]  total=22.2442  loss_ce=0.2289  loss_bbox=0.0196  loss_depth=1.6477  loss_center=0.0125
[14:45:23] Epoch[29] [84/123]  total=17.4942  loss_ce=0.1699  loss_bbox=0.0168  loss_depth=1.3539  loss_center=0.0087
[14:45:31] Epoch[29] [96/123]  total=48.1222  loss_ce=0.3235  loss_bbox=0.0577  loss_depth=4.1198  loss_center=0.0342
[14:45:38] Epoch[29] [108/123]  total=23.8327  loss_ce=0.2048  loss_bbox=0.0199  loss_depth=2.1274  loss_center=0.0113
[14:45:45] Epoch[29] [120/123]  total=23.6786  loss_ce=0.2169  loss_bbox=0.0188  loss_depth=1.6409  loss_center=0.0102
[14:45:47] Epoch [29/99] avg_loss=29.9877  time=77.9s  lr=2.00e-04
[14:45:55] Epoch[30] [12/123]  total=12.2237  loss_ce=0.1159  loss_bbox=0.0117  loss_depth=0.8523  loss_center=0.0054
[14:46:03] Epoch[30] [24/123]  total=29.2408  loss_ce=0.2019  loss_bbox=0.0322  loss_depth=2.3008  loss_center=0.0167
[14:46:10] Epoch[30] [36/123]  total=32.8037  loss_ce=0.2669  loss_bbox=0.0442  loss_depth=2.0430  loss_center=0.0177
[14:46:17] Epoch[30] [48/123]  total=20.8374  loss_ce=0.1621  loss_bbox=0.0178  loss_depth=1.7307  loss_center=0.0110
[14:46:25] Epoch[30] [60/123]  total=36.1622  loss_ce=0.2953  loss_bbox=0.0416  loss_depth=2.6783  loss_center=0.0195
[14:46:32] Epoch[30] [72/123]  total=31.8272  loss_ce=0.2064  loss_bbox=0.0366  loss_depth=2.1415  loss_center=0.0204
[14:46:39] Epoch[30] [84/123]  total=31.7464  loss_ce=0.2552  loss_bbox=0.0467  loss_depth=2.3116  loss_center=0.0180
[14:46:47] Epoch[30] [96/123]  total=24.7048  loss_ce=0.2429  loss_bbox=0.0185  loss_depth=2.0214  loss_center=0.0117
[14:46:54] Epoch[30] [108/123]  total=41.7188  loss_ce=0.3295  loss_bbox=0.0407  loss_depth=3.3147  loss_center=0.0221
[14:47:02] Epoch[30] [120/123]  total=25.9961  loss_ce=0.2314  loss_bbox=0.0343  loss_depth=1.5818  loss_center=0.0163
[14:47:04] Epoch [30/99] avg_loss=26.7672  time=76.5s  lr=2.00e-04
[14:47:55] Eval failed: Signature mismatch: 2 argument types given, but function takes 1 arguments
[14:47:55]   Val Car Moderate mAP: 0.0000
[14:48:09]   Best: 0.0000 @ epoch 0
[14:48:17] Epoch[31] [12/123]  total=23.8918  loss_ce=0.2595  loss_bbox=0.0312  loss_depth=1.7078  loss_center=0.0159
[14:48:24] Epoch[31] [24/123]  total=32.7913  loss_ce=0.2848  loss_bbox=0.0394  loss_depth=2.3678  loss_center=0.0168
[14:48:32] Epoch[31] [36/123]  total=36.1092  loss_ce=0.2663  loss_bbox=0.0370  loss_depth=2.7962  loss_center=0.0194
[14:48:39] Epoch[31] [48/123]  total=32.2320  loss_ce=0.2680  loss_bbox=0.0277  loss_depth=2.2104  loss_center=0.0162
[14:48:47] Epoch[31] [60/123]  total=20.0863  loss_ce=0.1690  loss_bbox=0.0211  loss_depth=1.7203  loss_center=0.0108
[14:48:54] Epoch[31] [72/123]  total=41.1231  loss_ce=0.3537  loss_bbox=0.0330  loss_depth=2.4199  loss_center=0.0172
[14:49:01] Epoch[31] [84/123]  total=39.4296  loss_ce=0.3325  loss_bbox=0.0546  loss_depth=3.3247  loss_center=0.0249
[14:49:09] Epoch[31] [96/123]  total=25.5752  loss_ce=0.1897  loss_bbox=0.0219  loss_depth=1.4184  loss_center=0.0125
[14:49:16] Epoch[31] [108/123]  total=21.2827  loss_ce=0.1775  loss_bbox=0.0188  loss_depth=1.6208  loss_center=0.0113
[14:49:24] Epoch[31] [120/123]  total=14.0545  loss_ce=0.1490  loss_bbox=0.0146  loss_depth=1.0618  loss_center=0.0081
[14:49:26] Epoch [31/99] avg_loss=24.7936  time=76.3s  lr=2.00e-04
[14:49:34] Epoch[32] [12/123]  total=16.8674  loss_ce=0.1756  loss_bbox=0.0176  loss_depth=1.1299  loss_center=0.0080
[14:49:41] Epoch[32] [24/123]  total=37.4245  loss_ce=0.2971  loss_bbox=0.0703  loss_depth=2.1038  loss_center=0.0302
[14:49:48] Epoch[32] [36/123]  total=21.2185  loss_ce=0.2084  loss_bbox=0.0216  loss_depth=1.5307  loss_center=0.0091
[14:49:56] Epoch[32] [48/123]  total=34.5084  loss_ce=0.2790  loss_bbox=0.0377  loss_depth=2.4163  loss_center=0.0206
[14:50:03] Epoch[32] [60/123]  total=13.4203  loss_ce=0.1333  loss_bbox=0.0088  loss_depth=1.0442  loss_center=0.0042
[14:50:10] Epoch[32] [72/123]  total=29.1110  loss_ce=0.2634  loss_bbox=0.0227  loss_depth=2.2489  loss_center=0.0155
[14:50:18] Epoch[32] [84/123]  total=43.6205  loss_ce=0.3609  loss_bbox=0.0377  loss_depth=2.9512  loss_center=0.0266
[14:50:25] Epoch[32] [96/123]  total=24.5408  loss_ce=0.2013  loss_bbox=0.0184  loss_depth=1.9040  loss_center=0.0104
[14:50:32] Epoch[32] [108/123]  total=14.0949  loss_ce=0.1431  loss_bbox=0.0090  loss_depth=1.1872  loss_center=0.0053
[14:50:40] Epoch[32] [120/123]  total=31.0369  loss_ce=0.2595  loss_bbox=0.0268  loss_depth=2.3401  loss_center=0.0178
[14:50:41] Epoch [32/99] avg_loss=25.9445  time=75.9s  lr=2.00e-04
[14:50:50] Epoch[33] [12/123]  total=23.1960  loss_ce=0.1871  loss_bbox=0.0323  loss_depth=1.6590  loss_center=0.0160
[14:50:57] Epoch[33] [24/123]  total=18.9320  loss_ce=0.1716  loss_bbox=0.0160  loss_depth=1.4234  loss_center=0.0080
[14:51:04] Epoch[33] [36/123]  total=24.9862  loss_ce=0.2501  loss_bbox=0.0291  loss_depth=1.7973  loss_center=0.0154
[14:51:12] Epoch[33] [48/123]  total=19.5094  loss_ce=0.1718  loss_bbox=0.0233  loss_depth=1.2789  loss_center=0.0101
[14:51:19] Epoch[33] [60/123]  total=24.7523  loss_ce=0.1957  loss_bbox=0.0202  loss_depth=2.5611  loss_center=0.0102
[14:51:26] Epoch[33] [72/123]  total=19.1927  loss_ce=0.1814  loss_bbox=0.0182  loss_depth=1.5484  loss_center=0.0112
[14:51:33] Epoch[33] [84/123]  total=22.5416  loss_ce=0.1898  loss_bbox=0.0251  loss_depth=1.8779  loss_center=0.0132
[14:51:41] Epoch[33] [96/123]  total=43.8600  loss_ce=0.3465  loss_bbox=0.0354  loss_depth=3.3972  loss_center=0.0242
[14:51:48] Epoch[33] [108/123]  total=31.7430  loss_ce=0.2451  loss_bbox=0.0345  loss_depth=2.4525  loss_center=0.0184
[14:51:55] Epoch[33] [120/123]  total=20.5046  loss_ce=0.1622  loss_bbox=0.0220  loss_depth=1.6488  loss_center=0.0105
[14:51:57] Epoch [33/99] avg_loss=27.0092  time=75.6s  lr=2.00e-04
[14:52:05] Epoch[34] [12/123]  total=15.8567  loss_ce=0.1704  loss_bbox=0.0148  loss_depth=1.1573  loss_center=0.0080
[14:52:12] Epoch[34] [24/123]  total=15.1026  loss_ce=0.1741  loss_bbox=0.0169  loss_depth=0.9958  loss_center=0.0075
[14:52:20] Epoch[34] [36/123]  total=27.8992  loss_ce=0.3230  loss_bbox=0.0374  loss_depth=1.7766  loss_center=0.0149
[14:52:27] Epoch[34] [48/123]  total=26.5266  loss_ce=0.2328  loss_bbox=0.0233  loss_depth=2.0668  loss_center=0.0136
[14:52:35] Epoch[34] [60/123]  total=35.4376  loss_ce=0.2767  loss_bbox=0.0359  loss_depth=2.2515  loss_center=0.0240
[14:52:42] Epoch[34] [72/123]  total=21.9859  loss_ce=0.2049  loss_bbox=0.0257  loss_depth=1.6323  loss_center=0.0143
[14:52:49] Epoch[34] [84/123]  total=29.5040  loss_ce=0.2285  loss_bbox=0.0298  loss_depth=2.3192  loss_center=0.0157
[14:52:56] Epoch[34] [96/123]  total=44.6421  loss_ce=0.2800  loss_bbox=0.0579  loss_depth=3.0772  loss_center=0.0249
[14:53:04] Epoch[34] [108/123]  total=32.7718  loss_ce=0.2586  loss_bbox=0.0455  loss_depth=2.5242  loss_center=0.0221
[14:53:11] Epoch[34] [120/123]  total=22.9901  loss_ce=0.1864  loss_bbox=0.0266  loss_depth=1.4841  loss_center=0.0169
[14:53:13] Epoch [34/99] avg_loss=25.5674  time=76.1s  lr=2.00e-04
[14:53:21] Epoch[35] [12/123]  total=33.3424  loss_ce=0.2794  loss_bbox=0.0345  loss_depth=2.6975  loss_center=0.0177
[14:53:28] Epoch[35] [24/123]  total=25.9239  loss_ce=0.2293  loss_bbox=0.0261  loss_depth=2.0783  loss_center=0.0151
[14:53:35] Epoch[35] [36/123]  total=50.8593  loss_ce=0.3556  loss_bbox=0.0551  loss_depth=2.8741  loss_center=0.0301
[14:53:43] Epoch[35] [48/123]  total=23.6002  loss_ce=0.2352  loss_bbox=0.0225  loss_depth=1.4223  loss_center=0.0106
[14:53:50] Epoch[35] [60/123]  total=29.5801  loss_ce=0.2614  loss_bbox=0.0282  loss_depth=2.0086  loss_center=0.0166
[14:53:57] Epoch[35] [72/123]  total=29.9453  loss_ce=0.2451  loss_bbox=0.0308  loss_depth=2.4097  loss_center=0.0159
[14:54:05] Epoch[35] [84/123]  total=32.3763  loss_ce=0.2917  loss_bbox=0.0306  loss_depth=2.2638  loss_center=0.0177
[14:54:12] Epoch[35] [96/123]  total=13.0063  loss_ce=0.1378  loss_bbox=0.0091  loss_depth=0.9252  loss_center=0.0040
[14:54:19] Epoch[35] [108/123]  total=40.8186  loss_ce=0.3127  loss_bbox=0.0396  loss_depth=2.9148  loss_center=0.0208
[14:54:27] Epoch[35] [120/123]  total=19.5969  loss_ce=0.1677  loss_bbox=0.0271  loss_depth=1.6441  loss_center=0.0108
[14:54:28] Epoch [35/99] avg_loss=25.4050  time=75.4s  lr=2.00e-04
[14:55:20] Eval failed: Signature mismatch: 2 argument types given, but function takes 1 arguments
[14:55:20]   Val Car Moderate mAP: 0.0000
[14:55:36]   Best: 0.0000 @ epoch 0
[14:55:44] Epoch[36] [12/123]  total=26.5640  loss_ce=0.1810  loss_bbox=0.0266  loss_depth=2.0983  loss_center=0.0158
[14:55:51] Epoch[36] [24/123]  total=30.3718  loss_ce=0.2926  loss_bbox=0.0360  loss_depth=2.0381  loss_center=0.0203
[14:55:59] Epoch[36] [36/123]  total=23.3965  loss_ce=0.2293  loss_bbox=0.0289  loss_depth=1.6224  loss_center=0.0150
[14:56:06] Epoch[36] [48/123]  total=15.9436  loss_ce=0.1509  loss_bbox=0.0140  loss_depth=1.0451  loss_center=0.0090
[14:56:13] Epoch[36] [60/123]  total=16.3392  loss_ce=0.1440  loss_bbox=0.0255  loss_depth=1.0763  loss_center=0.0116
[14:56:21] Epoch[36] [72/123]  total=31.0145  loss_ce=0.2747  loss_bbox=0.0312  loss_depth=2.2299  loss_center=0.0161
[14:56:28] Epoch[36] [84/123]  total=22.9895  loss_ce=0.2258  loss_bbox=0.0134  loss_depth=1.9660  loss_center=0.0130
[14:56:36] Epoch[36] [96/123]  total=20.0473  loss_ce=0.2014  loss_bbox=0.0135  loss_depth=1.7038  loss_center=0.0101
[14:56:43] Epoch[36] [108/123]  total=29.8268  loss_ce=0.3060  loss_bbox=0.0401  loss_depth=1.7089  loss_center=0.0197
[14:56:50] Epoch[36] [120/123]  total=31.8324  loss_ce=0.2843  loss_bbox=0.0333  loss_depth=2.4496  loss_center=0.0170
[14:56:52] Epoch [36/99] avg_loss=25.2409  time=76.1s  lr=2.00e-04
[14:57:00] Epoch[37] [12/123]  total=31.8050  loss_ce=0.2751  loss_bbox=0.0382  loss_depth=2.0251  loss_center=0.0206
[14:57:08] Epoch[37] [24/123]  total=16.7502  loss_ce=0.1582  loss_bbox=0.0171  loss_depth=1.1355  loss_center=0.0077
[14:57:15] Epoch[37] [36/123]  total=27.2929  loss_ce=0.2276  loss_bbox=0.0273  loss_depth=1.8200  loss_center=0.0147
[14:57:22] Epoch[37] [48/123]  total=11.7989  loss_ce=0.1149  loss_bbox=0.0125  loss_depth=0.8670  loss_center=0.0065
[14:57:30] Epoch[37] [60/123]  total=30.8011  loss_ce=0.2757  loss_bbox=0.0426  loss_depth=2.0523  loss_center=0.0174
[14:57:37] Epoch[37] [72/123]  total=32.5126  loss_ce=0.2799  loss_bbox=0.0311  loss_depth=2.5067  loss_center=0.0165
[14:57:44] Epoch[37] [84/123]  total=29.8658  loss_ce=0.2861  loss_bbox=0.0420  loss_depth=1.7415  loss_center=0.0181
[14:57:52] Epoch[37] [96/123]  total=27.6240  loss_ce=0.2776  loss_bbox=0.0248  loss_depth=2.1843  loss_center=0.0161
[14:57:59] Epoch[37] [108/123]  total=54.5159  loss_ce=0.3293  loss_bbox=0.0574  loss_depth=3.5559  loss_center=0.0293
[14:58:06] Epoch[37] [120/123]  total=18.9446  loss_ce=0.1702  loss_bbox=0.0255  loss_depth=1.5249  loss_center=0.0125
[14:58:08] Epoch [37/99] avg_loss=25.3237  time=75.9s  lr=2.00e-04
[14:58:16] Epoch[38] [12/123]  total=21.4628  loss_ce=0.2123  loss_bbox=0.0198  loss_depth=1.7503  loss_center=0.0125
[14:58:23] Epoch[38] [24/123]  total=24.5479  loss_ce=0.2220  loss_bbox=0.0250  loss_depth=1.5365  loss_center=0.0134
[14:58:31] Epoch[38] [36/123]  total=13.4676  loss_ce=0.1563  loss_bbox=0.0168  loss_depth=0.8562  loss_center=0.0070
[14:58:39] Epoch[38] [48/123]  total=21.4869  loss_ce=0.2010  loss_bbox=0.0233  loss_depth=1.7263  loss_center=0.0126
[14:58:46] Epoch[38] [60/123]  total=30.5409  loss_ce=0.2723  loss_bbox=0.0296  loss_depth=2.6324  loss_center=0.0182
[14:58:53] Epoch[38] [72/123]  total=27.9554  loss_ce=0.2111  loss_bbox=0.0424  loss_depth=2.0165  loss_center=0.0216
[14:59:01] Epoch[38] [84/123]  total=20.8368  loss_ce=0.1724  loss_bbox=0.0247  loss_depth=1.6191  loss_center=0.0138
[14:59:08] Epoch[38] [96/123]  total=34.0927  loss_ce=0.2482  loss_bbox=0.0308  loss_depth=2.5820  loss_center=0.0177
[14:59:15] Epoch[38] [108/123]  total=41.0022  loss_ce=0.2660  loss_bbox=0.0390  loss_depth=2.8289  loss_center=0.0210
[14:59:22] Epoch[38] [120/123]  total=23.1264  loss_ce=0.1579  loss_bbox=0.0227  loss_depth=2.0597  loss_center=0.0131
[14:59:24] Epoch [38/99] avg_loss=26.4935  time=76.2s  lr=2.00e-04
[14:59:32] Epoch[39] [12/123]  total=28.0450  loss_ce=0.2424  loss_bbox=0.0237  loss_depth=2.4961  loss_center=0.0152
[14:59:40] Epoch[39] [24/123]  total=26.2989  loss_ce=0.2766  loss_bbox=0.0307  loss_depth=1.8042  loss_center=0.0145
[14:59:47] Epoch[39] [36/123]  total=31.3460  loss_ce=0.2630  loss_bbox=0.0373  loss_depth=2.4375  loss_center=0.0233
[14:59:54] Epoch[39] [48/123]  total=22.0119  loss_ce=0.1933  loss_bbox=0.0190  loss_depth=1.3812  loss_center=0.0157
[15:00:02] Epoch[39] [60/123]  total=38.6539  loss_ce=0.2955  loss_bbox=0.0443  loss_depth=2.4778  loss_center=0.0242
[15:00:09] Epoch[39] [72/123]  total=35.9493  loss_ce=0.3169  loss_bbox=0.0277  loss_depth=2.3669  loss_center=0.0164
[15:00:16] Epoch[39] [84/123]  total=8.1314  loss_ce=0.1065  loss_bbox=0.0069  loss_depth=0.5847  loss_center=0.0036
[15:00:24] Epoch[39] [96/123]  total=29.4783  loss_ce=0.2846  loss_bbox=0.0297  loss_depth=2.1941  loss_center=0.0150
[15:00:31] Epoch[39] [108/123]  total=30.8315  loss_ce=0.2922  loss_bbox=0.0334  loss_depth=2.2120  loss_center=0.0133
[15:00:39] Epoch[39] [120/123]  total=14.7391  loss_ce=0.1310  loss_bbox=0.0156  loss_depth=1.0020  loss_center=0.0075
[15:00:41] Epoch [39/99] avg_loss=25.8637  time=76.4s  lr=2.00e-04
[15:00:49] Epoch[40] [12/123]  total=18.5763  loss_ce=0.1691  loss_bbox=0.0181  loss_depth=1.1187  loss_center=0.0113
[15:00:56] Epoch[40] [24/123]  total=9.7650  loss_ce=0.1391  loss_bbox=0.0161  loss_depth=0.5782  loss_center=0.0078
[15:01:03] Epoch[40] [36/123]  total=24.3499  loss_ce=0.2116  loss_bbox=0.0202  loss_depth=1.5463  loss_center=0.0116
[15:01:11] Epoch[40] [48/123]  total=28.0697  loss_ce=0.2822  loss_bbox=0.0230  loss_depth=1.8479  loss_center=0.0145
[15:01:18] Epoch[40] [60/123]  total=16.4020  loss_ce=0.1421  loss_bbox=0.0162  loss_depth=0.9063  loss_center=0.0124
[15:01:25] Epoch[40] [72/123]  total=21.1908  loss_ce=0.1622  loss_bbox=0.0227  loss_depth=1.6050  loss_center=0.0088
[15:01:33] Epoch[40] [84/123]  total=23.4464  loss_ce=0.2253  loss_bbox=0.0319  loss_depth=1.5450  loss_center=0.0194
[15:01:40] Epoch[40] [96/123]  total=38.9347  loss_ce=0.2823  loss_bbox=0.0451  loss_depth=2.6552  loss_center=0.0203
[15:01:47] Epoch[40] [108/123]  total=21.5203  loss_ce=0.1851  loss_bbox=0.0239  loss_depth=1.8146  loss_center=0.0128
[15:01:55] Epoch[40] [120/123]  total=19.2762  loss_ce=0.2144  loss_bbox=0.0240  loss_depth=1.4817  loss_center=0.0104
[15:01:56] Epoch [40/99] avg_loss=25.5783  time=75.7s  lr=2.00e-04
[15:02:48] Eval failed: Signature mismatch: 2 argument types given, but function takes 1 arguments
[15:02:48]   Val Car Moderate mAP: 0.0000
[15:03:04]   Best: 0.0000 @ epoch 0
[15:03:12] Epoch[41] [12/123]  total=28.4807  loss_ce=0.1852  loss_bbox=0.0260  loss_depth=3.2931  loss_center=0.0160
[15:03:20] Epoch[41] [24/123]  total=40.5043  loss_ce=0.3279  loss_bbox=0.0456  loss_depth=2.7340  loss_center=0.0206
[15:03:27] Epoch[41] [36/123]  total=35.4396  loss_ce=0.3058  loss_bbox=0.0358  loss_depth=2.6021  loss_center=0.0184
[15:03:34] Epoch[41] [48/123]  total=17.4045  loss_ce=0.1581  loss_bbox=0.0122  loss_depth=1.5265  loss_center=0.0088
[15:03:42] Epoch[41] [60/123]  total=10.3107  loss_ce=0.1132  loss_bbox=0.0120  loss_depth=0.7445  loss_center=0.0056
[15:03:49] Epoch[41] [72/123]  total=44.1321  loss_ce=0.3862  loss_bbox=0.0550  loss_depth=3.7444  loss_center=0.0290
[15:03:56] Epoch[41] [84/123]  total=20.6586  loss_ce=0.1723  loss_bbox=0.0207  loss_depth=1.6669  loss_center=0.0130
[15:04:04] Epoch[41] [96/123]  total=24.3803  loss_ce=0.2624  loss_bbox=0.0273  loss_depth=1.6024  loss_center=0.0152
[15:04:11] Epoch[41] [108/123]  total=30.3552  loss_ce=0.2305  loss_bbox=0.0268  loss_depth=2.3119  loss_center=0.0155
[15:04:18] Epoch[41] [120/123]  total=10.8116  loss_ce=0.1026  loss_bbox=0.0086  loss_depth=0.7134  loss_center=0.0046
[15:04:20] Epoch [41/99] avg_loss=25.5136  time=76.7s  lr=2.00e-04
[15:04:29] Epoch[42] [12/123]  total=31.9419  loss_ce=0.2470  loss_bbox=0.0379  loss_depth=2.1721  loss_center=0.0202
[15:04:36] Epoch[42] [24/123]  total=20.5451  loss_ce=0.2230  loss_bbox=0.0160  loss_depth=1.5206  loss_center=0.0111
[15:04:44] Epoch[42] [36/123]  total=24.4000  loss_ce=0.2457  loss_bbox=0.0367  loss_depth=1.6594  loss_center=0.0180
[15:04:51] Epoch[42] [48/123]  total=37.6436  loss_ce=0.3081  loss_bbox=0.0434  loss_depth=2.9501  loss_center=0.0212
[15:04:59] Epoch[42] [60/123]  total=13.1112  loss_ce=0.1190  loss_bbox=0.0134  loss_depth=0.9076  loss_center=0.0099
[15:05:07] Epoch[42] [72/123]  total=11.3193  loss_ce=0.1135  loss_bbox=0.0146  loss_depth=1.1257  loss_center=0.0059
[15:05:14] Epoch[42] [84/123]  total=14.8710  loss_ce=0.1618  loss_bbox=0.0310  loss_depth=1.0821  loss_center=0.0120
[15:05:21] Epoch[42] [96/123]  total=18.4546  loss_ce=0.1420  loss_bbox=0.0238  loss_depth=1.2614  loss_center=0.0122
[15:05:29] Epoch[42] [108/123]  total=33.8152  loss_ce=0.2397  loss_bbox=0.0419  loss_depth=2.6272  loss_center=0.0204
[15:05:36] Epoch[42] [120/123]  total=22.2751  loss_ce=0.2110  loss_bbox=0.0326  loss_depth=1.7261  loss_center=0.0154
[15:05:38] Epoch [42/99] avg_loss=25.2847  time=77.5s  lr=2.00e-04
[15:05:46] Epoch[43] [12/123]  total=29.4850  loss_ce=0.2207  loss_bbox=0.0301  loss_depth=2.0693  loss_center=0.0176
[15:05:53] Epoch[43] [24/123]  total=18.0535  loss_ce=0.1814  loss_bbox=0.0165  loss_depth=1.3239  loss_center=0.0106
[15:06:00] Epoch[43] [36/123]  total=26.6426  loss_ce=0.2692  loss_bbox=0.0344  loss_depth=1.8563  loss_center=0.0161
[15:06:08] Epoch[43] [48/123]  total=26.2983  loss_ce=0.2290  loss_bbox=0.0397  loss_depth=2.4079  loss_center=0.0152
[15:06:15] Epoch[43] [60/123]  total=24.3558  loss_ce=0.1886  loss_bbox=0.0194  loss_depth=2.1009  loss_center=0.0098
[15:06:22] Epoch[43] [72/123]  total=34.4656  loss_ce=0.2762  loss_bbox=0.0287  loss_depth=3.1487  loss_center=0.0145
[15:06:30] Epoch[43] [84/123]  total=14.7346  loss_ce=0.1506  loss_bbox=0.0129  loss_depth=1.1109  loss_center=0.0068
[15:06:37] Epoch[43] [96/123]  total=40.2954  loss_ce=0.2891  loss_bbox=0.0606  loss_depth=2.8322  loss_center=0.0281
[15:06:44] Epoch[43] [108/123]  total=24.4330  loss_ce=0.2470  loss_bbox=0.0243  loss_depth=1.6796  loss_center=0.0150
[15:06:51] Epoch[43] [120/123]  total=25.6821  loss_ce=0.1888  loss_bbox=0.0287  loss_depth=1.3628  loss_center=0.0180
[15:06:53] Epoch [43/99] avg_loss=26.8566  time=75.5s  lr=2.00e-04
[15:07:02] Epoch[44] [12/123]  total=33.6257  loss_ce=0.2449  loss_bbox=0.0366  loss_depth=2.0453  loss_center=0.0215
[15:07:09] Epoch[44] [24/123]  total=18.1243  loss_ce=0.1564  loss_bbox=0.0276  loss_depth=1.3416  loss_center=0.0127
[15:07:17] Epoch[44] [36/123]  total=17.9537  loss_ce=0.1490  loss_bbox=0.0227  loss_depth=1.4666  loss_center=0.0115
[15:07:24] Epoch[44] [48/123]  total=31.9084  loss_ce=0.2362  loss_bbox=0.0323  loss_depth=2.2860  loss_center=0.0159
[15:07:31] Epoch[44] [60/123]  total=7.6323  loss_ce=0.0961  loss_bbox=0.0098  loss_depth=0.5604  loss_center=0.0057
[15:07:39] Epoch[44] [72/123]  total=20.9044  loss_ce=0.2632  loss_bbox=0.0296  loss_depth=1.3599  loss_center=0.0126
[15:07:46] Epoch[44] [84/123]  total=23.4523  loss_ce=0.2052  loss_bbox=0.0281  loss_depth=1.7411  loss_center=0.0139
[15:07:53] Epoch[44] [96/123]  total=39.7014  loss_ce=0.3680  loss_bbox=0.0510  loss_depth=3.0451  loss_center=0.0255
[15:08:01] Epoch[44] [108/123]  total=29.7960  loss_ce=0.2746  loss_bbox=0.0373  loss_depth=1.7132  loss_center=0.0197
[15:08:08] Epoch[44] [120/123]  total=32.7436  loss_ce=0.2555  loss_bbox=0.0236  loss_depth=2.5614  loss_center=0.0185
[15:08:10] Epoch [44/99] avg_loss=24.2672  time=76.6s  lr=2.00e-04
[15:08:18] Epoch[45] [12/123]  total=21.8541  loss_ce=0.2262  loss_bbox=0.0264  loss_depth=1.4762  loss_center=0.0111
[15:08:25] Epoch[45] [24/123]  total=21.2548  loss_ce=0.2024  loss_bbox=0.0198  loss_depth=1.6576  loss_center=0.0115
[15:08:33] Epoch[45] [36/123]  total=29.9273  loss_ce=0.2462  loss_bbox=0.0340  loss_depth=2.0698  loss_center=0.0196
[15:08:40] Epoch[45] [48/123]  total=25.2619  loss_ce=0.1946  loss_bbox=0.0268  loss_depth=1.9679  loss_center=0.0142
[15:08:48] Epoch[45] [60/123]  total=29.2937  loss_ce=0.2149  loss_bbox=0.0288  loss_depth=2.5835  loss_center=0.0141
[15:08:55] Epoch[45] [72/123]  total=10.9508  loss_ce=0.0956  loss_bbox=0.0109  loss_depth=0.8546  loss_center=0.0046
[15:09:02] Epoch[45] [84/123]  total=28.9999  loss_ce=0.2506  loss_bbox=0.0261  loss_depth=2.0970  loss_center=0.0165
[15:09:10] Epoch[45] [96/123]  total=24.4685  loss_ce=0.2466  loss_bbox=0.0229  loss_depth=1.8322  loss_center=0.0144
[15:09:17] Epoch[45] [108/123]  total=32.1675  loss_ce=0.2536  loss_bbox=0.0282  loss_depth=2.6936  loss_center=0.0145
[15:09:24] Epoch[45] [120/123]  total=36.1145  loss_ce=0.2969  loss_bbox=0.0376  loss_depth=2.7225  loss_center=0.0198
[15:09:26] Epoch [45/99] avg_loss=23.9819  time=76.2s  lr=2.00e-04
[15:10:19] Eval failed: Signature mismatch: 2 argument types given, but function takes 1 arguments
[15:10:19]   Val Car Moderate mAP: 0.0000
[15:10:35]   Best: 0.0000 @ epoch 0
[15:10:43] Epoch[46] [12/123]  total=18.0281  loss_ce=0.1551  loss_bbox=0.0166  loss_depth=1.2923  loss_center=0.0075
[15:10:50] Epoch[46] [24/123]  total=20.9416  loss_ce=0.1925  loss_bbox=0.0285  loss_depth=1.0855  loss_center=0.0185
[15:10:57] Epoch[46] [36/123]  total=30.7793  loss_ce=0.2567  loss_bbox=0.0307  loss_depth=2.4027  loss_center=0.0183
[15:11:05] Epoch[46] [48/123]  total=44.0266  loss_ce=0.3213  loss_bbox=0.0511  loss_depth=3.2530  loss_center=0.0261
[15:11:12] Epoch[46] [60/123]  total=24.1499  loss_ce=0.1586  loss_bbox=0.0313  loss_depth=1.7593  loss_center=0.0179
[15:11:20] Epoch[46] [72/123]  total=17.2945  loss_ce=0.1699  loss_bbox=0.0343  loss_depth=1.0524  loss_center=0.0179
[15:11:27] Epoch[46] [84/123]  total=23.7385  loss_ce=0.2040  loss_bbox=0.0230  loss_depth=1.9059  loss_center=0.0142
[15:11:35] Epoch[46] [96/123]  total=15.3175  loss_ce=0.1404  loss_bbox=0.0177  loss_depth=0.9151  loss_center=0.0070
[15:11:42] Epoch[46] [108/123]  total=18.9308  loss_ce=0.1488  loss_bbox=0.0145  loss_depth=1.8456  loss_center=0.0097
[15:11:49] Epoch[46] [120/123]  total=20.0203  loss_ce=0.1405  loss_bbox=0.0159  loss_depth=1.6494  loss_center=0.0101
[15:11:51] Epoch [46/99] avg_loss=26.3731  time=76.6s  lr=2.00e-04
[15:12:00] Epoch[47] [12/123]  total=21.1473  loss_ce=0.2022  loss_bbox=0.0166  loss_depth=1.6622  loss_center=0.0097
[15:12:07] Epoch[47] [24/123]  total=30.8117  loss_ce=0.2794  loss_bbox=0.0361  loss_depth=2.0095  loss_center=0.0179
[15:12:14] Epoch[47] [36/123]  total=14.9134  loss_ce=0.1596  loss_bbox=0.0194  loss_depth=0.9815  loss_center=0.0094
[15:12:22] Epoch[47] [48/123]  total=31.5514  loss_ce=0.2642  loss_bbox=0.0258  loss_depth=2.5614  loss_center=0.0167
[15:12:29] Epoch[47] [60/123]  total=9.2883  loss_ce=0.0894  loss_bbox=0.0058  loss_depth=0.6062  loss_center=0.0054
[15:12:37] Epoch[47] [72/123]  total=16.9087  loss_ce=0.1628  loss_bbox=0.0175  loss_depth=1.5982  loss_center=0.0109
[15:12:44] Epoch[47] [84/123]  total=24.0595  loss_ce=0.2116  loss_bbox=0.0303  loss_depth=1.8381  loss_center=0.0135
[15:12:52] Epoch[47] [96/123]  total=26.7049  loss_ce=0.2396  loss_bbox=0.0348  loss_depth=1.9786  loss_center=0.0148
[15:12:59] Epoch[47] [108/123]  total=24.5248  loss_ce=0.2396  loss_bbox=0.0309  loss_depth=1.9408  loss_center=0.0172
[15:13:07] Epoch[47] [120/123]  total=32.2676  loss_ce=0.3002  loss_bbox=0.0360  loss_depth=2.5290  loss_center=0.0211
[15:13:09] Epoch [47/99] avg_loss=23.5984  time=77.2s  lr=2.00e-04
[15:13:17] Epoch[48] [12/123]  total=16.0820  loss_ce=0.1660  loss_bbox=0.0168  loss_depth=1.2179  loss_center=0.0087
[15:13:24] Epoch[48] [24/123]  total=54.4963  loss_ce=0.3821  loss_bbox=0.0555  loss_depth=4.6145  loss_center=0.0318
[15:13:32] Epoch[48] [36/123]  total=10.5080  loss_ce=0.1126  loss_bbox=0.0132  loss_depth=0.9930  loss_center=0.0052
[15:13:39] Epoch[48] [48/123]  total=28.2179  loss_ce=0.2271  loss_bbox=0.0370  loss_depth=2.2112  loss_center=0.0164
[15:13:47] Epoch[48] [60/123]  total=20.4042  loss_ce=0.1698  loss_bbox=0.0228  loss_depth=1.4067  loss_center=0.0121
[15:13:54] Epoch[48] [72/123]  total=15.5804  loss_ce=0.1559  loss_bbox=0.0157  loss_depth=1.1699  loss_center=0.0103
[15:14:02] Epoch[48] [84/123]  total=12.5313  loss_ce=0.1162  loss_bbox=0.0130  loss_depth=1.1808  loss_center=0.0075
[15:14:09] Epoch[48] [96/123]  total=26.2788  loss_ce=0.2359  loss_bbox=0.0222  loss_depth=2.0584  loss_center=0.0152
[15:14:17] Epoch[48] [108/123]  total=22.1475  loss_ce=0.1555  loss_bbox=0.0270  loss_depth=1.3929  loss_center=0.0127
[15:14:24] Epoch[48] [120/123]  total=20.2455  loss_ce=0.1707  loss_bbox=0.0245  loss_depth=1.4524  loss_center=0.0107
[15:14:26] Epoch [48/99] avg_loss=25.8041  time=77.4s  lr=2.00e-04
[15:14:34] Epoch[49] [12/123]  total=28.6812  loss_ce=0.2537  loss_bbox=0.0342  loss_depth=2.4555  loss_center=0.0144
[15:14:42] Epoch[49] [24/123]  total=16.3828  loss_ce=0.1414  loss_bbox=0.0139  loss_depth=1.1343  loss_center=0.0086
[15:14:49] Epoch[49] [36/123]  total=24.2957  loss_ce=0.1935  loss_bbox=0.0242  loss_depth=2.0617  loss_center=0.0135
[15:14:57] Epoch[49] [48/123]  total=14.3175  loss_ce=0.1419  loss_bbox=0.0359  loss_depth=0.8103  loss_center=0.0113
[15:15:04] Epoch[49] [60/123]  total=22.2799  loss_ce=0.2189  loss_bbox=0.0263  loss_depth=1.7118  loss_center=0.0141
[15:15:12] Epoch[49] [72/123]  total=18.3931  loss_ce=0.1872  loss_bbox=0.0146  loss_depth=1.5338  loss_center=0.0086
[15:15:19] Epoch[49] [84/123]  total=9.6918  loss_ce=0.1076  loss_bbox=0.0142  loss_depth=0.6164  loss_center=0.0085
[15:15:27] Epoch[49] [96/123]  total=34.2579  loss_ce=0.3067  loss_bbox=0.0268  loss_depth=2.0805  loss_center=0.0138
[15:15:34] Epoch[49] [108/123]  total=5.9884  loss_ce=0.0659  loss_bbox=0.0101  loss_depth=0.2971  loss_center=0.0047
[15:15:41] Epoch[49] [120/123]  total=36.6249  loss_ce=0.2803  loss_bbox=0.0398  loss_depth=2.4765  loss_center=0.0211
[15:15:43] Epoch [49/99] avg_loss=24.3070  time=77.3s  lr=2.00e-04
[15:15:51] Epoch[50] [12/123]  total=34.1677  loss_ce=0.2367  loss_bbox=0.0368  loss_depth=2.9160  loss_center=0.0195
[15:15:59] Epoch[50] [24/123]  total=26.3236  loss_ce=0.2226  loss_bbox=0.0300  loss_depth=1.8851  loss_center=0.0158
[15:16:06] Epoch[50] [36/123]  total=17.3006  loss_ce=0.1872  loss_bbox=0.0222  loss_depth=1.1715  loss_center=0.0094
[15:16:13] Epoch[50] [48/123]  total=24.4525  loss_ce=0.1852  loss_bbox=0.0288  loss_depth=1.7990  loss_center=0.0164
[15:16:21] Epoch[50] [60/123]  total=13.3200  loss_ce=0.1013  loss_bbox=0.0113  loss_depth=1.0701  loss_center=0.0064
[15:16:28] Epoch[50] [72/123]  total=30.8956  loss_ce=0.2130  loss_bbox=0.0302  loss_depth=2.5367  loss_center=0.0194
[15:16:35] Epoch[50] [84/123]  total=15.2159  loss_ce=0.1273  loss_bbox=0.0134  loss_depth=1.1684  loss_center=0.0051
[15:16:43] Epoch[50] [96/123]  total=12.2837  loss_ce=0.1072  loss_bbox=0.0143  loss_depth=0.7692  loss_center=0.0048
[15:16:50] Epoch[50] [108/123]  total=20.2813  loss_ce=0.1878  loss_bbox=0.0228  loss_depth=1.4128  loss_center=0.0132
[15:16:57] Epoch[50] [120/123]  total=18.1155  loss_ce=0.1637  loss_bbox=0.0171  loss_depth=1.3914  loss_center=0.0091
[15:16:59] Epoch [50/99] avg_loss=23.6143  time=76.2s  lr=2.00e-04
[15:17:50] Eval failed: Signature mismatch: 2 argument types given, but function takes 1 arguments
[15:17:50]   Val Car Moderate mAP: 0.0000
[15:18:06]   Best: 0.0000 @ epoch 0
[15:18:15] Epoch[51] [12/123]  total=18.4824  loss_ce=0.1369  loss_bbox=0.0156  loss_depth=1.5131  loss_center=0.0118
[15:18:22] Epoch[51] [24/123]  total=35.0261  loss_ce=0.2676  loss_bbox=0.0478  loss_depth=2.6184  loss_center=0.0214
[15:18:30] Epoch[51] [36/123]  total=12.6983  loss_ce=0.1409  loss_bbox=0.0122  loss_depth=0.7740  loss_center=0.0071
[15:18:37] Epoch[51] [48/123]  total=28.1736  loss_ce=0.2324  loss_bbox=0.0292  loss_depth=2.3626  loss_center=0.0173
[15:18:45] Epoch[51] [60/123]  total=20.3705  loss_ce=0.1560  loss_bbox=0.0186  loss_depth=1.6095  loss_center=0.0116
[15:18:52] Epoch[51] [72/123]  total=25.5756  loss_ce=0.2311  loss_bbox=0.0404  loss_depth=1.8059  loss_center=0.0153
[15:18:59] Epoch[51] [84/123]  total=11.0849  loss_ce=0.1158  loss_bbox=0.0155  loss_depth=0.7008  loss_center=0.0086
[15:19:07] Epoch[51] [96/123]  total=20.0522  loss_ce=0.1448  loss_bbox=0.0165  loss_depth=1.6771  loss_center=0.0093
[15:19:14] Epoch[51] [108/123]  total=26.8542  loss_ce=0.1893  loss_bbox=0.0300  loss_depth=1.7759  loss_center=0.0177
[15:19:22] Epoch[51] [120/123]  total=20.6865  loss_ce=0.1693  loss_bbox=0.0180  loss_depth=1.6768  loss_center=0.0107
[15:19:24] Epoch [51/99] avg_loss=23.0695  time=77.7s  lr=2.00e-04
[15:19:32] Epoch[52] [12/123]  total=11.1206  loss_ce=0.0870  loss_bbox=0.0151  loss_depth=0.8073  loss_center=0.0057
[15:19:39] Epoch[52] [24/123]  total=12.0401  loss_ce=0.1048  loss_bbox=0.0096  loss_depth=0.8398  loss_center=0.0073
[15:19:47] Epoch[52] [36/123]  total=22.4628  loss_ce=0.2185  loss_bbox=0.0178  loss_depth=1.5222  loss_center=0.0100
[15:19:54] Epoch[52] [48/123]  total=13.9431  loss_ce=0.1282  loss_bbox=0.0160  loss_depth=0.9756  loss_center=0.0076
[15:20:02] Epoch[52] [60/123]  total=14.4716  loss_ce=0.1024  loss_bbox=0.0190  loss_depth=1.0826  loss_center=0.0095
[15:20:09] Epoch[52] [72/123]  total=21.2271  loss_ce=0.1671  loss_bbox=0.0215  loss_depth=1.5550  loss_center=0.0140
[15:20:17] Epoch[52] [84/123]  total=14.9816  loss_ce=0.1177  loss_bbox=0.0199  loss_depth=1.2432  loss_center=0.0089
[15:20:24] Epoch[52] [96/123]  total=18.5730  loss_ce=0.1591  loss_bbox=0.0323  loss_depth=1.1956  loss_center=0.0142
[15:20:32] Epoch[52] [108/123]  total=18.0771  loss_ce=0.2002  loss_bbox=0.0258  loss_depth=1.2642  loss_center=0.0115
[15:20:39] Epoch[52] [120/123]  total=27.3799  loss_ce=0.1863  loss_bbox=0.0346  loss_depth=2.0175  loss_center=0.0194
[15:20:41] Epoch [52/99] avg_loss=24.6924  time=77.4s  lr=2.00e-04
[15:20:50] Epoch[53] [12/123]  total=25.8495  loss_ce=0.1475  loss_bbox=0.0175  loss_depth=2.4636  loss_center=0.0149
[15:20:57] Epoch[53] [24/123]  total=18.7555  loss_ce=0.1281  loss_bbox=0.0203  loss_depth=1.5040  loss_center=0.0106
[15:21:04] Epoch[53] [36/123]  total=23.6995  loss_ce=0.1646  loss_bbox=0.0217  loss_depth=1.6277  loss_center=0.0115
[15:21:12] Epoch[53] [48/123]  total=24.1946  loss_ce=0.1963  loss_bbox=0.0243  loss_depth=1.8381  loss_center=0.0131
[15:21:19] Epoch[53] [60/123]  total=31.2718  loss_ce=0.2223  loss_bbox=0.0376  loss_depth=2.2747  loss_center=0.0215
[15:21:27] Epoch[53] [72/123]  total=8.8797  loss_ce=0.0781  loss_bbox=0.0121  loss_depth=0.4848  loss_center=0.0049
[15:21:34] Epoch[53] [84/123]  total=10.7464  loss_ce=0.1196  loss_bbox=0.0097  loss_depth=0.8256  loss_center=0.0044
[15:21:41] Epoch[53] [96/123]  total=7.9623  loss_ce=0.0692  loss_bbox=0.0076  loss_depth=0.5089  loss_center=0.0052
[15:21:49] Epoch[53] [108/123]  total=7.4253  loss_ce=0.0691  loss_bbox=0.0077  loss_depth=0.4736  loss_center=0.0038
[15:21:56] Epoch[53] [120/123]  total=15.7708  loss_ce=0.1468  loss_bbox=0.0150  loss_depth=0.9793  loss_center=0.0090
[15:21:58] Epoch [53/99] avg_loss=22.5070  time=76.9s  lr=2.00e-04
[15:22:07] Epoch[54] [12/123]  total=20.6368  loss_ce=0.1649  loss_bbox=0.0258  loss_depth=1.5486  loss_center=0.0104
[15:22:14] Epoch[54] [24/123]  total=12.6612  loss_ce=0.1219  loss_bbox=0.0092  loss_depth=0.9873  loss_center=0.0070
[15:22:21] Epoch[54] [36/123]  total=22.6749  loss_ce=0.1785  loss_bbox=0.0226  loss_depth=1.6364  loss_center=0.0131
[15:22:29] Epoch[54] [48/123]  total=18.4253  loss_ce=0.1470  loss_bbox=0.0184  loss_depth=1.4530  loss_center=0.0117
[15:22:36] Epoch[54] [60/123]  total=29.6113  loss_ce=0.2265  loss_bbox=0.0253  loss_depth=2.2197  loss_center=0.0161
[15:22:44] Epoch[54] [72/123]  total=41.3983  loss_ce=0.3171  loss_bbox=0.0471  loss_depth=3.1161  loss_center=0.0241
[15:22:51] Epoch[54] [84/123]  total=11.3701  loss_ce=0.1199  loss_bbox=0.0132  loss_depth=0.6293  loss_center=0.0067
[15:22:58] Epoch[54] [96/123]  total=18.7705  loss_ce=0.1628  loss_bbox=0.0157  loss_depth=1.4285  loss_center=0.0098
[15:23:06] Epoch[54] [108/123]  total=35.2056  loss_ce=0.2290  loss_bbox=0.0357  loss_depth=2.5759  loss_center=0.0217
[15:23:13] Epoch[54] [120/123]  total=39.1183  loss_ce=0.2794  loss_bbox=0.0442  loss_depth=3.8469  loss_center=0.0247
[15:23:15] Epoch [54/99] avg_loss=24.1027  time=77.0s  lr=2.00e-04
[15:23:23] Epoch[55] [12/123]  total=28.9073  loss_ce=0.1774  loss_bbox=0.0351  loss_depth=2.3362  loss_center=0.0203
[15:23:31] Epoch[55] [24/123]  total=14.1371  loss_ce=0.1014  loss_bbox=0.0147  loss_depth=0.8238  loss_center=0.0068
[15:23:38] Epoch[55] [36/123]  total=18.4982  loss_ce=0.1242  loss_bbox=0.0143  loss_depth=1.6576  loss_center=0.0103
[15:23:46] Epoch[55] [48/123]  total=35.8958  loss_ce=0.2849  loss_bbox=0.0367  loss_depth=2.8341  loss_center=0.0224
[15:23:53] Epoch[55] [60/123]  total=28.7787  loss_ce=0.2181  loss_bbox=0.0289  loss_depth=2.0485  loss_center=0.0178
[15:24:01] Epoch[55] [72/123]  total=21.8669  loss_ce=0.1531  loss_bbox=0.0260  loss_depth=1.5945  loss_center=0.0147
[15:24:09] Epoch[55] [84/123]  total=20.8131  loss_ce=0.1961  loss_bbox=0.0177  loss_depth=1.6366  loss_center=0.0087
[15:24:16] Epoch[55] [96/123]  total=11.5028  loss_ce=0.1073  loss_bbox=0.0153  loss_depth=0.7580  loss_center=0.0065
[15:24:24] Epoch[55] [108/123]  total=16.1401  loss_ce=0.1796  loss_bbox=0.0196  loss_depth=1.2051  loss_center=0.0094
[15:24:31] Epoch[55] [120/123]  total=13.1665  loss_ce=0.1278  loss_bbox=0.0251  loss_depth=0.8783  loss_center=0.0077
[15:24:33] Epoch [55/99] avg_loss=22.9246  time=78.0s  lr=2.00e-04
[15:25:24] Eval failed: Signature mismatch: 2 argument types given, but function takes 1 arguments
[15:25:24]   Val Car Moderate mAP: 0.0000
[15:25:39]   Best: 0.0000 @ epoch 0
[15:25:47] Epoch[56] [12/123]  total=14.4087  loss_ce=0.1128  loss_bbox=0.0138  loss_depth=1.2371  loss_center=0.0081
[15:25:54] Epoch[56] [24/123]  total=15.9021  loss_ce=0.1412  loss_bbox=0.0119  loss_depth=1.2538  loss_center=0.0076
[15:26:02] Epoch[56] [36/123]  total=20.7668  loss_ce=0.1335  loss_bbox=0.0202  loss_depth=1.5534  loss_center=0.0116
[15:26:09] Epoch[56] [48/123]  total=32.6562  loss_ce=0.2315  loss_bbox=0.0269  loss_depth=2.3358  loss_center=0.0176
[15:26:17] Epoch[56] [60/123]  total=19.0268  loss_ce=0.1453  loss_bbox=0.0268  loss_depth=1.3077  loss_center=0.0133
[15:26:25] Epoch[56] [72/123]  total=36.4777  loss_ce=0.2379  loss_bbox=0.0282  loss_depth=3.5171  loss_center=0.0197
[15:26:32] Epoch[56] [84/123]  total=21.8803  loss_ce=0.1591  loss_bbox=0.0197  loss_depth=1.4663  loss_center=0.0135
[15:26:40] Epoch[56] [96/123]  total=28.4704  loss_ce=0.2170  loss_bbox=0.0257  loss_depth=2.4399  loss_center=0.0159
[15:26:47] Epoch[56] [108/123]  total=8.2907  loss_ce=0.0802  loss_bbox=0.0089  loss_depth=0.5708  loss_center=0.0044
[15:26:54] Epoch[56] [120/123]  total=27.2296  loss_ce=0.2173  loss_bbox=0.0305  loss_depth=2.1110  loss_center=0.0164
[15:26:56] Epoch [56/99] avg_loss=24.3798  time=77.5s  lr=2.00e-04
[15:27:05] Epoch[57] [12/123]  total=25.4973  loss_ce=0.2195  loss_bbox=0.0354  loss_depth=1.8197  loss_center=0.0180
[15:27:12] Epoch[57] [24/123]  total=18.5009  loss_ce=0.1513  loss_bbox=0.0172  loss_depth=1.7300  loss_center=0.0085
[15:27:20] Epoch[57] [36/123]  total=24.7365  loss_ce=0.1591  loss_bbox=0.0285  loss_depth=2.0849  loss_center=0.0163
[15:27:27] Epoch[57] [48/123]  total=19.3176  loss_ce=0.1045  loss_bbox=0.0164  loss_depth=2.0841  loss_center=0.0102
[15:27:35] Epoch[57] [60/123]  total=11.6104  loss_ce=0.0895  loss_bbox=0.0069  loss_depth=1.0564  loss_center=0.0055
[15:27:42] Epoch[57] [72/123]  total=8.6458  loss_ce=0.0854  loss_bbox=0.0075  loss_depth=0.5948  loss_center=0.0043
[15:27:50] Epoch[57] [84/123]  total=21.1672  loss_ce=0.1332  loss_bbox=0.0190  loss_depth=1.2231  loss_center=0.0113
[15:27:57] Epoch[57] [96/123]  total=17.9158  loss_ce=0.1693  loss_bbox=0.0296  loss_depth=1.0518  loss_center=0.0151
[15:28:04] Epoch[57] [108/123]  total=41.4174  loss_ce=0.2315  loss_bbox=0.0397  loss_depth=2.5638  loss_center=0.0262
[15:28:12] Epoch[57] [120/123]  total=27.2816  loss_ce=0.1904  loss_bbox=0.0272  loss_depth=2.3501  loss_center=0.0134
[15:28:14] Epoch [57/99] avg_loss=22.9336  time=77.6s  lr=2.00e-04
[15:28:22] Epoch[58] [12/123]  total=24.6372  loss_ce=0.1627  loss_bbox=0.0274  loss_depth=1.8810  loss_center=0.0125
[15:28:29] Epoch[58] [24/123]  total=28.2523  loss_ce=0.1784  loss_bbox=0.0312  loss_depth=2.3425  loss_center=0.0159
[15:28:37] Epoch[58] [36/123]  total=26.9166  loss_ce=0.1910  loss_bbox=0.0283  loss_depth=1.9517  loss_center=0.0168
[15:28:45] Epoch[58] [48/123]  total=27.4399  loss_ce=0.1751  loss_bbox=0.0196  loss_depth=2.8342  loss_center=0.0140
[15:28:52] Epoch[58] [60/123]  total=8.2028  loss_ce=0.0874  loss_bbox=0.0082  loss_depth=0.5118  loss_center=0.0041
[15:29:00] Epoch[58] [72/123]  total=34.1692  loss_ce=0.2860  loss_bbox=0.0311  loss_depth=2.7898  loss_center=0.0223
[15:29:07] Epoch[58] [84/123]  total=22.1849  loss_ce=0.1830  loss_bbox=0.0427  loss_depth=1.4682  loss_center=0.0180
[15:29:14] Epoch[58] [96/123]  total=22.6374  loss_ce=0.1876  loss_bbox=0.0183  loss_depth=1.6993  loss_center=0.0126
[15:29:22] Epoch[58] [108/123]  total=20.8903  loss_ce=0.1368  loss_bbox=0.0149  loss_depth=2.0347  loss_center=0.0092
[15:29:29] Epoch[58] [120/123]  total=23.7904  loss_ce=0.2122  loss_bbox=0.0251  loss_depth=1.8341  loss_center=0.0152
[15:29:31] Epoch [58/99] avg_loss=23.5716  time=77.1s  lr=2.00e-04
[15:29:39] Epoch[59] [12/123]  total=18.7086  loss_ce=0.2117  loss_bbox=0.0188  loss_depth=1.5033  loss_center=0.0109
[15:29:47] Epoch[59] [24/123]  total=18.3445  loss_ce=0.1347  loss_bbox=0.0192  loss_depth=1.4840  loss_center=0.0098
[15:29:54] Epoch[59] [36/123]  total=16.0061  loss_ce=0.1457  loss_bbox=0.0161  loss_depth=1.2369  loss_center=0.0068
[15:30:01] Epoch[59] [48/123]  total=30.2044  loss_ce=0.2490  loss_bbox=0.0433  loss_depth=1.9599  loss_center=0.0239
[15:30:09] Epoch[59] [60/123]  total=26.1035  loss_ce=0.1976  loss_bbox=0.0266  loss_depth=1.5107  loss_center=0.0151
[15:30:16] Epoch[59] [72/123]  total=25.2478  loss_ce=0.2219  loss_bbox=0.0257  loss_depth=1.8535  loss_center=0.0139
[15:30:24] Epoch[59] [84/123]  total=30.9821  loss_ce=0.2610  loss_bbox=0.0373  loss_depth=3.3735  loss_center=0.0207
[15:30:31] Epoch[59] [96/123]  total=24.0149  loss_ce=0.1701  loss_bbox=0.0214  loss_depth=1.7975  loss_center=0.0115
[15:30:39] Epoch[59] [108/123]  total=31.7517  loss_ce=0.1170  loss_bbox=0.0203  loss_depth=1.9300  loss_center=0.0295
[15:30:46] Epoch[59] [120/123]  total=45.9991  loss_ce=0.2326  loss_bbox=0.0495  loss_depth=3.1776  loss_center=0.0294
[15:30:48] Epoch [59/99] avg_loss=22.6756  time=77.3s  lr=2.00e-04
[15:30:57] Epoch[60] [12/123]  total=11.4917  loss_ce=0.0845  loss_bbox=0.0122  loss_depth=0.9245  loss_center=0.0061
[15:31:04] Epoch[60] [24/123]  total=20.7166  loss_ce=0.1981  loss_bbox=0.0257  loss_depth=1.5693  loss_center=0.0128
[15:31:12] Epoch[60] [36/123]  total=21.4157  loss_ce=0.1546  loss_bbox=0.0284  loss_depth=1.5975  loss_center=0.0138
[15:31:19] Epoch[60] [48/123]  total=24.6834  loss_ce=0.2135  loss_bbox=0.0356  loss_depth=1.7088  loss_center=0.0176
[15:31:26] Epoch[60] [60/123]  total=24.2340  loss_ce=0.1916  loss_bbox=0.0304  loss_depth=1.6970  loss_center=0.0137
[15:31:34] Epoch[60] [72/123]  total=31.5300  loss_ce=0.2105  loss_bbox=0.0312  loss_depth=2.5545  loss_center=0.0179
[15:31:41] Epoch[60] [84/123]  total=24.0702  loss_ce=0.1562  loss_bbox=0.0245  loss_depth=2.3065  loss_center=0.0104
[15:31:49] Epoch[60] [96/123]  total=28.4725  loss_ce=0.2015  loss_bbox=0.0329  loss_depth=1.7433  loss_center=0.0185
[15:31:56] Epoch[60] [108/123]  total=30.7379  loss_ce=0.2497  loss_bbox=0.0247  loss_depth=2.0624  loss_center=0.0175
[15:32:03] Epoch[60] [120/123]  total=29.6968  loss_ce=0.2269  loss_bbox=0.0312  loss_depth=2.2147  loss_center=0.0199
[15:32:05] Epoch [60/99] avg_loss=23.6780  time=77.1s  lr=2.00e-04
[15:32:57] Eval failed: Signature mismatch: 2 argument types given, but function takes 1 arguments
[15:32:57]   Val Car Moderate mAP: 0.0000
[15:33:13]   Best: 0.0000 @ epoch 0
[15:33:21] Epoch[61] [12/123]  total=27.6948  loss_ce=0.2256  loss_bbox=0.0323  loss_depth=2.0432  loss_center=0.0183
[15:33:28] Epoch[61] [24/123]  total=11.1182  loss_ce=0.0848  loss_bbox=0.0130  loss_depth=0.7554  loss_center=0.0052
[15:33:36] Epoch[61] [36/123]  total=36.7057  loss_ce=0.2106  loss_bbox=0.0361  loss_depth=2.4282  loss_center=0.0224
[15:33:44] Epoch[61] [48/123]  total=34.9419  loss_ce=0.2121  loss_bbox=0.0252  loss_depth=3.0563  loss_center=0.0168
[15:33:51] Epoch[61] [60/123]  total=35.1237  loss_ce=0.2198  loss_bbox=0.0369  loss_depth=2.7940  loss_center=0.0205
[15:33:58] Epoch[61] [72/123]  total=14.8680  loss_ce=0.1170  loss_bbox=0.0214  loss_depth=1.3490  loss_center=0.0096
[15:34:06] Epoch[61] [84/123]  total=29.7663  loss_ce=0.2012  loss_bbox=0.0261  loss_depth=2.1717  loss_center=0.0198
[15:34:13] Epoch[61] [96/123]  total=20.0020  loss_ce=0.1332  loss_bbox=0.0185  loss_depth=2.1890  loss_center=0.0098
[15:34:20] Epoch[61] [108/123]  total=16.9239  loss_ce=0.1267  loss_bbox=0.0134  loss_depth=1.6070  loss_center=0.0089
[15:34:28] Epoch[61] [120/123]  total=31.3934  loss_ce=0.1991  loss_bbox=0.0298  loss_depth=2.2570  loss_center=0.0176
[15:34:30] Epoch [61/99] avg_loss=22.5185  time=76.8s  lr=2.00e-04
[15:34:38] Epoch[62] [12/123]  total=15.1026  loss_ce=0.1102  loss_bbox=0.0165  loss_depth=1.5470  loss_center=0.0071
[15:34:45] Epoch[62] [24/123]  total=28.1714  loss_ce=0.1864  loss_bbox=0.0233  loss_depth=2.9504  loss_center=0.0156
[15:34:53] Epoch[62] [36/123]  total=26.1739  loss_ce=0.1808  loss_bbox=0.0371  loss_depth=2.1759  loss_center=0.0165
[15:35:00] Epoch[62] [48/123]  total=22.1468  loss_ce=0.1147  loss_bbox=0.0199  loss_depth=2.1067  loss_center=0.0109
[15:35:08] Epoch[62] [60/123]  total=18.1364  loss_ce=0.1432  loss_bbox=0.0247  loss_depth=1.2329  loss_center=0.0129
[15:35:15] Epoch[62] [72/123]  total=16.5916  loss_ce=0.1441  loss_bbox=0.0224  loss_depth=1.0986  loss_center=0.0099
[15:35:23] Epoch[62] [84/123]  total=15.7308  loss_ce=0.1337  loss_bbox=0.0174  loss_depth=1.3479  loss_center=0.0081
[15:35:30] Epoch[62] [96/123]  total=29.1247  loss_ce=0.2214  loss_bbox=0.0288  loss_depth=2.4603  loss_center=0.0177
[15:35:38] Epoch[62] [108/123]  total=23.8194  loss_ce=0.2226  loss_bbox=0.0284  loss_depth=1.4882  loss_center=0.0140
[15:35:45] Epoch[62] [120/123]  total=33.5047  loss_ce=0.1635  loss_bbox=0.0312  loss_depth=2.4803  loss_center=0.0174
[15:35:47] Epoch [62/99] avg_loss=23.5487  time=77.2s  lr=2.00e-04
[15:35:55] Epoch[63] [12/123]  total=28.2910  loss_ce=0.1513  loss_bbox=0.0340  loss_depth=2.5762  loss_center=0.0167
[15:36:02] Epoch[63] [24/123]  total=23.6394  loss_ce=0.1378  loss_bbox=0.0276  loss_depth=1.7226  loss_center=0.0123
[15:36:10] Epoch[63] [36/123]  total=38.7677  loss_ce=0.2332  loss_bbox=0.0415  loss_depth=3.0063  loss_center=0.0251
[15:36:17] Epoch[63] [48/123]  total=30.2481  loss_ce=0.1822  loss_bbox=0.0320  loss_depth=2.6460  loss_center=0.0170
[15:36:25] Epoch[63] [60/123]  total=21.7731  loss_ce=0.1802  loss_bbox=0.0239  loss_depth=1.3136  loss_center=0.0142
[15:36:32] Epoch[63] [72/123]  total=33.9334  loss_ce=0.2288  loss_bbox=0.0304  loss_depth=2.9807  loss_center=0.0167
[15:36:40] Epoch[63] [84/123]  total=22.6961  loss_ce=0.1805  loss_bbox=0.0263  loss_depth=2.0734  loss_center=0.0132
[15:36:47] Epoch[63] [96/123]  total=29.6859  loss_ce=0.2449  loss_bbox=0.0307  loss_depth=2.3595  loss_center=0.0172
[15:36:54] Epoch[63] [108/123]  total=16.0880  loss_ce=0.1491  loss_bbox=0.0155  loss_depth=1.1176  loss_center=0.0096
[15:37:02] Epoch[63] [120/123]  total=31.2125  loss_ce=0.3059  loss_bbox=0.0340  loss_depth=2.0506  loss_center=0.0187
[15:37:04] Epoch [63/99] avg_loss=24.8067  time=76.7s  lr=2.00e-04
[15:37:12] Epoch[64] [12/123]  total=37.2903  loss_ce=0.2522  loss_bbox=0.0316  loss_depth=2.8090  loss_center=0.0176
[15:37:19] Epoch[64] [24/123]  total=21.9275  loss_ce=0.2126  loss_bbox=0.0355  loss_depth=1.2546  loss_center=0.0154
[15:37:27] Epoch[64] [36/123]  total=20.3024  loss_ce=0.1350  loss_bbox=0.0259  loss_depth=1.5563  loss_center=0.0165
[15:37:34] Epoch[64] [48/123]  total=15.6459  loss_ce=0.1039  loss_bbox=0.0144  loss_depth=1.1210  loss_center=0.0106
[15:37:42] Epoch[64] [60/123]  total=22.2076  loss_ce=0.1869  loss_bbox=0.0192  loss_depth=1.4836  loss_center=0.0105
[15:37:49] Epoch[64] [72/123]  total=9.8474  loss_ce=0.0901  loss_bbox=0.0080  loss_depth=0.8672  loss_center=0.0040
[15:37:56] Epoch[64] [84/123]  total=10.1968  loss_ce=0.0895  loss_bbox=0.0093  loss_depth=0.9154  loss_center=0.0051
[15:38:04] Epoch[64] [96/123]  total=36.4961  loss_ce=0.2349  loss_bbox=0.0388  loss_depth=3.5442  loss_center=0.0221
[15:38:11] Epoch[64] [108/123]  total=24.1334  loss_ce=0.2055  loss_bbox=0.0350  loss_depth=1.5500  loss_center=0.0186
[15:38:19] Epoch[64] [120/123]  total=30.2532  loss_ce=0.1992  loss_bbox=0.0370  loss_depth=1.9726  loss_center=0.0224
[15:38:20] Epoch [64/99] avg_loss=23.1362  time=76.8s  lr=2.00e-04
[15:38:29] Epoch[65] [12/123]  total=12.6548  loss_ce=0.1064  loss_bbox=0.0140  loss_depth=0.8359  loss_center=0.0063
[15:38:36] Epoch[65] [24/123]  total=22.3854  loss_ce=0.1875  loss_bbox=0.0262  loss_depth=1.5803  loss_center=0.0146
[15:38:43] Epoch[65] [36/123]  total=21.7776  loss_ce=0.1755  loss_bbox=0.0286  loss_depth=1.5139  loss_center=0.0161
[15:38:51] Epoch[65] [48/123]  total=17.5337  loss_ce=0.1451  loss_bbox=0.0245  loss_depth=1.0433  loss_center=0.0118
[15:38:58] Epoch[65] [60/123]  total=25.3491  loss_ce=0.2167  loss_bbox=0.0240  loss_depth=1.7888  loss_center=0.0157
[15:39:06] Epoch[65] [72/123]  total=21.6799  loss_ce=0.1062  loss_bbox=0.0198  loss_depth=1.4892  loss_center=0.0138
[15:39:13] Epoch[65] [84/123]  total=20.9601  loss_ce=0.1501  loss_bbox=0.0284  loss_depth=1.4663  loss_center=0.0166
[15:39:20] Epoch[65] [96/123]  total=26.9221  loss_ce=0.2415  loss_bbox=0.0362  loss_depth=1.7803  loss_center=0.0177
[15:39:28] Epoch[65] [108/123]  total=7.1888  loss_ce=0.0825  loss_bbox=0.0093  loss_depth=0.5637  loss_center=0.0035
[15:39:35] Epoch[65] [120/123]  total=14.4972  loss_ce=0.1412  loss_bbox=0.0163  loss_depth=0.7156  loss_center=0.0083
[15:39:37] Epoch [65/99] avg_loss=22.7434  time=76.7s  lr=2.00e-04
[15:40:29] Eval failed: Signature mismatch: 2 argument types given, but function takes 1 arguments
[15:40:29]   Val Car Moderate mAP: 0.0000
[15:40:45]   Best: 0.0000 @ epoch 0
[15:40:53] Epoch[66] [12/123]  total=28.9902  loss_ce=0.1802  loss_bbox=0.0313  loss_depth=2.1346  loss_center=0.0186
[15:41:00] Epoch[66] [24/123]  total=19.1528  loss_ce=0.1454  loss_bbox=0.0130  loss_depth=1.6635  loss_center=0.0108
[15:41:08] Epoch[66] [36/123]  total=20.2837  loss_ce=0.1599  loss_bbox=0.0217  loss_depth=1.4526  loss_center=0.0139
[15:41:15] Epoch[66] [48/123]  total=22.9128  loss_ce=0.1385  loss_bbox=0.0212  loss_depth=1.9087  loss_center=0.0126
[15:41:22] Epoch[66] [60/123]  total=27.9543  loss_ce=0.2425  loss_bbox=0.0399  loss_depth=1.5771  loss_center=0.0206
[15:41:30] Epoch[66] [72/123]  total=25.1655  loss_ce=0.1859  loss_bbox=0.0301  loss_depth=2.0068  loss_center=0.0214
[15:41:37] Epoch[66] [84/123]  total=26.2793  loss_ce=0.2052  loss_bbox=0.0217  loss_depth=2.1905  loss_center=0.0158
[15:41:44] Epoch[66] [96/123]  total=28.8164  loss_ce=0.1884  loss_bbox=0.0263  loss_depth=2.1330  loss_center=0.0180
[15:41:52] Epoch[66] [108/123]  total=16.1940  loss_ce=0.1360  loss_bbox=0.0199  loss_depth=1.1859  loss_center=0.0100
[15:41:59] Epoch[66] [120/123]  total=46.7108  loss_ce=0.2210  loss_bbox=0.0351  loss_depth=3.2059  loss_center=0.0233
[15:42:01] Epoch [66/99] avg_loss=21.9872  time=76.4s  lr=2.00e-04
[15:42:09] Epoch[67] [12/123]  total=13.7110  loss_ce=0.1212  loss_bbox=0.0160  loss_depth=1.0603  loss_center=0.0077
[15:42:17] Epoch[67] [24/123]  total=16.5326  loss_ce=0.1317  loss_bbox=0.0167  loss_depth=1.3241  loss_center=0.0115
[15:42:24] Epoch[67] [36/123]  total=23.0894  loss_ce=0.2038  loss_bbox=0.0284  loss_depth=2.1194  loss_center=0.0117
[15:42:31] Epoch[67] [48/123]  total=39.3977  loss_ce=0.2969  loss_bbox=0.0475  loss_depth=3.1482  loss_center=0.0219
[15:42:39] Epoch[67] [60/123]  total=13.7655  loss_ce=0.1016  loss_bbox=0.0157  loss_depth=1.0121  loss_center=0.0060
[15:42:46] Epoch[67] [72/123]  total=18.9245  loss_ce=0.1012  loss_bbox=0.0242  loss_depth=2.2002  loss_center=0.0115
[15:42:53] Epoch[67] [84/123]  total=19.5003  loss_ce=0.1381  loss_bbox=0.0180  loss_depth=1.3708  loss_center=0.0092
[15:43:01] Epoch[67] [96/123]  total=25.4360  loss_ce=0.2162  loss_bbox=0.0283  loss_depth=1.8765  loss_center=0.0160
[15:43:08] Epoch[67] [108/123]  total=20.4179  loss_ce=0.1337  loss_bbox=0.0295  loss_depth=2.0204  loss_center=0.0141
[15:43:16] Epoch[67] [120/123]  total=26.8912  loss_ce=0.1675  loss_bbox=0.0329  loss_depth=3.1023  loss_center=0.0158
[15:43:18] Epoch [67/99] avg_loss=24.1538  time=76.3s  lr=2.00e-04
[15:43:26] Epoch[68] [12/123]  total=14.4241  loss_ce=0.0970  loss_bbox=0.0151  loss_depth=1.6374  loss_center=0.0074
[15:43:33] Epoch[68] [24/123]  total=35.5796  loss_ce=0.2167  loss_bbox=0.0361  loss_depth=3.7952  loss_center=0.0217
[15:43:41] Epoch[68] [36/123]  total=32.0901  loss_ce=0.3081  loss_bbox=0.0423  loss_depth=2.1945  loss_center=0.0194
[15:43:48] Epoch[68] [48/123]  total=13.1329  loss_ce=0.1335  loss_bbox=0.0152  loss_depth=1.3360  loss_center=0.0076
[15:43:56] Epoch[68] [60/123]  total=22.7721  loss_ce=0.1711  loss_bbox=0.0349  loss_depth=1.9484  loss_center=0.0157
[15:44:03] Epoch[68] [72/123]  total=30.6115  loss_ce=0.2623  loss_bbox=0.0419  loss_depth=2.3095  loss_center=0.0188
[15:44:10] Epoch[68] [84/123]  total=33.8215  loss_ce=0.1925  loss_bbox=0.0460  loss_depth=2.2655  loss_center=0.0230
[15:44:18] Epoch[68] [96/123]  total=20.5727  loss_ce=0.1824  loss_bbox=0.0268  loss_depth=1.3654  loss_center=0.0131
[15:44:25] Epoch[68] [108/123]  total=17.2762  loss_ce=0.1147  loss_bbox=0.0198  loss_depth=1.4143  loss_center=0.0131
[15:44:32] Epoch[68] [120/123]  total=19.4966  loss_ce=0.1271  loss_bbox=0.0150  loss_depth=1.6703  loss_center=0.0092
[15:44:34] Epoch [68/99] avg_loss=23.3719  time=76.8s  lr=2.00e-04
[15:44:42] Epoch[69] [12/123]  total=20.4093  loss_ce=0.1025  loss_bbox=0.0152  loss_depth=1.2077  loss_center=0.0085
[15:44:50] Epoch[69] [24/123]  total=16.5877  loss_ce=0.1003  loss_bbox=0.0117  loss_depth=1.8855  loss_center=0.0091
[15:44:57] Epoch[69] [36/123]  total=27.2991  loss_ce=0.1510  loss_bbox=0.0262  loss_depth=2.3884  loss_center=0.0152
[15:45:05] Epoch[69] [48/123]  total=26.0544  loss_ce=0.1696  loss_bbox=0.0271  loss_depth=2.5890  loss_center=0.0161
[15:45:12] Epoch[69] [60/123]  total=34.7452  loss_ce=0.2438  loss_bbox=0.0394  loss_depth=2.8310  loss_center=0.0227
[15:45:20] Epoch[69] [72/123]  total=25.2835  loss_ce=0.1862  loss_bbox=0.0219  loss_depth=1.9766  loss_center=0.0125
[15:45:28] Epoch[69] [84/123]  total=7.5097  loss_ce=0.0555  loss_bbox=0.0101  loss_depth=0.4640  loss_center=0.0047
[15:45:35] Epoch[69] [96/123]  total=13.4338  loss_ce=0.1125  loss_bbox=0.0153  loss_depth=0.9004  loss_center=0.0062
[15:45:43] Epoch[69] [108/123]  total=22.8059  loss_ce=0.1624  loss_bbox=0.0296  loss_depth=1.5646  loss_center=0.0136
[15:45:50] Epoch[69] [120/123]  total=22.1588  loss_ce=0.1472  loss_bbox=0.0168  loss_depth=1.4900  loss_center=0.0119
[15:45:52] Epoch [69/99] avg_loss=22.7366  time=77.8s  lr=2.00e-04
[15:46:00] Epoch[70] [12/123]  total=8.5656  loss_ce=0.0673  loss_bbox=0.0099  loss_depth=0.5558  loss_center=0.0049
[15:46:08] Epoch[70] [24/123]  total=29.1960  loss_ce=0.2175  loss_bbox=0.0247  loss_depth=2.4480  loss_center=0.0167
[15:46:15] Epoch[70] [36/123]  total=25.6549  loss_ce=0.2061  loss_bbox=0.0307  loss_depth=1.6783  loss_center=0.0159
[15:46:23] Epoch[70] [48/123]  total=21.1199  loss_ce=0.1450  loss_bbox=0.0253  loss_depth=1.5642  loss_center=0.0135
[15:46:30] Epoch[70] [60/123]  total=28.2488  loss_ce=0.2574  loss_bbox=0.0347  loss_depth=2.0508  loss_center=0.0165
[15:46:38] Epoch[70] [72/123]  total=12.8930  loss_ce=0.0806  loss_bbox=0.0092  loss_depth=1.0536  loss_center=0.0049
[15:46:45] Epoch[70] [84/123]  total=14.5776  loss_ce=0.1220  loss_bbox=0.0248  loss_depth=0.7920  loss_center=0.0106
[15:46:53] Epoch[70] [96/123]  total=26.3923  loss_ce=0.1396  loss_bbox=0.0323  loss_depth=1.7038  loss_center=0.0177
[15:47:00] Epoch[70] [108/123]  total=28.9932  loss_ce=0.2167  loss_bbox=0.0272  loss_depth=2.5160  loss_center=0.0181
[15:47:08] Epoch[70] [120/123]  total=15.8295  loss_ce=0.1251  loss_bbox=0.0187  loss_depth=1.0911  loss_center=0.0098
[15:47:10] Epoch [70/99] avg_loss=23.3263  time=77.8s  lr=2.00e-04
[15:48:02] Eval failed: Signature mismatch: 2 argument types given, but function takes 1 arguments
[15:48:02]   Val Car Moderate mAP: 0.0000
[15:48:18]   Best: 0.0000 @ epoch 0
[15:48:26] Epoch[71] [12/123]  total=22.0963  loss_ce=0.1245  loss_bbox=0.0221  loss_depth=1.8558  loss_center=0.0116
[15:48:33] Epoch[71] [24/123]  total=20.0582  loss_ce=0.1318  loss_bbox=0.0164  loss_depth=1.6107  loss_center=0.0110
[15:48:41] Epoch[71] [36/123]  total=22.1301  loss_ce=0.1710  loss_bbox=0.0182  loss_depth=1.5195  loss_center=0.0108
[15:48:48] Epoch[71] [48/123]  total=20.8415  loss_ce=0.1381  loss_bbox=0.0217  loss_depth=1.7195  loss_center=0.0095
[15:48:56] Epoch[71] [60/123]  total=17.5976  loss_ce=0.1044  loss_bbox=0.0206  loss_depth=1.3705  loss_center=0.0117
[15:49:04] Epoch[71] [72/123]  total=46.3283  loss_ce=0.2491  loss_bbox=0.0530  loss_depth=3.0167  loss_center=0.0308
[15:49:11] Epoch[71] [84/123]  total=32.7688  loss_ce=0.2613  loss_bbox=0.0275  loss_depth=2.3618  loss_center=0.0139
[15:49:18] Epoch[71] [96/123]  total=31.9235  loss_ce=0.2272  loss_bbox=0.0276  loss_depth=3.0526  loss_center=0.0179
[15:49:26] Epoch[71] [108/123]  total=33.8393  loss_ce=0.1921  loss_bbox=0.0273  loss_depth=2.3541  loss_center=0.0192
[15:49:33] Epoch[71] [120/123]  total=31.9295  loss_ce=0.2399  loss_bbox=0.0310  loss_depth=2.2175  loss_center=0.0173
[15:49:35] Epoch [71/99] avg_loss=22.3624  time=77.4s  lr=2.00e-04
[15:49:43] Epoch[72] [12/123]  total=19.7347  loss_ce=0.1104  loss_bbox=0.0162  loss_depth=1.7867  loss_center=0.0128
[15:49:51] Epoch[72] [24/123]  total=24.8481  loss_ce=0.1575  loss_bbox=0.0221  loss_depth=2.4311  loss_center=0.0110
[15:49:58] Epoch[72] [36/123]  total=17.1503  loss_ce=0.1211  loss_bbox=0.0178  loss_depth=1.2536  loss_center=0.0136
[15:50:05] Epoch[72] [48/123]  total=19.3087  loss_ce=0.1238  loss_bbox=0.0214  loss_depth=1.4056  loss_center=0.0123
[15:50:13] Epoch[72] [60/123]  total=20.1038  loss_ce=0.1465  loss_bbox=0.0196  loss_depth=1.7798  loss_center=0.0091
[15:50:20] Epoch[72] [72/123]  total=24.3953  loss_ce=0.1981  loss_bbox=0.0219  loss_depth=1.3370  loss_center=0.0133
[15:50:28] Epoch[72] [84/123]  total=25.8646  loss_ce=0.2091  loss_bbox=0.0308  loss_depth=1.7905  loss_center=0.0159
[15:50:36] Epoch[72] [96/123]  total=21.0119  loss_ce=0.1613  loss_bbox=0.0255  loss_depth=1.6176  loss_center=0.0131
[15:50:44] Epoch[72] [108/123]  total=27.1842  loss_ce=0.1937  loss_bbox=0.0235  loss_depth=2.2298  loss_center=0.0152
[15:50:51] Epoch[72] [120/123]  total=24.7617  loss_ce=0.1314  loss_bbox=0.0273  loss_depth=1.7583  loss_center=0.0142
[15:50:53] Epoch [72/99] avg_loss=23.1595  time=78.1s  lr=2.00e-04
[15:51:02] Epoch[73] [12/123]  total=28.7939  loss_ce=0.1720  loss_bbox=0.0314  loss_depth=2.3423  loss_center=0.0210
[15:51:09] Epoch[73] [24/123]  total=25.7188  loss_ce=0.1579  loss_bbox=0.0254  loss_depth=2.0251  loss_center=0.0147
[15:51:17] Epoch[73] [36/123]  total=20.5440  loss_ce=0.1719  loss_bbox=0.0217  loss_depth=1.7047  loss_center=0.0114
[15:51:25] Epoch[73] [48/123]  total=24.9931  loss_ce=0.1761  loss_bbox=0.0310  loss_depth=1.9317  loss_center=0.0116
[15:51:32] Epoch[73] [60/123]  total=26.7413  loss_ce=0.1629  loss_bbox=0.0306  loss_depth=2.4895  loss_center=0.0149
[15:51:40] Epoch[73] [72/123]  total=14.0990  loss_ce=0.0815  loss_bbox=0.0222  loss_depth=1.2216  loss_center=0.0105
[15:51:48] Epoch[73] [84/123]  total=27.7076  loss_ce=0.2523  loss_bbox=0.0495  loss_depth=2.1035  loss_center=0.0219
[15:51:56] Epoch[73] [96/123]  total=20.7992  loss_ce=0.1331  loss_bbox=0.0290  loss_depth=1.9276  loss_center=0.0148
[15:52:03] Epoch[73] [108/123]  total=11.4743  loss_ce=0.0964  loss_bbox=0.0138  loss_depth=0.8383  loss_center=0.0060
[15:52:11] Epoch[73] [120/123]  total=19.2761  loss_ce=0.1252  loss_bbox=0.0214  loss_depth=1.3529  loss_center=0.0115
[15:52:13] Epoch [73/99] avg_loss=21.4163  time=79.9s  lr=2.00e-04
[15:52:21] Epoch[74] [12/123]  total=18.0570  loss_ce=0.1068  loss_bbox=0.0224  loss_depth=1.3946  loss_center=0.0122
[15:52:29] Epoch[74] [24/123]  total=7.7901  loss_ce=0.0731  loss_bbox=0.0064  loss_depth=0.6226  loss_center=0.0040
[15:52:37] Epoch[74] [36/123]  total=19.7776  loss_ce=0.1422  loss_bbox=0.0239  loss_depth=1.1254  loss_center=0.0138
[15:52:44] Epoch[74] [48/123]  total=18.2310  loss_ce=0.1357  loss_bbox=0.0180  loss_depth=1.2417  loss_center=0.0088
[15:52:52] Epoch[74] [60/123]  total=16.5845  loss_ce=0.1270  loss_bbox=0.0185  loss_depth=1.2708  loss_center=0.0103
[15:53:00] Epoch[74] [72/123]  total=26.3879  loss_ce=0.1611  loss_bbox=0.0215  loss_depth=2.3836  loss_center=0.0119
[15:53:07] Epoch[74] [84/123]  total=24.2056  loss_ce=0.1561  loss_bbox=0.0284  loss_depth=1.9003  loss_center=0.0138
[15:53:14] Epoch[74] [96/123]  total=20.7287  loss_ce=0.1090  loss_bbox=0.0276  loss_depth=1.8989  loss_center=0.0131
[15:53:22] Epoch[74] [108/123]  total=23.8035  loss_ce=0.1588  loss_bbox=0.0355  loss_depth=1.9114  loss_center=0.0195
[15:53:29] Epoch[74] [120/123]  total=16.0031  loss_ce=0.0868  loss_bbox=0.0183  loss_depth=1.1124  loss_center=0.0104
[15:53:31] Epoch [74/99] avg_loss=21.5098  time=77.8s  lr=2.00e-04
[15:53:39] Epoch[75] [12/123]  total=27.1554  loss_ce=0.2111  loss_bbox=0.0440  loss_depth=1.6369  loss_center=0.0213
[15:53:46] Epoch[75] [24/123]  total=15.8978  loss_ce=0.1286  loss_bbox=0.0252  loss_depth=1.1486  loss_center=0.0141
[15:53:54] Epoch[75] [36/123]  total=15.9383  loss_ce=0.0941  loss_bbox=0.0119  loss_depth=1.2467  loss_center=0.0082
[15:54:01] Epoch[75] [48/123]  total=14.5346  loss_ce=0.0798  loss_bbox=0.0115  loss_depth=1.1723  loss_center=0.0071
[15:54:09] Epoch[75] [60/123]  total=19.0874  loss_ce=0.1710  loss_bbox=0.0204  loss_depth=1.5745  loss_center=0.0120
[15:54:17] Epoch[75] [72/123]  total=23.4985  loss_ce=0.1497  loss_bbox=0.0316  loss_depth=1.7331  loss_center=0.0188
[15:54:24] Epoch[75] [84/123]  total=26.3776  loss_ce=0.2122  loss_bbox=0.0267  loss_depth=2.0975  loss_center=0.0149
[15:54:32] Epoch[75] [96/123]  total=13.4150  loss_ce=0.1163  loss_bbox=0.0088  loss_depth=1.2921  loss_center=0.0065
[15:54:39] Epoch[75] [108/123]  total=9.9669  loss_ce=0.0762  loss_bbox=0.0072  loss_depth=0.8709  loss_center=0.0038
[15:54:47] Epoch[75] [120/123]  total=12.3373  loss_ce=0.0875  loss_bbox=0.0140  loss_depth=0.9919  loss_center=0.0078
[15:54:49] Epoch [75/99] avg_loss=20.4845  time=77.8s  lr=2.00e-04
[15:55:40] Eval failed: Signature mismatch: 2 argument types given, but function takes 1 arguments
[15:55:40]   Val Car Moderate mAP: 0.0000
[15:55:56]   Best: 0.0000 @ epoch 0
[15:56:04] Epoch[76] [12/123]  total=9.6056  loss_ce=0.0492  loss_bbox=0.0092  loss_depth=0.6198  loss_center=0.0045
[15:56:11] Epoch[76] [24/123]  total=18.5457  loss_ce=0.1042  loss_bbox=0.0199  loss_depth=1.4341  loss_center=0.0103
[15:56:19] Epoch[76] [36/123]  total=26.1882  loss_ce=0.1688  loss_bbox=0.0291  loss_depth=1.9682  loss_center=0.0158
[15:56:26] Epoch[76] [48/123]  total=5.9201  loss_ce=0.0576  loss_bbox=0.0111  loss_depth=0.3155  loss_center=0.0057
[15:56:33] Epoch[76] [60/123]  total=25.7355  loss_ce=0.2086  loss_bbox=0.0320  loss_depth=1.9254  loss_center=0.0160
[15:56:41] Epoch[76] [72/123]  total=17.3741  loss_ce=0.1332  loss_bbox=0.0165  loss_depth=1.5353  loss_center=0.0102
[15:56:48] Epoch[76] [84/123]  total=10.9943  loss_ce=0.0859  loss_bbox=0.0091  loss_depth=0.9204  loss_center=0.0061
[15:56:56] Epoch[76] [96/123]  total=15.2284  loss_ce=0.0976  loss_bbox=0.0126  loss_depth=1.1130  loss_center=0.0098
[15:57:03] Epoch[76] [108/123]  total=24.4692  loss_ce=0.1725  loss_bbox=0.0316  loss_depth=1.7982  loss_center=0.0140
[15:57:10] Epoch[76] [120/123]  total=14.4949  loss_ce=0.0988  loss_bbox=0.0214  loss_depth=1.0457  loss_center=0.0117
[15:57:12] Epoch [76/99] avg_loss=22.3327  time=76.4s  lr=2.00e-04
[15:57:20] Epoch[77] [12/123]  total=19.5934  loss_ce=0.1777  loss_bbox=0.0214  loss_depth=1.4784  loss_center=0.0109
[15:57:28] Epoch[77] [24/123]  total=19.0350  loss_ce=0.1182  loss_bbox=0.0184  loss_depth=1.6077  loss_center=0.0092
[15:57:35] Epoch[77] [36/123]  total=44.4952  loss_ce=0.2621  loss_bbox=0.0416  loss_depth=3.4992  loss_center=0.0286
[15:57:43] Epoch[77] [48/123]  total=21.6690  loss_ce=0.2107  loss_bbox=0.0268  loss_depth=1.2759  loss_center=0.0162
[15:57:50] Epoch[77] [60/123]  total=11.0613  loss_ce=0.0763  loss_bbox=0.0170  loss_depth=0.7211  loss_center=0.0065
[15:57:57] Epoch[77] [72/123]  total=31.0420  loss_ce=0.2467  loss_bbox=0.0351  loss_depth=2.1095  loss_center=0.0202
[15:58:05] Epoch[77] [84/123]  total=21.0939  loss_ce=0.1513  loss_bbox=0.0220  loss_depth=1.4705  loss_center=0.0123
[15:58:12] Epoch[77] [96/123]  total=23.6067  loss_ce=0.1266  loss_bbox=0.0296  loss_depth=1.6130  loss_center=0.0177
[15:58:19] Epoch[77] [108/123]  total=14.1469  loss_ce=0.1119  loss_bbox=0.0205  loss_depth=0.8005  loss_center=0.0108
[15:58:26] Epoch[77] [120/123]  total=17.2728  loss_ce=0.1850  loss_bbox=0.0316  loss_depth=1.1143  loss_center=0.0147
[15:58:28] Epoch [77/99] avg_loss=21.5859  time=76.0s  lr=2.00e-04
[15:58:36] Epoch[78] [12/123]  total=13.9974  loss_ce=0.0703  loss_bbox=0.0142  loss_depth=1.1407  loss_center=0.0067
[15:58:44] Epoch[78] [24/123]  total=23.2235  loss_ce=0.1159  loss_bbox=0.0190  loss_depth=2.0454  loss_center=0.0138
[15:58:51] Epoch[78] [36/123]  total=12.1261  loss_ce=0.0767  loss_bbox=0.0137  loss_depth=0.8400  loss_center=0.0079
[15:58:59] Epoch[78] [48/123]  total=17.9935  loss_ce=0.0840  loss_bbox=0.0143  loss_depth=2.4501  loss_center=0.0085
[15:59:06] Epoch[78] [60/123]  total=17.3249  loss_ce=0.1364  loss_bbox=0.0265  loss_depth=1.5072  loss_center=0.0094
[15:59:13] Epoch[78] [72/123]  total=22.4356  loss_ce=0.1443  loss_bbox=0.0202  loss_depth=1.9035  loss_center=0.0125
[15:59:21] Epoch[78] [84/123]  total=29.4417  loss_ce=0.2070  loss_bbox=0.0434  loss_depth=2.0094  loss_center=0.0187
[15:59:28] Epoch[78] [96/123]  total=26.0191  loss_ce=0.1965  loss_bbox=0.0331  loss_depth=1.4305  loss_center=0.0243
[15:59:35] Epoch[78] [108/123]  total=10.0242  loss_ce=0.0769  loss_bbox=0.0148  loss_depth=0.7668  loss_center=0.0069
[15:59:43] Epoch[78] [120/123]  total=11.7294  loss_ce=0.0843  loss_bbox=0.0116  loss_depth=0.8952  loss_center=0.0085
[15:59:44] Epoch [78/99] avg_loss=20.8423  time=76.1s  lr=2.00e-04
[15:59:53] Epoch[79] [12/123]  total=43.0995  loss_ce=0.2329  loss_bbox=0.0486  loss_depth=2.7229  loss_center=0.0305
[16:00:00] Epoch[79] [24/123]  total=28.4060  loss_ce=0.1887  loss_bbox=0.0306  loss_depth=1.8739  loss_center=0.0207
[16:00:07] Epoch[79] [36/123]  total=25.9101  loss_ce=0.1682  loss_bbox=0.0271  loss_depth=2.3042  loss_center=0.0157
[16:00:15] Epoch[79] [48/123]  total=13.0841  loss_ce=0.0749  loss_bbox=0.0170  loss_depth=0.8667  loss_center=0.0086
[16:00:22] Epoch[79] [60/123]  total=28.2744  loss_ce=0.1581  loss_bbox=0.0261  loss_depth=1.9842  loss_center=0.0126
[16:00:30] Epoch[79] [72/123]  total=30.4969  loss_ce=0.1425  loss_bbox=0.0347  loss_depth=2.5894  loss_center=0.0203
[16:00:37] Epoch[79] [84/123]  total=8.7423  loss_ce=0.0507  loss_bbox=0.0063  loss_depth=0.9117  loss_center=0.0031
[16:00:44] Epoch[79] [96/123]  total=5.8560  loss_ce=0.0294  loss_bbox=0.0072  loss_depth=0.3070  loss_center=0.0029
[16:00:51] Epoch[79] [108/123]  total=26.7858  loss_ce=0.1633  loss_bbox=0.0221  loss_depth=2.1944  loss_center=0.0152
[16:00:59] Epoch[79] [120/123]  total=19.3193  loss_ce=0.1247  loss_bbox=0.0287  loss_depth=1.4470  loss_center=0.0135
[16:01:01] Epoch [79/99] avg_loss=20.8940  time=76.2s  lr=2.00e-04
[16:01:09] Epoch[80] [12/123]  total=19.8268  loss_ce=0.1352  loss_bbox=0.0250  loss_depth=1.5757  loss_center=0.0109
[16:01:16] Epoch[80] [24/123]  total=17.2709  loss_ce=0.0887  loss_bbox=0.0176  loss_depth=1.3594  loss_center=0.0081
[16:01:24] Epoch[80] [36/123]  total=18.0893  loss_ce=0.1304  loss_bbox=0.0242  loss_depth=1.3522  loss_center=0.0128
[16:01:31] Epoch[80] [48/123]  total=21.6093  loss_ce=0.1428  loss_bbox=0.0222  loss_depth=1.9057  loss_center=0.0146
[16:01:38] Epoch[80] [60/123]  total=19.6492  loss_ce=0.1123  loss_bbox=0.0174  loss_depth=1.7360  loss_center=0.0118
[16:01:46] Epoch[80] [72/123]  total=12.2274  loss_ce=0.0695  loss_bbox=0.0104  loss_depth=1.0324  loss_center=0.0068
[16:01:53] Epoch[80] [84/123]  total=10.8026  loss_ce=0.0876  loss_bbox=0.0098  loss_depth=0.7928  loss_center=0.0057
[16:02:00] Epoch[80] [96/123]  total=26.7564  loss_ce=0.1949  loss_bbox=0.0356  loss_depth=1.8937  loss_center=0.0189
[16:02:08] Epoch[80] [108/123]  total=25.1804  loss_ce=0.1420  loss_bbox=0.0274  loss_depth=1.9300  loss_center=0.0166
[16:02:15] Epoch[80] [120/123]  total=23.9684  loss_ce=0.1700  loss_bbox=0.0233  loss_depth=1.9052  loss_center=0.0151
[16:02:17] Epoch [80/99] avg_loss=22.1045  time=76.2s  lr=2.00e-04
[16:03:09] Eval failed: Signature mismatch: 2 argument types given, but function takes 1 arguments
[16:03:09]   Val Car Moderate mAP: 0.0000
[16:03:24]   Best: 0.0000 @ epoch 0
[16:03:32] Epoch[81] [12/123]  total=25.0896  loss_ce=0.1859  loss_bbox=0.0267  loss_depth=1.6656  loss_center=0.0132
[16:03:40] Epoch[81] [24/123]  total=31.2989  loss_ce=0.2077  loss_bbox=0.0399  loss_depth=1.9875  loss_center=0.0193
[16:03:47] Epoch[81] [36/123]  total=33.8727  loss_ce=0.2232  loss_bbox=0.0461  loss_depth=2.1232  loss_center=0.0238
[16:03:55] Epoch[81] [48/123]  total=33.8933  loss_ce=0.2257  loss_bbox=0.0411  loss_depth=2.4096  loss_center=0.0233
[16:04:02] Epoch[81] [60/123]  total=32.2878  loss_ce=0.2194  loss_bbox=0.0343  loss_depth=2.2875  loss_center=0.0211
[16:04:10] Epoch[81] [72/123]  total=18.6350  loss_ce=0.1373  loss_bbox=0.0223  loss_depth=1.5511  loss_center=0.0124
[16:04:17] Epoch[81] [84/123]  total=12.2821  loss_ce=0.0932  loss_bbox=0.0124  loss_depth=0.9094  loss_center=0.0076
[16:04:24] Epoch[81] [96/123]  total=30.9977  loss_ce=0.1766  loss_bbox=0.0271  loss_depth=2.7351  loss_center=0.0206
[16:04:32] Epoch[81] [108/123]  total=26.1435  loss_ce=0.1991  loss_bbox=0.0269  loss_depth=2.0321  loss_center=0.0152
[16:04:39] Epoch[81] [120/123]  total=26.9979  loss_ce=0.1287  loss_bbox=0.0273  loss_depth=2.2295  loss_center=0.0152
[16:04:41] Epoch [81/99] avg_loss=20.5406  time=76.7s  lr=2.00e-04
[16:04:49] Epoch[82] [12/123]  total=19.5316  loss_ce=0.1493  loss_bbox=0.0263  loss_depth=1.4068  loss_center=0.0171
[16:04:56] Epoch[82] [24/123]  total=14.6339  loss_ce=0.0880  loss_bbox=0.0231  loss_depth=1.1258  loss_center=0.0099
[16:05:04] Epoch[82] [36/123]  total=13.6015  loss_ce=0.1064  loss_bbox=0.0151  loss_depth=0.8996  loss_center=0.0092
[16:05:11] Epoch[82] [48/123]  total=17.0989  loss_ce=0.1004  loss_bbox=0.0184  loss_depth=1.3373  loss_center=0.0111
[16:05:19] Epoch[82] [60/123]  total=10.7710  loss_ce=0.0637  loss_bbox=0.0080  loss_depth=0.6912  loss_center=0.0061
[16:05:26] Epoch[82] [72/123]  total=20.8301  loss_ce=0.1875  loss_bbox=0.0201  loss_depth=1.4028  loss_center=0.0115
[16:05:34] Epoch[82] [84/123]  total=15.3167  loss_ce=0.0811  loss_bbox=0.0170  loss_depth=1.3331  loss_center=0.0096
[16:05:41] Epoch[82] [96/123]  total=22.4859  loss_ce=0.1731  loss_bbox=0.0235  loss_depth=1.5003  loss_center=0.0114
[16:05:49] Epoch[82] [108/123]  total=21.5722  loss_ce=0.1405  loss_bbox=0.0264  loss_depth=1.5742  loss_center=0.0136
[16:05:56] Epoch[82] [120/123]  total=19.7513  loss_ce=0.1978  loss_bbox=0.0201  loss_depth=1.8635  loss_center=0.0096
[16:05:58] Epoch [82/99] avg_loss=20.0644  time=76.8s  lr=2.00e-04
[16:06:06] Epoch[83] [12/123]  total=21.7104  loss_ce=0.1334  loss_bbox=0.0261  loss_depth=1.7440  loss_center=0.0164
[16:06:13] Epoch[83] [24/123]  total=28.8470  loss_ce=0.1316  loss_bbox=0.0246  loss_depth=3.1020  loss_center=0.0190
[16:06:21] Epoch[83] [36/123]  total=14.1281  loss_ce=0.1040  loss_bbox=0.0186  loss_depth=1.0956  loss_center=0.0102
[16:06:28] Epoch[83] [48/123]  total=24.0090  loss_ce=0.1589  loss_bbox=0.0195  loss_depth=1.8941  loss_center=0.0138
[16:06:35] Epoch[83] [60/123]  total=16.5252  loss_ce=0.1214  loss_bbox=0.0179  loss_depth=1.2068  loss_center=0.0110
[16:06:42] Epoch[83] [72/123]  total=18.5480  loss_ce=0.1201  loss_bbox=0.0158  loss_depth=1.4284  loss_center=0.0131
[16:06:50] Epoch[83] [84/123]  total=19.7216  loss_ce=0.1379  loss_bbox=0.0181  loss_depth=1.6226  loss_center=0.0108
[16:06:57] Epoch[83] [96/123]  total=12.8710  loss_ce=0.0831  loss_bbox=0.0133  loss_depth=0.9742  loss_center=0.0068
[16:07:04] Epoch[83] [108/123]  total=22.0375  loss_ce=0.1262  loss_bbox=0.0281  loss_depth=1.6911  loss_center=0.0146
[16:07:12] Epoch[83] [120/123]  total=36.4601  loss_ce=0.2421  loss_bbox=0.0436  loss_depth=2.3087  loss_center=0.0294
[16:07:14] Epoch [83/99] avg_loss=21.0583  time=76.1s  lr=2.00e-04
[16:07:22] Epoch[84] [12/123]  total=22.5293  loss_ce=0.1485  loss_bbox=0.0264  loss_depth=1.9394  loss_center=0.0136
[16:07:29] Epoch[84] [24/123]  total=16.5627  loss_ce=0.1080  loss_bbox=0.0140  loss_depth=1.0194  loss_center=0.0088
[16:07:37] Epoch[84] [36/123]  total=28.3563  loss_ce=0.1813  loss_bbox=0.0351  loss_depth=1.8971  loss_center=0.0188
[16:07:44] Epoch[84] [48/123]  total=16.5242  loss_ce=0.1210  loss_bbox=0.0145  loss_depth=1.1180  loss_center=0.0097
[16:07:51] Epoch[84] [60/123]  total=29.3527  loss_ce=0.1392  loss_bbox=0.0369  loss_depth=1.9906  loss_center=0.0221
[16:07:59] Epoch[84] [72/123]  total=10.6151  loss_ce=0.0745  loss_bbox=0.0182  loss_depth=0.9578  loss_center=0.0067
[16:08:06] Epoch[84] [84/123]  total=9.4603  loss_ce=0.0659  loss_bbox=0.0092  loss_depth=0.9421  loss_center=0.0042
[16:08:13] Epoch[84] [96/123]  total=15.4205  loss_ce=0.1223  loss_bbox=0.0190  loss_depth=1.2706  loss_center=0.0102
[16:08:21] Epoch[84] [108/123]  total=16.7368  loss_ce=0.1061  loss_bbox=0.0194  loss_depth=1.3935  loss_center=0.0093
[16:08:28] Epoch[84] [120/123]  total=18.2929  loss_ce=0.1284  loss_bbox=0.0200  loss_depth=1.9473  loss_center=0.0119
[16:08:30] Epoch [84/99] avg_loss=20.1844  time=75.9s  lr=2.00e-04
[16:08:38] Epoch[85] [12/123]  total=9.9805  loss_ce=0.0730  loss_bbox=0.0141  loss_depth=0.7179  loss_center=0.0068
[16:08:45] Epoch[85] [24/123]  total=14.9710  loss_ce=0.0846  loss_bbox=0.0183  loss_depth=1.0785  loss_center=0.0123
[16:08:53] Epoch[85] [36/123]  total=20.1016  loss_ce=0.1053  loss_bbox=0.0164  loss_depth=1.6750  loss_center=0.0103
[16:09:00] Epoch[85] [48/123]  total=10.5702  loss_ce=0.0478  loss_bbox=0.0208  loss_depth=0.6730  loss_center=0.0102
[16:09:08] Epoch[85] [60/123]  total=12.9439  loss_ce=0.1046  loss_bbox=0.0215  loss_depth=0.7695  loss_center=0.0100
[16:09:15] Epoch[85] [72/123]  total=9.0033  loss_ce=0.0675  loss_bbox=0.0088  loss_depth=0.5288  loss_center=0.0043
[16:09:22] Epoch[85] [84/123]  total=20.4174  loss_ce=0.1124  loss_bbox=0.0227  loss_depth=1.9808  loss_center=0.0109
[16:09:30] Epoch[85] [96/123]  total=22.7299  loss_ce=0.1505  loss_bbox=0.0204  loss_depth=2.0371  loss_center=0.0123
[16:09:37] Epoch[85] [108/123]  total=29.1753  loss_ce=0.1711  loss_bbox=0.0309  loss_depth=2.2646  loss_center=0.0192
[16:09:44] Epoch[85] [120/123]  total=17.5265  loss_ce=0.1256  loss_bbox=0.0278  loss_depth=1.2057  loss_center=0.0120
[16:09:46] Epoch [85/99] avg_loss=19.9394  time=76.3s  lr=2.00e-04
[16:10:38] Eval failed: Signature mismatch: 2 argument types given, but function takes 1 arguments
[16:10:38]   Val Car Moderate mAP: 0.0000
[16:10:54]   Best: 0.0000 @ epoch 0
[16:11:02] Epoch[86] [12/123]  total=30.9951  loss_ce=0.1527  loss_bbox=0.0305  loss_depth=2.3648  loss_center=0.0177
[16:11:09] Epoch[86] [24/123]  total=12.1148  loss_ce=0.0836  loss_bbox=0.0194  loss_depth=0.9195  loss_center=0.0067
[16:11:16] Epoch[86] [36/123]  total=17.8771  loss_ce=0.1258  loss_bbox=0.0171  loss_depth=1.7257  loss_center=0.0102
[16:11:24] Epoch[86] [48/123]  total=10.6010  loss_ce=0.0787  loss_bbox=0.0144  loss_depth=0.7749  loss_center=0.0074
[16:11:31] Epoch[86] [60/123]  total=10.3321  loss_ce=0.0974  loss_bbox=0.0143  loss_depth=0.6302  loss_center=0.0066
[16:11:38] Epoch[86] [72/123]  total=14.1533  loss_ce=0.0867  loss_bbox=0.0186  loss_depth=1.1039  loss_center=0.0105
[16:11:46] Epoch[86] [84/123]  total=16.3203  loss_ce=0.1223  loss_bbox=0.0182  loss_depth=0.9770  loss_center=0.0113
[16:11:53] Epoch[86] [96/123]  total=18.1794  loss_ce=0.1333  loss_bbox=0.0192  loss_depth=1.3606  loss_center=0.0109
[16:12:01] Epoch[86] [108/123]  total=15.2647  loss_ce=0.0952  loss_bbox=0.0222  loss_depth=1.0833  loss_center=0.0095
[16:12:08] Epoch[86] [120/123]  total=11.8489  loss_ce=0.0494  loss_bbox=0.0088  loss_depth=0.8917  loss_center=0.0069
[16:12:10] Epoch [86/99] avg_loss=19.9889  time=76.2s  lr=2.00e-04
[16:12:18] Epoch[87] [12/123]  total=17.9892  loss_ce=0.1235  loss_bbox=0.0217  loss_depth=1.3155  loss_center=0.0125
[16:12:25] Epoch[87] [24/123]  total=27.1218  loss_ce=0.1746  loss_bbox=0.0276  loss_depth=1.9652  loss_center=0.0186
[16:12:33] Epoch[87] [36/123]  total=18.2416  loss_ce=0.1052  loss_bbox=0.0188  loss_depth=1.4184  loss_center=0.0109
[16:12:40] Epoch[87] [48/123]  total=17.6692  loss_ce=0.1392  loss_bbox=0.0217  loss_depth=1.3490  loss_center=0.0115
[16:12:47] Epoch[87] [60/123]  total=29.5761  loss_ce=0.1762  loss_bbox=0.0296  loss_depth=2.0754  loss_center=0.0177
[16:12:55] Epoch[87] [72/123]  total=20.2880  loss_ce=0.1293  loss_bbox=0.0210  loss_depth=1.5441  loss_center=0.0122
[16:13:02] Epoch[87] [84/123]  total=19.5043  loss_ce=0.0787  loss_bbox=0.0154  loss_depth=1.5589  loss_center=0.0101
[16:13:09] Epoch[87] [96/123]  total=34.1558  loss_ce=0.1977  loss_bbox=0.0433  loss_depth=2.9912  loss_center=0.0250
[16:13:17] Epoch[87] [108/123]  total=25.0418  loss_ce=0.1383  loss_bbox=0.0256  loss_depth=2.0592  loss_center=0.0153
[16:13:24] Epoch[87] [120/123]  total=24.5932  loss_ce=0.1470  loss_bbox=0.0313  loss_depth=1.8116  loss_center=0.0166
[16:13:26] Epoch [87/99] avg_loss=20.2323  time=75.9s  lr=2.00e-04
[16:13:34] Epoch[88] [12/123]  total=9.7744  loss_ce=0.0765  loss_bbox=0.0125  loss_depth=0.4377  loss_center=0.0062
[16:13:41] Epoch[88] [24/123]  total=25.8047  loss_ce=0.1705  loss_bbox=0.0274  loss_depth=2.0826  loss_center=0.0171
[16:13:49] Epoch[88] [36/123]  total=16.9328  loss_ce=0.1238  loss_bbox=0.0207  loss_depth=1.3453  loss_center=0.0111
[16:13:56] Epoch[88] [48/123]  total=13.2681  loss_ce=0.0714  loss_bbox=0.0148  loss_depth=1.1304  loss_center=0.0076
[16:14:04] Epoch[88] [60/123]  total=26.6233  loss_ce=0.1024  loss_bbox=0.0205  loss_depth=2.6381  loss_center=0.0120
[16:14:11] Epoch[88] [72/123]  total=19.2478  loss_ce=0.1092  loss_bbox=0.0184  loss_depth=1.5985  loss_center=0.0111
[16:14:18] Epoch[88] [84/123]  total=14.7166  loss_ce=0.1133  loss_bbox=0.0204  loss_depth=1.1709  loss_center=0.0098
[16:14:26] Epoch[88] [96/123]  total=24.6051  loss_ce=0.1253  loss_bbox=0.0249  loss_depth=1.9468  loss_center=0.0147
[16:14:33] Epoch[88] [108/123]  total=21.7510  loss_ce=0.1466  loss_bbox=0.0219  loss_depth=1.4580  loss_center=0.0141
[16:14:40] Epoch[88] [120/123]  total=17.9098  loss_ce=0.1007  loss_bbox=0.0173  loss_depth=1.6659  loss_center=0.0128
[16:14:42] Epoch [88/99] avg_loss=21.0250  time=76.3s  lr=2.00e-04
[16:14:50] Epoch[89] [12/123]  total=16.3775  loss_ce=0.1056  loss_bbox=0.0138  loss_depth=1.2378  loss_center=0.0098
[16:14:57] Epoch[89] [24/123]  total=21.4269  loss_ce=0.1488  loss_bbox=0.0262  loss_depth=1.9963  loss_center=0.0153
[16:15:05] Epoch[89] [36/123]  total=41.1620  loss_ce=0.2893  loss_bbox=0.0363  loss_depth=2.6575  loss_center=0.0239
[16:15:12] Epoch[89] [48/123]  total=14.1167  loss_ce=0.0848  loss_bbox=0.0152  loss_depth=0.9750  loss_center=0.0065
[16:15:19] Epoch[89] [60/123]  total=13.3759  loss_ce=0.0979  loss_bbox=0.0175  loss_depth=0.9459  loss_center=0.0089
[16:15:27] Epoch[89] [72/123]  total=27.1063  loss_ce=0.2557  loss_bbox=0.0316  loss_depth=1.9872  loss_center=0.0172
[16:15:34] Epoch[89] [84/123]  total=10.6283  loss_ce=0.0997  loss_bbox=0.0149  loss_depth=0.6163  loss_center=0.0067
[16:15:42] Epoch[89] [96/123]  total=12.0227  loss_ce=0.0738  loss_bbox=0.0119  loss_depth=0.8236  loss_center=0.0082
[16:15:49] Epoch[89] [108/123]  total=20.2167  loss_ce=0.1824  loss_bbox=0.0253  loss_depth=1.3175  loss_center=0.0113
[16:15:56] Epoch[89] [120/123]  total=20.5083  loss_ce=0.0950  loss_bbox=0.0187  loss_depth=1.6238  loss_center=0.0121
[16:15:58] Epoch [89/99] avg_loss=19.9851  time=76.2s  lr=2.00e-05
[16:16:06] Epoch[90] [12/123]  total=18.2987  loss_ce=0.1283  loss_bbox=0.0262  loss_depth=1.0462  loss_center=0.0128
[16:16:14] Epoch[90] [24/123]  total=14.4823  loss_ce=0.0960  loss_bbox=0.0211  loss_depth=0.9625  loss_center=0.0092
[16:16:21] Epoch[90] [36/123]  total=28.6762  loss_ce=0.1825  loss_bbox=0.0479  loss_depth=1.6010  loss_center=0.0250
[16:16:28] Epoch[90] [48/123]  total=24.8528  loss_ce=0.1997  loss_bbox=0.0334  loss_depth=1.7764  loss_center=0.0180
[16:16:36] Epoch[90] [60/123]  total=19.2889  loss_ce=0.1114  loss_bbox=0.0263  loss_depth=1.5404  loss_center=0.0144
[16:16:43] Epoch[90] [72/123]  total=11.4984  loss_ce=0.0907  loss_bbox=0.0104  loss_depth=0.9683  loss_center=0.0058
[16:16:50] Epoch[90] [84/123]  total=26.3188  loss_ce=0.1411  loss_bbox=0.0253  loss_depth=2.1131  loss_center=0.0186
[16:16:57] Epoch[90] [96/123]  total=16.8147  loss_ce=0.1181  loss_bbox=0.0202  loss_depth=1.1319  loss_center=0.0096
[16:17:05] Epoch[90] [108/123]  total=12.7128  loss_ce=0.0930  loss_bbox=0.0256  loss_depth=0.8318  loss_center=0.0089
[16:17:12] Epoch[90] [120/123]  total=31.2808  loss_ce=0.2589  loss_bbox=0.0422  loss_depth=2.1572  loss_center=0.0204
[16:17:14] Epoch [90/99] avg_loss=19.7521  time=76.0s  lr=2.00e-05
[16:18:05] Eval failed: Signature mismatch: 2 argument types given, but function takes 1 arguments
[16:18:05]   Val Car Moderate mAP: 0.0000
[16:18:21]   Best: 0.0000 @ epoch 0
[16:18:29] Epoch[91] [12/123]  total=23.9234  loss_ce=0.1791  loss_bbox=0.0294  loss_depth=1.6258  loss_center=0.0159
[16:18:37] Epoch[91] [24/123]  total=23.5481  loss_ce=0.1387  loss_bbox=0.0294  loss_depth=1.6999  loss_center=0.0198
[16:18:44] Epoch[91] [36/123]  total=9.9175  loss_ce=0.0665  loss_bbox=0.0145  loss_depth=0.6897  loss_center=0.0064
[16:18:52] Epoch[91] [48/123]  total=16.0786  loss_ce=0.0820  loss_bbox=0.0160  loss_depth=1.3310  loss_center=0.0092
[16:18:59] Epoch[91] [60/123]  total=17.3118  loss_ce=0.1159  loss_bbox=0.0158  loss_depth=1.1916  loss_center=0.0100
[16:19:06] Epoch[91] [72/123]  total=21.8945  loss_ce=0.1634  loss_bbox=0.0156  loss_depth=1.4690  loss_center=0.0117
[16:19:14] Epoch[91] [84/123]  total=13.3060  loss_ce=0.0953  loss_bbox=0.0208  loss_depth=0.8259  loss_center=0.0110
[16:19:21] Epoch[91] [96/123]  total=23.8739  loss_ce=0.1723  loss_bbox=0.0298  loss_depth=1.4996  loss_center=0.0176
[16:19:28] Epoch[91] [108/123]  total=8.2368  loss_ce=0.0523  loss_bbox=0.0155  loss_depth=0.3795  loss_center=0.0067
[16:19:36] Epoch[91] [120/123]  total=25.1536  loss_ce=0.2017  loss_bbox=0.0327  loss_depth=1.8006  loss_center=0.0146
[16:19:37] Epoch [91/99] avg_loss=18.4359  time=76.1s  lr=2.00e-05
[16:19:45] Epoch[92] [12/123]  total=16.4954  loss_ce=0.1155  loss_bbox=0.0175  loss_depth=1.3118  loss_center=0.0117
[16:19:53] Epoch[92] [24/123]  total=14.6729  loss_ce=0.1182  loss_bbox=0.0111  loss_depth=1.2228  loss_center=0.0076
[16:20:00] Epoch[92] [36/123]  total=16.1189  loss_ce=0.1143  loss_bbox=0.0193  loss_depth=1.0153  loss_center=0.0101
[16:20:08] Epoch[92] [48/123]  total=12.2427  loss_ce=0.0739  loss_bbox=0.0152  loss_depth=0.8949  loss_center=0.0073
[16:20:15] Epoch[92] [60/123]  total=13.0814  loss_ce=0.0877  loss_bbox=0.0082  loss_depth=1.0840  loss_center=0.0048
[16:20:22] Epoch[92] [72/123]  total=12.2670  loss_ce=0.0490  loss_bbox=0.0106  loss_depth=1.0125  loss_center=0.0076
[16:20:30] Epoch[92] [84/123]  total=17.3591  loss_ce=0.0995  loss_bbox=0.0165  loss_depth=1.2088  loss_center=0.0099
[16:20:37] Epoch[92] [96/123]  total=21.3509  loss_ce=0.1448  loss_bbox=0.0199  loss_depth=1.4821  loss_center=0.0131
[16:20:45] Epoch[92] [108/123]  total=22.4815  loss_ce=0.1794  loss_bbox=0.0317  loss_depth=1.4320  loss_center=0.0161
[16:20:52] Epoch[92] [120/123]  total=31.7718  loss_ce=0.1518  loss_bbox=0.0294  loss_depth=2.6276  loss_center=0.0215
[16:20:54] Epoch [92/99] avg_loss=17.5977  time=76.3s  lr=2.00e-05
[16:21:02] Epoch[93] [12/123]  total=17.3835  loss_ce=0.0727  loss_bbox=0.0184  loss_depth=1.3582  loss_center=0.0113
[16:21:09] Epoch[93] [24/123]  total=35.8505  loss_ce=0.1508  loss_bbox=0.0318  loss_depth=3.2702  loss_center=0.0218
[16:21:17] Epoch[93] [36/123]  total=14.4359  loss_ce=0.0515  loss_bbox=0.0147  loss_depth=1.3587  loss_center=0.0068
[16:21:24] Epoch[93] [48/123]  total=13.3980  loss_ce=0.1126  loss_bbox=0.0231  loss_depth=0.7703  loss_center=0.0121
[16:21:32] Epoch[93] [60/123]  total=22.9570  loss_ce=0.1588  loss_bbox=0.0277  loss_depth=1.6219  loss_center=0.0159
[16:21:39] Epoch[93] [72/123]  total=33.8158  loss_ce=0.1448  loss_bbox=0.0398  loss_depth=2.2198  loss_center=0.0258
[16:21:47] Epoch[93] [84/123]  total=23.1892  loss_ce=0.1560  loss_bbox=0.0214  loss_depth=1.9737  loss_center=0.0151
[16:21:54] Epoch[93] [96/123]  total=8.6664  loss_ce=0.0841  loss_bbox=0.0126  loss_depth=0.3683  loss_center=0.0054
[16:22:02] Epoch[93] [108/123]  total=8.7340  loss_ce=0.0414  loss_bbox=0.0045  loss_depth=0.7220  loss_center=0.0041
[16:22:09] Epoch[93] [120/123]  total=21.2124  loss_ce=0.1318  loss_bbox=0.0265  loss_depth=1.1294  loss_center=0.0154
[16:22:11] Epoch [93/99] avg_loss=17.8558  time=77.5s  lr=2.00e-05
[16:22:20] Epoch[94] [12/123]  total=20.1222  loss_ce=0.1397  loss_bbox=0.0283  loss_depth=1.0885  loss_center=0.0136
[16:22:27] Epoch[94] [24/123]  total=25.7167  loss_ce=0.1568  loss_bbox=0.0248  loss_depth=1.6148  loss_center=0.0138
[16:22:34] Epoch[94] [36/123]  total=22.6373  loss_ce=0.1160  loss_bbox=0.0229  loss_depth=1.8566  loss_center=0.0153
[16:22:42] Epoch[94] [48/123]  total=11.6671  loss_ce=0.0883  loss_bbox=0.0141  loss_depth=0.7978  loss_center=0.0071
[16:22:49] Epoch[94] [60/123]  total=13.8274  loss_ce=0.1028  loss_bbox=0.0196  loss_depth=0.8358  loss_center=0.0097
[16:22:56] Epoch[94] [72/123]  total=34.6296  loss_ce=0.1229  loss_bbox=0.0313  loss_depth=2.1026  loss_center=0.0281
[16:23:04] Epoch[94] [84/123]  total=20.1740  loss_ce=0.1148  loss_bbox=0.0220  loss_depth=1.2945  loss_center=0.0136
[16:23:11] Epoch[94] [96/123]  total=16.6213  loss_ce=0.0727  loss_bbox=0.0238  loss_depth=1.2015  loss_center=0.0131
[16:23:18] Epoch[94] [108/123]  total=7.9325  loss_ce=0.0622  loss_bbox=0.0101  loss_depth=0.3357  loss_center=0.0042
[16:23:26] Epoch[94] [120/123]  total=14.5861  loss_ce=0.0917  loss_bbox=0.0198  loss_depth=1.0360  loss_center=0.0087
[16:23:28] Epoch [94/99] avg_loss=17.3730  time=76.2s  lr=2.00e-05
[16:23:36] Epoch[95] [12/123]  total=10.9530  loss_ce=0.0780  loss_bbox=0.0175  loss_depth=0.7721  loss_center=0.0072
[16:23:43] Epoch[95] [24/123]  total=22.7414  loss_ce=0.1060  loss_bbox=0.0157  loss_depth=1.3642  loss_center=0.0100
[16:23:50] Epoch[95] [36/123]  total=20.9697  loss_ce=0.1515  loss_bbox=0.0235  loss_depth=1.4247  loss_center=0.0139
[16:23:58] Epoch[95] [48/123]  total=23.4036  loss_ce=0.1556  loss_bbox=0.0270  loss_depth=1.6670  loss_center=0.0150
[16:24:05] Epoch[95] [60/123]  total=15.8289  loss_ce=0.0817  loss_bbox=0.0225  loss_depth=1.3186  loss_center=0.0117
[16:24:13] Epoch[95] [72/123]  total=19.9406  loss_ce=0.1164  loss_bbox=0.0251  loss_depth=1.3255  loss_center=0.0127
[16:24:20] Epoch[95] [84/123]  total=19.0140  loss_ce=0.1659  loss_bbox=0.0250  loss_depth=1.1362  loss_center=0.0114
[16:24:27] Epoch[95] [96/123]  total=17.6858  loss_ce=0.1315  loss_bbox=0.0299  loss_depth=0.9419  loss_center=0.0156
[16:24:35] Epoch[95] [108/123]  total=36.5373  loss_ce=0.2177  loss_bbox=0.0500  loss_depth=2.2289  loss_center=0.0247
[16:24:42] Epoch[95] [120/123]  total=15.0653  loss_ce=0.0823  loss_bbox=0.0169  loss_depth=1.1039  loss_center=0.0113
[16:24:44] Epoch [95/99] avg_loss=18.6100  time=76.2s  lr=2.00e-05
[16:25:35] Eval failed: Signature mismatch: 2 argument types given, but function takes 1 arguments
[16:25:35]   Val Car Moderate mAP: 0.0000
[16:25:51]   Best: 0.0000 @ epoch 0
[16:25:59] Epoch[96] [12/123]  total=15.8131  loss_ce=0.1333  loss_bbox=0.0232  loss_depth=0.9385  loss_center=0.0124
[16:26:06] Epoch[96] [24/123]  total=14.9630  loss_ce=0.0978  loss_bbox=0.0176  loss_depth=1.0764  loss_center=0.0096
[16:26:14] Epoch[96] [36/123]  total=19.8800  loss_ce=0.1081  loss_bbox=0.0183  loss_depth=1.7395  loss_center=0.0101
[16:26:21] Epoch[96] [48/123]  total=19.2880  loss_ce=0.1199  loss_bbox=0.0215  loss_depth=1.4460  loss_center=0.0130
[16:26:28] Epoch[96] [60/123]  total=26.0247  loss_ce=0.1745  loss_bbox=0.0313  loss_depth=1.7521  loss_center=0.0197
[16:26:36] Epoch[96] [72/123]  total=12.6479  loss_ce=0.0730  loss_bbox=0.0165  loss_depth=0.8099  loss_center=0.0101
[16:26:43] Epoch[96] [84/123]  total=17.4408  loss_ce=0.1198  loss_bbox=0.0102  loss_depth=1.4409  loss_center=0.0099
[16:26:51] Epoch[96] [96/123]  total=15.3488  loss_ce=0.0658  loss_bbox=0.0192  loss_depth=1.0737  loss_center=0.0089
[16:26:58] Epoch[96] [108/123]  total=23.1107  loss_ce=0.1344  loss_bbox=0.0285  loss_depth=1.7246  loss_center=0.0172
[16:27:06] Epoch[96] [120/123]  total=15.6874  loss_ce=0.0896  loss_bbox=0.0208  loss_depth=1.0858  loss_center=0.0103
[16:27:08] Epoch [96/99] avg_loss=17.6296  time=76.4s  lr=2.00e-05
[16:27:16] Epoch[97] [12/123]  total=21.3257  loss_ce=0.1383  loss_bbox=0.0261  loss_depth=1.3848  loss_center=0.0179
[16:27:23] Epoch[97] [24/123]  total=22.2415  loss_ce=0.1466  loss_bbox=0.0255  loss_depth=1.4845  loss_center=0.0168
[16:27:30] Epoch[97] [36/123]  total=20.1433  loss_ce=0.1215  loss_bbox=0.0217  loss_depth=1.2576  loss_center=0.0131
[16:27:38] Epoch[97] [48/123]  total=14.1827  loss_ce=0.0730  loss_bbox=0.0157  loss_depth=1.0603  loss_center=0.0087
[16:27:45] Epoch[97] [60/123]  total=22.8465  loss_ce=0.1042  loss_bbox=0.0238  loss_depth=1.3821  loss_center=0.0161
[16:27:52] Epoch[97] [72/123]  total=22.6549  loss_ce=0.1021  loss_bbox=0.0200  loss_depth=2.0319  loss_center=0.0136
[16:28:00] Epoch[97] [84/123]  total=17.4645  loss_ce=0.1281  loss_bbox=0.0266  loss_depth=1.0452  loss_center=0.0136
[16:28:07] Epoch[97] [96/123]  total=20.4940  loss_ce=0.1290  loss_bbox=0.0273  loss_depth=1.4863  loss_center=0.0139
[16:28:14] Epoch[97] [108/123]  total=15.7079  loss_ce=0.0724  loss_bbox=0.0195  loss_depth=1.0210  loss_center=0.0099
[16:28:22] Epoch[97] [120/123]  total=19.5078  loss_ce=0.1189  loss_bbox=0.0201  loss_depth=1.5508  loss_center=0.0136
[16:28:24] Epoch [97/99] avg_loss=17.6216  time=76.9s  lr=2.00e-05
[16:28:33] Epoch[98] [12/123]  total=16.6508  loss_ce=0.0875  loss_bbox=0.0174  loss_depth=1.2263  loss_center=0.0115
[16:28:40] Epoch[98] [24/123]  total=15.6579  loss_ce=0.0839  loss_bbox=0.0203  loss_depth=1.0404  loss_center=0.0085
[16:28:47] Epoch[98] [36/123]  total=23.8222  loss_ce=0.0999  loss_bbox=0.0309  loss_depth=1.9759  loss_center=0.0158
[16:28:55] Epoch[98] [48/123]  total=14.8999  loss_ce=0.0664  loss_bbox=0.0174  loss_depth=1.1871  loss_center=0.0100
[16:29:02] Epoch[98] [60/123]  total=12.4211  loss_ce=0.0859  loss_bbox=0.0194  loss_depth=0.8266  loss_center=0.0080
[16:29:10] Epoch[98] [72/123]  total=12.0639  loss_ce=0.0657  loss_bbox=0.0168  loss_depth=0.8633  loss_center=0.0071
[16:29:17] Epoch[98] [84/123]  total=21.1114  loss_ce=0.1170  loss_bbox=0.0169  loss_depth=1.5983  loss_center=0.0120
[16:29:24] Epoch[98] [96/123]  total=24.1984  loss_ce=0.1540  loss_bbox=0.0323  loss_depth=1.7062  loss_center=0.0163
[16:29:32] Epoch[98] [108/123]  total=13.7793  loss_ce=0.0855  loss_bbox=0.0179  loss_depth=0.9464  loss_center=0.0093
[16:29:39] Epoch[98] [120/123]  total=18.3999  loss_ce=0.1369  loss_bbox=0.0312  loss_depth=1.0513  loss_center=0.0166
[16:29:41] Epoch [98/99] avg_loss=16.0839  time=76.3s  lr=2.00e-05
[16:29:49] Epoch[99] [12/123]  total=19.7835  loss_ce=0.1323  loss_bbox=0.0155  loss_depth=1.4698  loss_center=0.0104
[16:29:56] Epoch[99] [24/123]  total=17.0268  loss_ce=0.1024  loss_bbox=0.0134  loss_depth=1.1803  loss_center=0.0090
[16:30:03] Epoch[99] [36/123]  total=14.1746  loss_ce=0.0716  loss_bbox=0.0180  loss_depth=1.2450  loss_center=0.0092
[16:30:11] Epoch[99] [48/123]  total=15.4381  loss_ce=0.1272  loss_bbox=0.0115  loss_depth=1.2949  loss_center=0.0091
[16:30:18] Epoch[99] [60/123]  total=7.6067  loss_ce=0.0504  loss_bbox=0.0092  loss_depth=0.4652  loss_center=0.0052
[16:30:25] Epoch[99] [72/123]  total=15.5323  loss_ce=0.0771  loss_bbox=0.0205  loss_depth=0.9772  loss_center=0.0107
[16:30:33] Epoch[99] [84/123]  total=24.5766  loss_ce=0.2004  loss_bbox=0.0267  loss_depth=1.7585  loss_center=0.0164
[16:30:40] Epoch[99] [96/123]  total=6.1932  loss_ce=0.0248  loss_bbox=0.0052  loss_depth=0.4864  loss_center=0.0036
[16:30:48] Epoch[99] [108/123]  total=21.1127  loss_ce=0.1059  loss_bbox=0.0216  loss_depth=1.6229  loss_center=0.0141
[16:30:55] Epoch[99] [120/123]  total=19.4705  loss_ce=0.1081  loss_bbox=0.0258  loss_depth=1.0765  loss_center=0.0138
[16:30:57] Epoch [99/99] avg_loss=16.9902  time=76.2s  lr=2.00e-05
[16:31:48] Eval failed: Signature mismatch: 2 argument types given, but function takes 1 arguments
[16:31:48]   Val Car Moderate mAP: 0.0000
[16:32:04]   Best: 0.0000 @ epoch 0
