[2026-08-18 01:57:10] INFO Log file: outputs/vggt_monodetr_kitti_1280x384/logs/train_20260818_015710.log
[2026-08-18 01:57:10] INFO Config: {'dataset': 'kitti', 'root_dir': '/root/dataset/kitti', 'writelist': ['Pedestrian', 'Car', 'Cyclist'], 'class_merging': False, 'use_dontcare': False, 'use_3d_center': True, 'bbox2d_type': 'anno', 'meanshape': True, 'clip_2d': False, 'aug_pd': True, 'aug_crop': False, 'aug_calib': False, 'random_flip': 0.5, 'random_crop': 0.5, 'scale': 0.4, 'shift': 0.1, 'depth_scale': 'normal', 'vggt_w': 1280, 'vggt_h': 384, 'num_classes': 3, 'num_queries': 50, 'num_feature_levels': 4, 'hidden_dim': 256, 'group_num': 11, 'aux_loss': True, 'with_box_refine': True, 'two_stage': False, 'init_box': False, 'use_dab': False, 'two_stage_dino': False, 'use_dn': False, 'enc_layers': 6, 'dec_layers': 6, 'dim_feedforward': 1024, 'dropout': 0.1, 'nheads': 8, 'enc_n_points': 4, 'dec_n_points': 4, 'num_patterns': 0, 'return_intermediate_dec': True, 'set_cost_class': 2.0, 'set_cost_bbox': 5.0, 'set_cost_giou': 2.0, 'set_cost_3dcenter': 10.0, 'depth_min': '1e-3', 'depth_max': 80.0, 'num_depth_bins': 80, 'cls_loss_coef': 2.0, 'bbox_loss_coef': 5.0, 'giou_loss_coef': 2.0, 'dim_loss_coef': 1.0, 'angle_loss_coef': 1.0, 'depth_loss_coef': 1.0, '3dcenter_loss_coef': 10.0, 'focal_alpha': 0.25, 'max_epoch': 100, 'batch_size': 2, 'num_workers': 4, 'lr': 0.0002, 'lr_backbone': 0.0, 'weight_decay': 0.0001, 'clip_max_norm': 0.1, 'lr_drop': 90, 'warmup_min_lr': 1e-06, 'warmup_epochs': 5, 'save_path': 'outputs', 'experiment_name': 'vggt_monodetr_kitti_1280x384', 'resume_model': True, 'eval_during_training': False, 'score_threshold': 0.2}
[2026-08-18 01:57:10] INFO World size: 5, Output: outputs/vggt_monodetr_kitti_1280x384
[2026-08-18 01:57:10] INFO Train: 3712 samples | Val: 3769 samples
[2026-08-18 01:57:24] INFO Rank 0: trainable tensors=471, params=18,854,629
[2026-08-18 01:57:26] INFO ============================================================
[2026-08-18 01:57:26] INFO Starting training...
[2026-08-18 01:57:26] INFO ============================================================
[2026-08-18 01:58:08] INFO Epoch[0] [37/371]  total=51.6485  loss_ce=0.2455  loss_bbox=0.0440  loss_depth=3.3438  loss_center=0.0492
[2026-08-18 01:58:48] INFO Epoch[0] [74/371]  total=108.3862  loss_ce=0.5702  loss_bbox=0.1912  loss_depth=6.9103  loss_center=0.1132
[2026-08-18 01:59:29] INFO Epoch[0] [111/371]  total=20.6141  loss_ce=0.1785  loss_bbox=0.0233  loss_depth=1.0984  loss_center=0.0193
[2026-08-18 02:00:09] INFO Epoch[0] [148/371]  total=101.4251  loss_ce=0.6004  loss_bbox=0.3021  loss_depth=5.7999  loss_center=0.0875
[2026-08-18 02:00:50] INFO Epoch[0] [185/371]  total=85.6270  loss_ce=0.5175  loss_bbox=0.1845  loss_depth=5.4162  loss_center=0.0677
[2026-08-18 02:01:30] INFO Epoch[0] [222/371]  total=28.1174  loss_ce=0.1650  loss_bbox=0.0561  loss_depth=1.7949  loss_center=0.0316
[2026-08-18 02:02:11] INFO Epoch[0] [259/371]  total=30.7940  loss_ce=0.2079  loss_bbox=0.0485  loss_depth=1.8639  loss_center=0.0362
[2026-08-18 02:02:51] INFO Epoch[0] [296/371]  total=57.4673  loss_ce=0.3046  loss_bbox=0.0890  loss_depth=3.1467  loss_center=0.0335
[2026-08-18 02:03:31] INFO Epoch[0] [333/371]  total=55.5762  loss_ce=0.2760  loss_bbox=0.0531  loss_depth=3.1280  loss_center=0.0510
[2026-08-18 02:04:11] INFO Epoch[0] [370/371]  total=132.6827  loss_ce=0.7417  loss_bbox=0.1264  loss_depth=7.6313  loss_center=0.1194
[2026-08-18 02:04:13] INFO Epoch [0/99] avg_loss=62.1318  time=406.3s  lr=2.00e-04
[2026-08-18 02:04:13] INFO Checkpoint saved after epoch 0
[2026-08-18 02:04:13] INFO Evaluation during training is disabled; use --eval_only with a saved checkpoint.
[2026-08-18 02:04:54] INFO Epoch[1] [37/371]  total=124.8887  loss_ce=0.4438  loss_bbox=0.1471  loss_depth=7.6599  loss_center=0.1185
[2026-08-18 02:05:34] INFO Epoch[1] [74/371]  total=20.5933  loss_ce=0.0774  loss_bbox=0.0235  loss_depth=1.2504  loss_center=0.0095
[2026-08-18 02:06:14] INFO Epoch[1] [111/371]  total=38.4395  loss_ce=0.1701  loss_bbox=0.0355  loss_depth=2.6579  loss_center=0.0314
[2026-08-18 02:06:54] INFO Epoch[1] [148/371]  total=54.6159  loss_ce=0.3819  loss_bbox=0.1179  loss_depth=2.5794  loss_center=0.0364
[2026-08-18 02:07:34] INFO Epoch[1] [185/371]  total=12.3314  loss_ce=0.0893  loss_bbox=0.0121  loss_depth=0.8357  loss_center=0.0074
[2026-08-18 02:08:15] INFO Epoch[1] [222/371]  total=50.1728  loss_ce=0.2657  loss_bbox=0.0780  loss_depth=3.2445  loss_center=0.0346
[2026-08-18 02:08:55] INFO Epoch[1] [259/371]  total=63.9482  loss_ce=0.3141  loss_bbox=0.0837  loss_depth=3.6536  loss_center=0.0457
[2026-08-18 02:09:35] INFO Epoch[1] [296/371]  total=133.4803  loss_ce=0.8487  loss_bbox=0.1762  loss_depth=7.7097  loss_center=0.1105
[2026-08-18 02:10:15] INFO Epoch[1] [333/371]  total=19.2668  loss_ce=0.1362  loss_bbox=0.0275  loss_depth=0.9072  loss_center=0.0122
[2026-08-18 02:10:56] INFO Epoch[1] [370/371]  total=26.1915  loss_ce=0.1619  loss_bbox=0.0221  loss_depth=1.4332  loss_center=0.0128
[2026-08-18 02:10:57] INFO Epoch [1/99] avg_loss=48.2862  time=403.5s  lr=2.00e-04
[2026-08-18 02:10:57] INFO Checkpoint saved after epoch 1
[2026-08-18 02:11:38] INFO Epoch[2] [37/371]  total=15.5628  loss_ce=0.0953  loss_bbox=0.0073  loss_depth=0.9393  loss_center=0.0068
[2026-08-18 02:12:18] INFO Epoch[2] [74/371]  total=52.9271  loss_ce=0.4116  loss_bbox=0.0588  loss_depth=3.4314  loss_center=0.0215
[2026-08-18 02:12:58] INFO Epoch[2] [111/371]  total=23.2154  loss_ce=0.1467  loss_bbox=0.0098  loss_depth=2.1547  loss_center=0.0063
[2026-08-18 02:13:38] INFO Epoch[2] [148/371]  total=42.1295  loss_ce=0.2885  loss_bbox=0.0314  loss_depth=2.5541  loss_center=0.0193
[2026-08-18 02:14:18] INFO Epoch[2] [185/371]  total=41.2893  loss_ce=0.3300  loss_bbox=0.0350  loss_depth=2.2546  loss_center=0.0160
[2026-08-18 02:14:58] INFO Epoch[2] [222/371]  total=45.6086  loss_ce=0.2292  loss_bbox=0.0595  loss_depth=2.4579  loss_center=0.0354
[2026-08-18 02:15:38] INFO Epoch[2] [259/371]  total=63.4384  loss_ce=0.2696  loss_bbox=0.0943  loss_depth=4.2026  loss_center=0.0433
[2026-08-18 02:16:19] INFO Epoch[2] [296/371]  total=44.1366  loss_ce=0.2410  loss_bbox=0.0446  loss_depth=2.3983  loss_center=0.0149
[2026-08-18 02:16:59] INFO Epoch[2] [333/371]  total=37.8059  loss_ce=0.2154  loss_bbox=0.0483  loss_depth=1.6154  loss_center=0.0198
[2026-08-18 02:17:39] INFO Epoch[2] [370/371]  total=6.2661  loss_ce=0.0425  loss_bbox=0.0039  loss_depth=0.4644  loss_center=0.0012
[2026-08-18 02:17:41] INFO Epoch [2/99] avg_loss=43.1097  time=403.5s  lr=2.00e-04
[2026-08-18 02:17:41] INFO Checkpoint saved after epoch 2
[2026-08-18 02:18:22] INFO Epoch[3] [37/371]  total=32.2431  loss_ce=0.1800  loss_bbox=0.0202  loss_depth=2.2925  loss_center=0.0087
[2026-08-18 02:19:02] INFO Epoch[3] [74/371]  total=16.9263  loss_ce=0.1059  loss_bbox=0.0170  loss_depth=0.7621  loss_center=0.0041
[2026-08-18 02:19:42] INFO Epoch[3] [111/371]  total=39.8293  loss_ce=0.2446  loss_bbox=0.0405  loss_depth=2.6483  loss_center=0.0189
[2026-08-18 02:20:22] INFO Epoch[3] [148/371]  total=55.4041  loss_ce=0.3733  loss_bbox=0.0495  loss_depth=4.0138  loss_center=0.0294
[2026-08-18 02:21:02] INFO Epoch[3] [185/371]  total=30.6647  loss_ce=0.2458  loss_bbox=0.0253  loss_depth=2.5436  loss_center=0.0131
[2026-08-18 02:21:42] INFO Epoch[3] [222/371]  total=34.6982  loss_ce=0.2200  loss_bbox=0.0344  loss_depth=2.3841  loss_center=0.0214
[2026-08-18 02:22:22] INFO Epoch[3] [259/371]  total=31.0409  loss_ce=0.1877  loss_bbox=0.0249  loss_depth=2.5465  loss_center=0.0172
[2026-08-18 02:23:02] INFO Epoch[3] [296/371]  total=38.5915  loss_ce=0.2670  loss_bbox=0.0535  loss_depth=2.0365  loss_center=0.0184
[2026-08-18 02:23:42] INFO Epoch[3] [333/371]  total=51.8245  loss_ce=0.2792  loss_bbox=0.0562  loss_depth=3.7477  loss_center=0.0346
[2026-08-18 02:24:23] INFO Epoch[3] [370/371]  total=34.6202  loss_ce=0.2490  loss_bbox=0.0229  loss_depth=2.0403  loss_center=0.0135
[2026-08-18 02:24:24] INFO Epoch [3/99] avg_loss=38.2295  time=402.7s  lr=2.00e-04
[2026-08-18 02:24:24] INFO Checkpoint saved after epoch 3
[2026-08-18 02:25:05] INFO Epoch[4] [37/371]  total=22.4622  loss_ce=0.1301  loss_bbox=0.0134  loss_depth=1.3618  loss_center=0.0084
[2026-08-18 02:25:45] INFO Epoch[4] [74/371]  total=62.5547  loss_ce=0.2960  loss_bbox=0.0687  loss_depth=3.6692  loss_center=0.0481
[2026-08-18 02:26:26] INFO Epoch[4] [111/371]  total=54.2598  loss_ce=0.2911  loss_bbox=0.0607  loss_depth=3.3164  loss_center=0.0242
[2026-08-18 02:27:06] INFO Epoch[4] [148/371]  total=39.8003  loss_ce=0.3003  loss_bbox=0.0564  loss_depth=2.7679  loss_center=0.0192
[2026-08-18 02:27:46] INFO Epoch[4] [185/371]  total=10.0683  loss_ce=0.0609  loss_bbox=0.0063  loss_depth=0.8297  loss_center=0.0013
[2026-08-18 02:28:26] INFO Epoch[4] [222/371]  total=92.1202  loss_ce=0.4181  loss_bbox=0.0921  loss_depth=5.9948  loss_center=0.0627
[2026-08-18 02:29:06] INFO Epoch[4] [259/371]  total=28.5941  loss_ce=0.2600  loss_bbox=0.0204  loss_depth=1.6076  loss_center=0.0129
[2026-08-18 02:29:47] INFO Epoch[4] [296/371]  total=32.4980  loss_ce=0.2506  loss_bbox=0.0391  loss_depth=1.8311  loss_center=0.0123
[2026-08-18 02:30:27] INFO Epoch[4] [333/371]  total=40.6643  loss_ce=0.2473  loss_bbox=0.0350  loss_depth=3.3868  loss_center=0.0221
[2026-08-18 02:31:07] INFO Epoch[4] [370/371]  total=25.3954  loss_ce=0.1804  loss_bbox=0.0193  loss_depth=1.7209  loss_center=0.0115
[2026-08-18 02:31:08] INFO Epoch [4/99] avg_loss=38.8168  time=404.1s  lr=2.00e-04
[2026-08-18 02:31:09] INFO Checkpoint saved after epoch 4
[2026-08-18 02:31:49] INFO Epoch[5] [37/371]  total=20.2978  loss_ce=0.1370  loss_bbox=0.0318  loss_depth=0.9299  loss_center=0.0125
[2026-08-18 02:32:30] INFO Epoch[5] [74/371]  total=65.7066  loss_ce=0.4686  loss_bbox=0.1328  loss_depth=3.2562  loss_center=0.0571
[2026-08-18 02:33:10] INFO Epoch[5] [111/371]  total=16.5583  loss_ce=0.1275  loss_bbox=0.0115  loss_depth=1.2833  loss_center=0.0060
[2026-08-18 02:33:51] INFO Epoch[5] [148/371]  total=54.4247  loss_ce=0.2932  loss_bbox=0.0535  loss_depth=3.9365  loss_center=0.0258
[2026-08-18 02:34:32] INFO Epoch[5] [185/371]  total=43.7931  loss_ce=0.2241  loss_bbox=0.0371  loss_depth=2.6440  loss_center=0.0180
[2026-08-18 02:35:13] INFO Epoch[5] [222/371]  total=76.8938  loss_ce=0.3950  loss_bbox=0.0956  loss_depth=3.5144  loss_center=0.0608
[2026-08-18 02:35:54] INFO Epoch[5] [259/371]  total=16.5961  loss_ce=0.1508  loss_bbox=0.0269  loss_depth=0.3635  loss_center=0.0080
[2026-08-18 02:36:34] INFO Epoch[5] [296/371]  total=62.0392  loss_ce=0.4355  loss_bbox=0.1033  loss_depth=3.5415  loss_center=0.0422
[2026-08-18 02:37:15] INFO Epoch[5] [333/371]  total=55.4277  loss_ce=0.2788  loss_bbox=0.0466  loss_depth=3.7369  loss_center=0.0249
[2026-08-18 02:37:55] INFO Epoch[5] [370/371]  total=14.2359  loss_ce=0.1120  loss_bbox=0.0082  loss_depth=1.2207  loss_center=0.0059
[2026-08-18 02:37:57] INFO Epoch [5/99] avg_loss=33.7427  time=407.8s  lr=2.00e-04
[2026-08-18 02:37:57] INFO Checkpoint saved after epoch 5
[2026-08-18 02:38:38] INFO Epoch[6] [37/371]  total=17.5699  loss_ce=0.1286  loss_bbox=0.0181  loss_depth=1.1980  loss_center=0.0086
[2026-08-18 02:39:18] INFO Epoch[6] [74/371]  total=4.8184  loss_ce=0.0406  loss_bbox=0.0065  loss_depth=0.2374  loss_center=0.0018
[2026-08-18 02:39:58] INFO Epoch[6] [111/371]  total=47.3033  loss_ce=0.3391  loss_bbox=0.0608  loss_depth=2.2818  loss_center=0.0238
[2026-08-18 02:40:38] INFO Epoch[6] [148/371]  total=16.3256  loss_ce=0.0977  loss_bbox=0.0140  loss_depth=1.1005  loss_center=0.0095
[2026-08-18 02:41:18] INFO Epoch[6] [185/371]  total=25.7206  loss_ce=0.1536  loss_bbox=0.0312  loss_depth=2.0931  loss_center=0.0116
[2026-08-18 02:41:59] INFO Epoch[6] [222/371]  total=12.4650  loss_ce=0.1333  loss_bbox=0.0125  loss_depth=0.8139  loss_center=0.0062
[2026-08-18 02:42:39] INFO Epoch[6] [259/371]  total=20.2484  loss_ce=0.1287  loss_bbox=0.0235  loss_depth=0.6844  loss_center=0.0088
[2026-08-18 02:43:19] INFO Epoch[6] [296/371]  total=26.1986  loss_ce=0.1790  loss_bbox=0.0152  loss_depth=2.1552  loss_center=0.0109
[2026-08-18 02:43:59] INFO Epoch[6] [333/371]  total=6.0212  loss_ce=0.0805  loss_bbox=0.0045  loss_depth=0.3075  loss_center=0.0034
[2026-08-18 02:44:39] INFO Epoch[6] [370/371]  total=7.9484  loss_ce=0.0741  loss_bbox=0.0117  loss_depth=0.2717  loss_center=0.0043
[2026-08-18 02:44:40] INFO Epoch [6/99] avg_loss=33.5068  time=403.3s  lr=2.00e-04
[2026-08-18 02:44:41] INFO Checkpoint saved after epoch 6
[2026-08-18 02:45:21] INFO Epoch[7] [37/371]  total=62.0674  loss_ce=0.3581  loss_bbox=0.0591  loss_depth=4.0380  loss_center=0.0296
[2026-08-18 02:46:01] INFO Epoch[7] [74/371]  total=52.6083  loss_ce=0.2615  loss_bbox=0.0604  loss_depth=2.9970  loss_center=0.0299
[2026-08-18 02:46:41] INFO Epoch[7] [111/371]  total=37.7746  loss_ce=0.2427  loss_bbox=0.0321  loss_depth=2.1715  loss_center=0.0174
[2026-08-18 02:47:22] INFO Epoch[7] [148/371]  total=12.7832  loss_ce=0.1167  loss_bbox=0.0184  loss_depth=0.8834  loss_center=0.0087
[2026-08-18 02:48:02] INFO Epoch[7] [185/371]  total=32.6458  loss_ce=0.2379  loss_bbox=0.0495  loss_depth=2.1549  loss_center=0.0253
[2026-08-18 02:48:42] INFO Epoch[7] [222/371]  total=21.4675  loss_ce=0.1583  loss_bbox=0.0307  loss_depth=1.0485  loss_center=0.0121
[2026-08-18 02:49:22] INFO Epoch[7] [259/371]  total=34.3022  loss_ce=0.2849  loss_bbox=0.0344  loss_depth=1.5934  loss_center=0.0140
[2026-08-18 02:50:02] INFO Epoch[7] [296/371]  total=32.7619  loss_ce=0.3208  loss_bbox=0.0552  loss_depth=1.3666  loss_center=0.0187
[2026-08-18 02:50:43] INFO Epoch[7] [333/371]  total=24.8843  loss_ce=0.2007  loss_bbox=0.0385  loss_depth=1.9283  loss_center=0.0137
[2026-08-18 02:51:23] INFO Epoch[7] [370/371]  total=16.0053  loss_ce=0.1310  loss_bbox=0.0167  loss_depth=0.8987  loss_center=0.0047
[2026-08-18 02:51:24] INFO Epoch [7/99] avg_loss=31.6207  time=403.3s  lr=2.00e-04
[2026-08-18 02:51:25] INFO Checkpoint saved after epoch 7
[2026-08-18 02:52:05] INFO Epoch[8] [37/371]  total=9.2868  loss_ce=0.0912  loss_bbox=0.0091  loss_depth=0.6199  loss_center=0.0040
[2026-08-18 02:52:45] INFO Epoch[8] [74/371]  total=47.6879  loss_ce=0.2537  loss_bbox=0.0470  loss_depth=3.9376  loss_center=0.0246
[2026-08-18 02:53:25] INFO Epoch[8] [111/371]  total=26.9272  loss_ce=0.2489  loss_bbox=0.0275  loss_depth=2.1281  loss_center=0.0113
[2026-08-18 02:54:05] INFO Epoch[8] [148/371]  total=20.4130  loss_ce=0.2211  loss_bbox=0.0138  loss_depth=1.2508  loss_center=0.0085
[2026-08-18 02:54:45] INFO Epoch[8] [185/371]  total=4.5607  loss_ce=0.0580  loss_bbox=0.0042  loss_depth=0.3504  loss_center=0.0016
[2026-08-18 02:55:26] INFO Epoch[8] [222/371]  total=33.4186  loss_ce=0.2447  loss_bbox=0.0300  loss_depth=2.2413  loss_center=0.0178
[2026-08-18 02:56:06] INFO Epoch[8] [259/371]  total=16.8429  loss_ce=0.1351  loss_bbox=0.0119  loss_depth=1.4639  loss_center=0.0058
[2026-08-18 02:56:47] INFO Epoch[8] [296/371]  total=10.9590  loss_ce=0.0999  loss_bbox=0.0103  loss_depth=0.7817  loss_center=0.0035
[2026-08-18 02:57:27] INFO Epoch[8] [333/371]  total=50.7942  loss_ce=0.3879  loss_bbox=0.0313  loss_depth=4.1368  loss_center=0.0173
[2026-08-18 02:58:08] INFO Epoch[8] [370/371]  total=20.0931  loss_ce=0.1312  loss_bbox=0.0157  loss_depth=1.6747  loss_center=0.0067
[2026-08-18 02:58:09] INFO Epoch [8/99] avg_loss=31.1045  time=404.6s  lr=2.00e-04
[2026-08-18 02:58:10] INFO Checkpoint saved after epoch 8
[2026-08-18 02:58:50] INFO Epoch[9] [37/371]  total=12.9754  loss_ce=0.1318  loss_bbox=0.0134  loss_depth=0.6458  loss_center=0.0085
[2026-08-18 02:59:30] INFO Epoch[9] [74/371]  total=28.0646  loss_ce=0.2116  loss_bbox=0.0321  loss_depth=2.3122  loss_center=0.0153
[2026-08-18 03:00:10] INFO Epoch[9] [111/371]  total=62.3875  loss_ce=0.3753  loss_bbox=0.1117  loss_depth=4.3733  loss_center=0.0506
[2026-08-18 03:00:50] INFO Epoch[9] [148/371]  total=29.3854  loss_ce=0.2115  loss_bbox=0.0178  loss_depth=2.5743  loss_center=0.0109
[2026-08-18 03:01:30] INFO Epoch[9] [185/371]  total=10.2824  loss_ce=0.0970  loss_bbox=0.0084  loss_depth=0.9974  loss_center=0.0037
[2026-08-18 03:02:10] INFO Epoch[9] [222/371]  total=40.2130  loss_ce=0.3450  loss_bbox=0.0590  loss_depth=2.5489  loss_center=0.0170
[2026-08-18 03:02:50] INFO Epoch[9] [259/371]  total=45.2045  loss_ce=0.3180  loss_bbox=0.0454  loss_depth=3.1543  loss_center=0.0213
[2026-08-18 03:03:30] INFO Epoch[9] [296/371]  total=7.7735  loss_ce=0.0840  loss_bbox=0.0076  loss_depth=0.5257  loss_center=0.0028
[2026-08-18 03:04:10] INFO Epoch[9] [333/371]  total=33.3454  loss_ce=0.2157  loss_bbox=0.0242  loss_depth=2.1695  loss_center=0.0084
[2026-08-18 03:04:50] INFO Epoch[9] [370/371]  total=42.4842  loss_ce=0.3401  loss_bbox=0.0484  loss_depth=1.9755  loss_center=0.0225
[2026-08-18 03:04:52] INFO Epoch [9/99] avg_loss=30.0906  time=402.0s  lr=2.00e-04
[2026-08-18 03:04:52] INFO Checkpoint saved after epoch 9
[2026-08-18 03:05:33] INFO Epoch[10] [37/371]  total=41.3053  loss_ce=0.3475  loss_bbox=0.0847  loss_depth=2.8584  loss_center=0.0339
[2026-08-18 03:06:13] INFO Epoch[10] [74/371]  total=17.8722  loss_ce=0.1326  loss_bbox=0.0164  loss_depth=1.7875  loss_center=0.0102
[2026-08-18 03:06:53] INFO Epoch[10] [111/371]  total=56.2463  loss_ce=0.3184  loss_bbox=0.0760  loss_depth=3.6955  loss_center=0.0406
[2026-08-18 03:07:33] INFO Epoch[10] [148/371]  total=30.6813  loss_ce=0.2290  loss_bbox=0.0281  loss_depth=2.6169  loss_center=0.0167
[2026-08-18 03:08:13] INFO Epoch[10] [185/371]  total=59.6834  loss_ce=0.3627  loss_bbox=0.0786  loss_depth=5.1716  loss_center=0.0278
[2026-08-18 03:08:53] INFO Epoch[10] [222/371]  total=8.0234  loss_ce=0.1116  loss_bbox=0.0059  loss_depth=0.4762  loss_center=0.0034
[2026-08-18 03:09:33] INFO Epoch[10] [259/371]  total=25.0097  loss_ce=0.2397  loss_bbox=0.0434  loss_depth=1.3616  loss_center=0.0183
[2026-08-18 03:10:13] INFO Epoch[10] [296/371]  total=5.6151  loss_ce=0.0731  loss_bbox=0.0048  loss_depth=0.4022  loss_center=0.0030
[2026-08-18 03:10:54] INFO Epoch[10] [333/371]  total=57.9342  loss_ce=0.2829  loss_bbox=0.0439  loss_depth=3.0452  loss_center=0.0281
[2026-08-18 03:11:34] INFO Epoch[10] [370/371]  total=15.8318  loss_ce=0.1874  loss_bbox=0.0278  loss_depth=0.9284  loss_center=0.0081
[2026-08-18 03:11:35] INFO Epoch [10/99] avg_loss=30.8761  time=403.3s  lr=2.00e-04
[2026-08-18 03:11:36] INFO Checkpoint saved after epoch 10
[2026-08-18 03:12:17] INFO Epoch[11] [37/371]  total=37.9314  loss_ce=0.1987  loss_bbox=0.0287  loss_depth=2.3202  loss_center=0.0141
[2026-08-18 03:12:57] INFO Epoch[11] [74/371]  total=25.1865  loss_ce=0.1790  loss_bbox=0.0375  loss_depth=2.0948  loss_center=0.0166
[2026-08-18 03:13:37] INFO Epoch[11] [111/371]  total=90.2061  loss_ce=0.4868  loss_bbox=0.1012  loss_depth=6.4855  loss_center=0.0443
[2026-08-18 03:14:18] INFO Epoch[11] [148/371]  total=41.1571  loss_ce=0.5009  loss_bbox=0.0458  loss_depth=2.4595  loss_center=0.0155
[2026-08-18 03:14:58] INFO Epoch[11] [185/371]  total=12.2736  loss_ce=0.1261  loss_bbox=0.0099  loss_depth=1.3355  loss_center=0.0062
[2026-08-18 03:15:38] INFO Epoch[11] [222/371]  total=17.9016  loss_ce=0.1191  loss_bbox=0.0189  loss_depth=1.3626  loss_center=0.0080
[2026-08-18 03:16:18] INFO Epoch[11] [259/371]  total=62.7747  loss_ce=0.4764  loss_bbox=0.0467  loss_depth=4.2569  loss_center=0.0233
[2026-08-18 03:16:59] INFO Epoch[11] [296/371]  total=34.6245  loss_ce=0.2277  loss_bbox=0.0348  loss_depth=3.0515  loss_center=0.0198
[2026-08-18 03:17:39] INFO Epoch[11] [333/371]  total=35.7981  loss_ce=0.3778  loss_bbox=0.0318  loss_depth=2.6171  loss_center=0.0131
[2026-08-18 03:18:19] INFO Epoch[11] [370/371]  total=24.2513  loss_ce=0.1480  loss_bbox=0.0218  loss_depth=1.8189  loss_center=0.0075
[2026-08-18 03:18:20] INFO Epoch [11/99] avg_loss=29.2845  time=404.3s  lr=2.00e-04
[2026-08-18 03:18:21] INFO Checkpoint saved after epoch 11
[2026-08-18 03:19:01] INFO Epoch[12] [37/371]  total=45.3872  loss_ce=0.3788  loss_bbox=0.0586  loss_depth=3.2713  loss_center=0.0199
[2026-08-18 03:19:41] INFO Epoch[12] [74/371]  total=42.3266  loss_ce=0.3044  loss_bbox=0.0317  loss_depth=2.4908  loss_center=0.0237
[2026-08-18 03:20:22] INFO Epoch[12] [111/371]  total=21.5154  loss_ce=0.2383  loss_bbox=0.0409  loss_depth=1.6083  loss_center=0.0201
[2026-08-18 03:21:03] INFO Epoch[12] [148/371]  total=23.4998  loss_ce=0.1585  loss_bbox=0.0255  loss_depth=1.4190  loss_center=0.0110
[2026-08-18 03:21:43] INFO Epoch[12] [185/371]  total=3.1436  loss_ce=0.0529  loss_bbox=0.0029  loss_depth=0.1446  loss_center=0.0012
[2026-08-18 03:22:24] INFO Epoch[12] [222/371]  total=23.3647  loss_ce=0.1553  loss_bbox=0.0178  loss_depth=1.5219  loss_center=0.0103
[2026-08-18 03:23:04] INFO Epoch[12] [259/371]  total=17.8795  loss_ce=0.1314  loss_bbox=0.0184  loss_depth=1.3417  loss_center=0.0098
[2026-08-18 03:23:45] INFO Epoch[12] [296/371]  total=30.6867  loss_ce=0.2329  loss_bbox=0.0292  loss_depth=2.9562  loss_center=0.0170
[2026-08-18 03:24:26] INFO Epoch[12] [333/371]  total=18.5143  loss_ce=0.1248  loss_bbox=0.0087  loss_depth=1.2486  loss_center=0.0073
[2026-08-18 03:25:07] INFO Epoch[12] [370/371]  total=31.6664  loss_ce=0.2870  loss_bbox=0.0276  loss_depth=2.7519  loss_center=0.0162
[2026-08-18 03:25:08] INFO Epoch [12/99] avg_loss=27.0919  time=407.3s  lr=2.00e-04
[2026-08-18 03:25:08] INFO Checkpoint saved after epoch 12
[2026-08-18 03:25:50] INFO Epoch[13] [37/371]  total=34.2966  loss_ce=0.2699  loss_bbox=0.0322  loss_depth=1.6312  loss_center=0.0150
[2026-08-18 03:26:30] INFO Epoch[13] [74/371]  total=35.4738  loss_ce=0.2088  loss_bbox=0.0274  loss_depth=3.5609  loss_center=0.0151
[2026-08-18 03:27:10] INFO Epoch[13] [111/371]  total=9.6553  loss_ce=0.0743  loss_bbox=0.0041  loss_depth=0.9222  loss_center=0.0027
[2026-08-18 03:27:50] INFO Epoch[13] [148/371]  total=69.9548  loss_ce=0.4375  loss_bbox=0.0872  loss_depth=5.4193  loss_center=0.0420
[2026-08-18 03:28:30] INFO Epoch[13] [185/371]  total=59.1819  loss_ce=0.4779  loss_bbox=0.0726  loss_depth=4.2734  loss_center=0.0354
[2026-08-18 03:29:10] INFO Epoch[13] [222/371]  total=31.2821  loss_ce=0.2327  loss_bbox=0.0162  loss_depth=1.6217  loss_center=0.0079
[2026-08-18 03:29:50] INFO Epoch[13] [259/371]  total=29.0908  loss_ce=0.1908  loss_bbox=0.0314  loss_depth=2.6924  loss_center=0.0148
[2026-08-18 03:30:30] INFO Epoch[13] [296/371]  total=14.6490  loss_ce=0.1159  loss_bbox=0.0079  loss_depth=1.2019  loss_center=0.0046
[2026-08-18 03:31:11] INFO Epoch[13] [333/371]  total=4.0700  loss_ce=0.0385  loss_bbox=0.0013  loss_depth=0.5096  loss_center=0.0008
[2026-08-18 03:31:51] INFO Epoch[13] [370/371]  total=34.2777  loss_ce=0.2813  loss_bbox=0.0305  loss_depth=2.2398  loss_center=0.0141
[2026-08-18 03:31:52] INFO Epoch [13/99] avg_loss=27.8038  time=403.9s  lr=2.00e-04
[2026-08-18 03:31:53] INFO Checkpoint saved after epoch 13
[2026-08-18 03:32:33] INFO Epoch[14] [37/371]  total=53.2584  loss_ce=0.3198  loss_bbox=0.0539  loss_depth=3.3028  loss_center=0.0309
[2026-08-18 03:33:13] INFO Epoch[14] [74/371]  total=21.0540  loss_ce=0.1236  loss_bbox=0.0185  loss_depth=1.9618  loss_center=0.0091
[2026-08-18 03:33:53] INFO Epoch[14] [111/371]  total=14.0140  loss_ce=0.1276  loss_bbox=0.0326  loss_depth=0.7379  loss_center=0.0084
[2026-08-18 03:34:34] INFO Epoch[14] [148/371]  total=16.5422  loss_ce=0.1430  loss_bbox=0.0203  loss_depth=1.5945  loss_center=0.0068
[2026-08-18 03:35:14] INFO Epoch[14] [185/371]  total=70.4469  loss_ce=0.3621  loss_bbox=0.0725  loss_depth=4.2599  loss_center=0.0584
[2026-08-18 03:35:54] INFO Epoch[14] [222/371]  total=28.0685  loss_ce=0.2191  loss_bbox=0.0325  loss_depth=2.8193  loss_center=0.0189
[2026-08-18 03:36:34] INFO Epoch[14] [259/371]  total=25.1338  loss_ce=0.1354  loss_bbox=0.0187  loss_depth=1.9773  loss_center=0.0068
[2026-08-18 03:37:14] INFO Epoch[14] [296/371]  total=10.8542  loss_ce=0.0788  loss_bbox=0.0243  loss_depth=0.5920  loss_center=0.0028
[2026-08-18 03:37:54] INFO Epoch[14] [333/371]  total=15.5329  loss_ce=0.1223  loss_bbox=0.0166  loss_depth=1.5257  loss_center=0.0060
[2026-08-18 03:38:34] INFO Epoch[14] [370/371]  total=7.5327  loss_ce=0.0711  loss_bbox=0.0154  loss_depth=0.4455  loss_center=0.0039
[2026-08-18 03:38:35] INFO Epoch [14/99] avg_loss=27.5234  time=402.7s  lr=2.00e-04
[2026-08-18 03:38:36] INFO Checkpoint saved after epoch 14
[2026-08-18 03:39:16] INFO Epoch[15] [37/371]  total=12.8325  loss_ce=0.0838  loss_bbox=0.0124  loss_depth=1.0245  loss_center=0.0055
[2026-08-18 03:39:57] INFO Epoch[15] [74/371]  total=74.6153  loss_ce=0.4521  loss_bbox=0.0602  loss_depth=4.1711  loss_center=0.0458
[2026-08-18 03:40:37] INFO Epoch[15] [111/371]  total=41.2399  loss_ce=0.3043  loss_bbox=0.0526  loss_depth=3.1671  loss_center=0.0265
[2026-08-18 03:41:17] INFO Epoch[15] [148/371]  total=14.0354  loss_ce=0.0704  loss_bbox=0.0183  loss_depth=1.7163  loss_center=0.0071
[2026-08-18 03:41:57] INFO Epoch[15] [185/371]  total=20.2752  loss_ce=0.2119  loss_bbox=0.0178  loss_depth=1.2818  loss_center=0.0120
[2026-08-18 03:42:37] INFO Epoch[15] [222/371]  total=7.4730  loss_ce=0.0986  loss_bbox=0.0054  loss_depth=0.4276  loss_center=0.0040
[2026-08-18 03:43:17] INFO Epoch[15] [259/371]  total=14.4476  loss_ce=0.1102  loss_bbox=0.0172  loss_depth=0.8850  loss_center=0.0059
[2026-08-18 03:43:57] INFO Epoch[15] [296/371]  total=2.8957  loss_ce=0.0255  loss_bbox=0.0019  loss_depth=0.2134  loss_center=0.0012
[2026-08-18 03:44:37] INFO Epoch[15] [333/371]  total=21.8683  loss_ce=0.2033  loss_bbox=0.0186  loss_depth=1.7960  loss_center=0.0106
[2026-08-18 03:45:17] INFO Epoch[15] [370/371]  total=3.7943  loss_ce=0.0476  loss_bbox=0.0089  loss_depth=0.2125  loss_center=0.0018
[2026-08-18 03:45:18] INFO Epoch [15/99] avg_loss=26.6458  time=402.3s  lr=2.00e-04
[2026-08-18 03:45:19] INFO Checkpoint saved after epoch 15
[2026-08-18 03:45:59] INFO Epoch[16] [37/371]  total=6.5169  loss_ce=0.0580  loss_bbox=0.0043  loss_depth=0.6326  loss_center=0.0023
[2026-08-18 03:46:39] INFO Epoch[16] [74/371]  total=35.6584  loss_ce=0.2965  loss_bbox=0.0300  loss_depth=1.8551  loss_center=0.0143
[2026-08-18 03:47:19] INFO Epoch[16] [111/371]  total=22.1773  loss_ce=0.1728  loss_bbox=0.0267  loss_depth=1.7163  loss_center=0.0087
[2026-08-18 03:47:59] INFO Epoch[16] [148/371]  total=35.1597  loss_ce=0.2072  loss_bbox=0.0337  loss_depth=3.0936  loss_center=0.0200
[2026-08-18 03:48:39] INFO Epoch[16] [185/371]  total=29.2596  loss_ce=0.1385  loss_bbox=0.0225  loss_depth=2.5189  loss_center=0.0163
[2026-08-18 03:49:20] INFO Epoch[16] [222/371]  total=17.3028  loss_ce=0.1543  loss_bbox=0.0147  loss_depth=0.8304  loss_center=0.0087
[2026-08-18 03:50:00] INFO Epoch[16] [259/371]  total=20.8598  loss_ce=0.1175  loss_bbox=0.0139  loss_depth=1.3399  loss_center=0.0073
[2026-08-18 03:50:40] INFO Epoch[16] [296/371]  total=16.0242  loss_ce=0.1585  loss_bbox=0.0135  loss_depth=1.1858  loss_center=0.0071
[2026-08-18 03:51:21] INFO Epoch[16] [333/371]  total=40.6373  loss_ce=0.2126  loss_bbox=0.0653  loss_depth=2.8288  loss_center=0.0325
[2026-08-18 03:52:01] INFO Epoch[16] [370/371]  total=9.5848  loss_ce=0.0494  loss_bbox=0.0103  loss_depth=0.6223  loss_center=0.0030
[2026-08-18 03:52:02] INFO Epoch [16/99] avg_loss=25.7708  time=403.8s  lr=2.00e-04
[2026-08-18 03:52:03] INFO Checkpoint saved after epoch 16
[2026-08-18 03:52:43] INFO Epoch[17] [37/371]  total=30.2660  loss_ce=0.2342  loss_bbox=0.0167  loss_depth=2.1249  loss_center=0.0153
[2026-08-18 03:53:24] INFO Epoch[17] [74/371]  total=2.9191  loss_ce=0.0298  loss_bbox=0.0010  loss_depth=0.2319  loss_center=0.0011
[2026-08-18 03:54:04] INFO Epoch[17] [111/371]  total=40.8110  loss_ce=0.1969  loss_bbox=0.0285  loss_depth=3.7969  loss_center=0.0194
[2026-08-18 03:54:44] INFO Epoch[17] [148/371]  total=45.2896  loss_ce=0.2767  loss_bbox=0.0583  loss_depth=3.2484  loss_center=0.0247
[2026-08-18 03:55:24] INFO Epoch[17] [185/371]  total=27.5962  loss_ce=0.1593  loss_bbox=0.0209  loss_depth=2.2560  loss_center=0.0081
[2026-08-18 03:56:05] INFO Epoch[17] [222/371]  total=37.4034  loss_ce=0.3771  loss_bbox=0.0367  loss_depth=2.6608  loss_center=0.0161
[2026-08-18 03:56:45] INFO Epoch[17] [259/371]  total=22.1354  loss_ce=0.1231  loss_bbox=0.0168  loss_depth=1.5410  loss_center=0.0076
[2026-08-18 03:57:25] INFO Epoch[17] [296/371]  total=31.1678  loss_ce=0.3804  loss_bbox=0.0297  loss_depth=1.9378  loss_center=0.0151
[2026-08-18 03:58:05] INFO Epoch[17] [333/371]  total=45.5201  loss_ce=0.2509  loss_bbox=0.0492  loss_depth=4.0932  loss_center=0.0216
[2026-08-18 03:58:46] INFO Epoch[17] [370/371]  total=45.2722  loss_ce=0.2233  loss_bbox=0.0489  loss_depth=2.1002  loss_center=0.0260
[2026-08-18 03:58:47] INFO Epoch [17/99] avg_loss=26.8851  time=404.0s  lr=2.00e-04
[2026-08-18 03:58:47] INFO Checkpoint saved after epoch 17
[2026-08-18 03:59:28] INFO Epoch[18] [37/371]  total=24.4194  loss_ce=0.2688  loss_bbox=0.0197  loss_depth=1.7840  loss_center=0.0114
[2026-08-18 04:00:09] INFO Epoch[18] [74/371]  total=40.6468  loss_ce=0.3092  loss_bbox=0.0587  loss_depth=3.3669  loss_center=0.0292
[2026-08-18 04:00:50] INFO Epoch[18] [111/371]  total=11.4325  loss_ce=0.0898  loss_bbox=0.0093  loss_depth=1.0030  loss_center=0.0038
[2026-08-18 04:01:31] INFO Epoch[18] [148/371]  total=25.0569  loss_ce=0.2005  loss_bbox=0.0182  loss_depth=2.0528  loss_center=0.0062
[2026-08-18 04:02:11] INFO Epoch[18] [185/371]  total=32.7071  loss_ce=0.3083  loss_bbox=0.0354  loss_depth=2.2799  loss_center=0.0154
[2026-08-18 04:02:52] INFO Epoch[18] [222/371]  total=32.5392  loss_ce=0.2822  loss_bbox=0.0205  loss_depth=1.5578  loss_center=0.0109
[2026-08-18 04:03:33] INFO Epoch[18] [259/371]  total=21.1872  loss_ce=0.2177  loss_bbox=0.0136  loss_depth=1.7511  loss_center=0.0076
[2026-08-18 04:04:13] INFO Epoch[18] [296/371]  total=12.5390  loss_ce=0.0717  loss_bbox=0.0129  loss_depth=0.8491  loss_center=0.0017
[2026-08-18 04:04:54] INFO Epoch[18] [333/371]  total=31.9434  loss_ce=0.1542  loss_bbox=0.0297  loss_depth=2.2870  loss_center=0.0158
[2026-08-18 04:05:35] INFO Epoch[18] [370/371]  total=31.4133  loss_ce=0.1973  loss_bbox=0.0498  loss_depth=1.4788  loss_center=0.0273
[2026-08-18 04:05:36] INFO Epoch [18/99] avg_loss=26.9874  time=408.5s  lr=2.00e-04
[2026-08-18 04:05:36] INFO Checkpoint saved after epoch 18
[2026-08-18 04:06:17] INFO Epoch[19] [37/371]  total=31.1533  loss_ce=0.1725  loss_bbox=0.0400  loss_depth=2.7848  loss_center=0.0237
[2026-08-18 04:06:58] INFO Epoch[19] [74/371]  total=45.1571  loss_ce=0.2357  loss_bbox=0.0378  loss_depth=3.5318  loss_center=0.0188
[2026-08-18 04:07:39] INFO Epoch[19] [111/371]  total=33.5431  loss_ce=0.3247  loss_bbox=0.0373  loss_depth=2.4009  loss_center=0.0199
[2026-08-18 04:08:20] INFO Epoch[19] [148/371]  total=8.0666  loss_ce=0.0518  loss_bbox=0.0054  loss_depth=0.6588  loss_center=0.0044
[2026-08-18 04:09:01] INFO Epoch[19] [185/371]  total=9.4168  loss_ce=0.0662  loss_bbox=0.0041  loss_depth=0.9440  loss_center=0.0028
[2026-08-18 04:09:42] INFO Epoch[19] [222/371]  total=33.8584  loss_ce=0.2310  loss_bbox=0.0296  loss_depth=2.7995  loss_center=0.0181
[2026-08-18 04:10:23] INFO Epoch[19] [259/371]  total=28.6290  loss_ce=0.2704  loss_bbox=0.0168  loss_depth=2.5182  loss_center=0.0122
[2026-08-18 04:11:03] INFO Epoch[19] [296/371]  total=15.0696  loss_ce=0.1319  loss_bbox=0.0192  loss_depth=0.7898  loss_center=0.0100
[2026-08-18 04:11:44] INFO Epoch[19] [333/371]  total=11.8883  loss_ce=0.0749  loss_bbox=0.0246  loss_depth=0.7469  loss_center=0.0066
[2026-08-18 04:12:24] INFO Epoch[19] [370/371]  total=18.3122  loss_ce=0.1196  loss_bbox=0.0213  loss_depth=1.2059  loss_center=0.0077
[2026-08-18 04:12:25] INFO Epoch [19/99] avg_loss=26.1869  time=409.3s  lr=2.00e-04
[2026-08-18 04:12:26] INFO Checkpoint saved after epoch 19
[2026-08-18 04:13:07] INFO Epoch[20] [37/371]  total=25.8482  loss_ce=0.2258  loss_bbox=0.0227  loss_depth=1.6164  loss_center=0.0149
[2026-08-18 04:13:48] INFO Epoch[20] [74/371]  total=7.1420  loss_ce=0.0727  loss_bbox=0.0065  loss_depth=0.3137  loss_center=0.0052
[2026-08-18 04:14:28] INFO Epoch[20] [111/371]  total=12.0542  loss_ce=0.0963  loss_bbox=0.0233  loss_depth=0.6573  loss_center=0.0111
[2026-08-18 04:15:09] INFO Epoch[20] [148/371]  total=25.0755  loss_ce=0.2404  loss_bbox=0.0301  loss_depth=1.4965  loss_center=0.0194
[2026-08-18 04:15:50] INFO Epoch[20] [185/371]  total=21.8567  loss_ce=0.1631  loss_bbox=0.0351  loss_depth=1.3182  loss_center=0.0136
[2026-08-18 04:16:31] INFO Epoch[20] [222/371]  total=6.7812  loss_ce=0.0370  loss_bbox=0.0055  loss_depth=0.7970  loss_center=0.0022
[2026-08-18 04:17:12] INFO Epoch[20] [259/371]  total=13.6591  loss_ce=0.0989  loss_bbox=0.0148  loss_depth=0.6886  loss_center=0.0125
[2026-08-18 04:17:52] INFO Epoch[20] [296/371]  total=39.4589  loss_ce=0.3239  loss_bbox=0.0268  loss_depth=2.6454  loss_center=0.0158
[2026-08-18 04:18:33] INFO Epoch[20] [333/371]  total=8.0533  loss_ce=0.0903  loss_bbox=0.0041  loss_depth=0.3117  loss_center=0.0040
[2026-08-18 04:19:13] INFO Epoch[20] [370/371]  total=36.6339  loss_ce=0.1586  loss_bbox=0.0414  loss_depth=1.9853  loss_center=0.0337
[2026-08-18 04:19:15] INFO Epoch [20/99] avg_loss=24.2714  time=408.8s  lr=2.00e-04
[2026-08-18 04:19:15] INFO Checkpoint saved after epoch 20
[2026-08-18 04:19:56] INFO Epoch[21] [37/371]  total=16.6944  loss_ce=0.1661  loss_bbox=0.0245  loss_depth=0.9329  loss_center=0.0110
[2026-08-18 04:20:36] INFO Epoch[21] [74/371]  total=7.8695  loss_ce=0.0785  loss_bbox=0.0082  loss_depth=0.5372  loss_center=0.0043
[2026-08-18 04:21:16] INFO Epoch[21] [111/371]  total=34.6083  loss_ce=0.2502  loss_bbox=0.0472  loss_depth=1.8199  loss_center=0.0221
[2026-08-18 04:21:56] INFO Epoch[21] [148/371]  total=25.7543  loss_ce=0.1418  loss_bbox=0.0282  loss_depth=1.9938  loss_center=0.0109
[2026-08-18 04:22:36] INFO Epoch[21] [185/371]  total=33.2498  loss_ce=0.2108  loss_bbox=0.0126  loss_depth=2.9640  loss_center=0.0114
[2026-08-18 04:23:17] INFO Epoch[21] [222/371]  total=5.0291  loss_ce=0.0345  loss_bbox=0.0227  loss_depth=0.0469  loss_center=0.0086
[2026-08-18 04:23:58] INFO Epoch[21] [259/371]  total=10.5247  loss_ce=0.1258  loss_bbox=0.0150  loss_depth=0.6711  loss_center=0.0046
[2026-08-18 04:24:38] INFO Epoch[21] [296/371]  total=22.3914  loss_ce=0.1689  loss_bbox=0.0156  loss_depth=1.3031  loss_center=0.0104
[2026-08-18 04:25:19] INFO Epoch[21] [333/371]  total=37.9353  loss_ce=0.2122  loss_bbox=0.0436  loss_depth=3.0508  loss_center=0.0268
[2026-08-18 04:26:00] INFO Epoch[21] [370/371]  total=12.5683  loss_ce=0.1061  loss_bbox=0.0123  loss_depth=0.9283  loss_center=0.0061
[2026-08-18 04:26:01] INFO Epoch [21/99] avg_loss=25.5086  time=406.2s  lr=2.00e-04
[2026-08-18 04:26:02] INFO Checkpoint saved after epoch 21
[2026-08-18 04:26:43] INFO Epoch[22] [37/371]  total=9.2540  loss_ce=0.0611  loss_bbox=0.0093  loss_depth=0.6212  loss_center=0.0048
[2026-08-18 04:27:23] INFO Epoch[22] [74/371]  total=26.9038  loss_ce=0.2623  loss_bbox=0.0393  loss_depth=1.6248  loss_center=0.0141
[2026-08-18 04:28:03] INFO Epoch[22] [111/371]  total=15.7264  loss_ce=0.0853  loss_bbox=0.0070  loss_depth=1.3601  loss_center=0.0043
[2026-08-18 04:28:44] INFO Epoch[22] [148/371]  total=12.5870  loss_ce=0.0690  loss_bbox=0.0052  loss_depth=0.9738  loss_center=0.0035
[2026-08-18 04:29:24] INFO Epoch[22] [185/371]  total=13.5168  loss_ce=0.1099  loss_bbox=0.0062  loss_depth=1.1736  loss_center=0.0051
[2026-08-18 04:30:05] INFO Epoch[22] [222/371]  total=20.5162  loss_ce=0.1680  loss_bbox=0.0165  loss_depth=1.4906  loss_center=0.0061
[2026-08-18 04:30:45] INFO Epoch[22] [259/371]  total=5.3179  loss_ce=0.0593  loss_bbox=0.0096  loss_depth=0.4151  loss_center=0.0034
[2026-08-18 04:31:25] INFO Epoch[22] [296/371]  total=14.2920  loss_ce=0.1888  loss_bbox=0.0157  loss_depth=0.3692  loss_center=0.0064
[2026-08-18 04:32:05] INFO Epoch[22] [333/371]  total=18.4942  loss_ce=0.1584  loss_bbox=0.0315  loss_depth=1.3816  loss_center=0.0103
[2026-08-18 04:32:45] INFO Epoch[22] [370/371]  total=8.8446  loss_ce=0.0358  loss_bbox=0.0075  loss_depth=1.3616  loss_center=0.0030
[2026-08-18 04:32:46] INFO Epoch [22/99] avg_loss=24.4302  time=404.4s  lr=2.00e-04
[2026-08-18 04:32:47] INFO Checkpoint saved after epoch 22
[2026-08-18 04:33:27] INFO Epoch[23] [37/371]  total=48.8792  loss_ce=0.2108  loss_bbox=0.0505  loss_depth=4.1770  loss_center=0.0214
[2026-08-18 04:34:07] INFO Epoch[23] [74/371]  total=55.9888  loss_ce=0.3313  loss_bbox=0.0562  loss_depth=5.0952  loss_center=0.0310
[2026-08-18 04:34:47] INFO Epoch[23] [111/371]  total=33.9290  loss_ce=0.2020  loss_bbox=0.0138  loss_depth=3.7530  loss_center=0.0120
[2026-08-18 04:35:27] INFO Epoch[23] [148/371]  total=46.0169  loss_ce=0.2610  loss_bbox=0.0416  loss_depth=3.6526  loss_center=0.0243
[2026-08-18 04:36:08] INFO Epoch[23] [185/371]  total=11.6827  loss_ce=0.0502  loss_bbox=0.0100  loss_depth=0.8954  loss_center=0.0041
[2026-08-18 04:36:48] INFO Epoch[23] [222/371]  total=22.3663  loss_ce=0.1603  loss_bbox=0.0275  loss_depth=1.5316  loss_center=0.0112
[2026-08-18 04:37:28] INFO Epoch[23] [259/371]  total=11.2038  loss_ce=0.1503  loss_bbox=0.0178  loss_depth=0.6865  loss_center=0.0071
[2026-08-18 04:38:08] INFO Epoch[23] [296/371]  total=8.0535  loss_ce=0.0380  loss_bbox=0.0141  loss_depth=0.5781  loss_center=0.0030
[2026-08-18 04:38:48] INFO Epoch[23] [333/371]  total=12.7166  loss_ce=0.0801  loss_bbox=0.0173  loss_depth=0.8126  loss_center=0.0074
[2026-08-18 04:39:28] INFO Epoch[23] [370/371]  total=31.9568  loss_ce=0.1794  loss_bbox=0.0348  loss_depth=2.4497  loss_center=0.0175
[2026-08-18 04:39:29] INFO Epoch [23/99] avg_loss=23.7853  time=402.2s  lr=2.00e-04
[2026-08-18 04:39:29] INFO Checkpoint saved after epoch 23
[2026-08-18 04:40:10] INFO Epoch[24] [37/371]  total=20.3663  loss_ce=0.0479  loss_bbox=0.0081  loss_depth=2.9497  loss_center=0.0038
[2026-08-18 04:40:50] INFO Epoch[24] [74/371]  total=11.8761  loss_ce=0.0440  loss_bbox=0.0122  loss_depth=0.9028  loss_center=0.0047
[2026-08-18 04:41:31] INFO Epoch[24] [111/371]  total=39.8494  loss_ce=0.2337  loss_bbox=0.0405  loss_depth=3.5293  loss_center=0.0225
[2026-08-18 04:42:11] INFO Epoch[24] [148/371]  total=14.3449  loss_ce=0.0906  loss_bbox=0.0122  loss_depth=1.0645  loss_center=0.0043
[2026-08-18 04:42:51] INFO Epoch[24] [185/371]  total=37.1611  loss_ce=0.1531  loss_bbox=0.0382  loss_depth=2.9914  loss_center=0.0230
[2026-08-18 04:43:31] INFO Epoch[24] [222/371]  total=26.9275  loss_ce=0.2613  loss_bbox=0.0403  loss_depth=1.4874  loss_center=0.0118
[2026-08-18 04:44:11] INFO Epoch[24] [259/371]  total=9.4958  loss_ce=0.0672  loss_bbox=0.0103  loss_depth=0.8175  loss_center=0.0034
[2026-08-18 04:44:51] INFO Epoch[24] [296/371]  total=21.6779  loss_ce=0.1633  loss_bbox=0.0227  loss_depth=1.5720  loss_center=0.0145
[2026-08-18 04:45:31] INFO Epoch[24] [333/371]  total=30.0737  loss_ce=0.1300  loss_bbox=0.0313  loss_depth=2.5314  loss_center=0.0147
[2026-08-18 04:46:12] INFO Epoch[24] [370/371]  total=39.2531  loss_ce=0.2349  loss_bbox=0.0404  loss_depth=3.6105  loss_center=0.0222
[2026-08-18 04:46:13] INFO Epoch [24/99] avg_loss=24.8302  time=403.4s  lr=2.00e-04
[2026-08-18 04:46:13] INFO Checkpoint saved after epoch 24
[2026-08-18 04:46:54] INFO Epoch[25] [37/371]  total=9.4584  loss_ce=0.0366  loss_bbox=0.0041  loss_depth=0.9782  loss_center=0.0030
[2026-08-18 04:47:34] INFO Epoch[25] [74/371]  total=19.3873  loss_ce=0.0925  loss_bbox=0.0157  loss_depth=1.6656  loss_center=0.0081
[2026-08-18 04:48:13] INFO Epoch[25] [111/371]  total=30.2541  loss_ce=0.2140  loss_bbox=0.0336  loss_depth=2.1474  loss_center=0.0158
[2026-08-18 04:48:53] INFO Epoch[25] [148/371]  total=23.7697  loss_ce=0.1171  loss_bbox=0.0233  loss_depth=1.9734  loss_center=0.0102
[2026-08-18 04:49:34] INFO Epoch[25] [185/371]  total=13.8145  loss_ce=0.1219  loss_bbox=0.0222  loss_depth=0.8926  loss_center=0.0094
[2026-08-18 04:50:14] INFO Epoch[25] [222/371]  total=39.6657  loss_ce=0.2124  loss_bbox=0.0498  loss_depth=3.0598  loss_center=0.0333
[2026-08-18 04:50:54] INFO Epoch[25] [259/371]  total=30.7830  loss_ce=0.1737  loss_bbox=0.0345  loss_depth=2.5100  loss_center=0.0222
[2026-08-18 04:51:34] INFO Epoch[25] [296/371]  total=51.6529  loss_ce=0.4674  loss_bbox=0.0610  loss_depth=3.8960  loss_center=0.0299
[2026-08-18 04:52:15] INFO Epoch[25] [333/371]  total=0.3909  loss_ce=0.0349  loss_bbox=0.0000  loss_depth=0.0000  loss_center=0.0000
[2026-08-18 04:52:55] INFO Epoch[25] [370/371]  total=25.6522  loss_ce=0.1929  loss_bbox=0.0243  loss_depth=1.2769  loss_center=0.0065
[2026-08-18 04:52:56] INFO Epoch [25/99] avg_loss=23.1691  time=403.0s  lr=2.00e-04
[2026-08-18 04:52:57] INFO Checkpoint saved after epoch 25
[2026-08-18 04:53:37] INFO Epoch[26] [37/371]  total=23.6504  loss_ce=0.0901  loss_bbox=0.0217  loss_depth=1.8696  loss_center=0.0105
[2026-08-18 04:54:17] INFO Epoch[26] [74/371]  total=17.7650  loss_ce=0.0989  loss_bbox=0.0102  loss_depth=1.8270  loss_center=0.0042
[2026-08-18 04:54:57] INFO Epoch[26] [111/371]  total=31.9315  loss_ce=0.2323  loss_bbox=0.0332  loss_depth=2.5479  loss_center=0.0109
[2026-08-18 04:55:37] INFO Epoch[26] [148/371]  total=9.2683  loss_ce=0.0633  loss_bbox=0.0039  loss_depth=0.7767  loss_center=0.0027
[2026-08-18 04:56:17] INFO Epoch[26] [185/371]  total=34.0235  loss_ce=0.3526  loss_bbox=0.0337  loss_depth=2.1211  loss_center=0.0142
[2026-08-18 04:56:57] INFO Epoch[26] [222/371]  total=11.9774  loss_ce=0.0681  loss_bbox=0.0074  loss_depth=1.3358  loss_center=0.0034
[2026-08-18 04:57:37] INFO Epoch[26] [259/371]  total=26.0375  loss_ce=0.2526  loss_bbox=0.0233  loss_depth=2.7609  loss_center=0.0069
[2026-08-18 04:58:18] INFO Epoch[26] [296/371]  total=46.6731  loss_ce=0.2465  loss_bbox=0.0952  loss_depth=2.1611  loss_center=0.0594
[2026-08-18 04:58:58] INFO Epoch[26] [333/371]  total=9.7889  loss_ce=0.0636  loss_bbox=0.0086  loss_depth=0.7558  loss_center=0.0037
[2026-08-18 04:59:38] INFO Epoch[26] [370/371]  total=36.4495  loss_ce=0.2826  loss_bbox=0.0306  loss_depth=2.1363  loss_center=0.0110
[2026-08-18 04:59:39] INFO Epoch [26/99] avg_loss=21.6332  time=402.5s  lr=2.00e-04
[2026-08-18 04:59:40] INFO Checkpoint saved after epoch 26
[2026-08-18 05:00:20] INFO Epoch[27] [37/371]  total=7.4200  loss_ce=0.0979  loss_bbox=0.0065  loss_depth=0.5354  loss_center=0.0058
[2026-08-18 05:01:00] INFO Epoch[27] [74/371]  total=7.0961  loss_ce=0.0439  loss_bbox=0.0036  loss_depth=0.7105  loss_center=0.0015
[2026-08-18 05:01:41] INFO Epoch[27] [111/371]  total=21.9138  loss_ce=0.1444  loss_bbox=0.0109  loss_depth=1.8858  loss_center=0.0082
[2026-08-18 05:02:21] INFO Epoch[27] [148/371]  total=7.2826  loss_ce=0.0358  loss_bbox=0.0054  loss_depth=0.8695  loss_center=0.0049
[2026-08-18 05:03:02] INFO Epoch[27] [185/371]  total=34.3083  loss_ce=0.2159  loss_bbox=0.0454  loss_depth=2.5080  loss_center=0.0205
[2026-08-18 05:03:43] INFO Epoch[27] [222/371]  total=6.4267  loss_ce=0.0631  loss_bbox=0.0104  loss_depth=0.3777  loss_center=0.0035
[2026-08-18 05:04:23] INFO Epoch[27] [259/371]  total=25.2017  loss_ce=0.1774  loss_bbox=0.0421  loss_depth=1.6956  loss_center=0.0190
[2026-08-18 05:05:04] INFO Epoch[27] [296/371]  total=16.7187  loss_ce=0.0384  loss_bbox=0.0101  loss_depth=1.8878  loss_center=0.0066
[2026-08-18 05:05:45] INFO Epoch[27] [333/371]  total=4.6605  loss_ce=0.0251  loss_bbox=0.0026  loss_depth=0.3652  loss_center=0.0012
[2026-08-18 05:06:25] INFO Epoch[27] [370/371]  total=18.3837  loss_ce=0.1274  loss_bbox=0.0203  loss_depth=1.3942  loss_center=0.0082
[2026-08-18 05:06:26] INFO Epoch [27/99] avg_loss=22.2505  time=406.5s  lr=2.00e-04
[2026-08-18 05:06:27] INFO Checkpoint saved after epoch 27
[2026-08-18 05:07:07] INFO Epoch[28] [37/371]  total=16.1937  loss_ce=0.0838  loss_bbox=0.0126  loss_depth=1.1110  loss_center=0.0051
[2026-08-18 05:07:47] INFO Epoch[28] [74/371]  total=35.5568  loss_ce=0.1975  loss_bbox=0.0440  loss_depth=2.6089  loss_center=0.0252
[2026-08-18 05:08:28] INFO Epoch[28] [111/371]  total=48.6630  loss_ce=0.3878  loss_bbox=0.0487  loss_depth=3.7510  loss_center=0.0238
[2026-08-18 05:09:08] INFO Epoch[28] [148/371]  total=25.5391  loss_ce=0.2075  loss_bbox=0.0126  loss_depth=2.2770  loss_center=0.0046
[2026-08-18 05:09:49] INFO Epoch[28] [185/371]  total=59.9278  loss_ce=0.3575  loss_bbox=0.0785  loss_depth=4.7867  loss_center=0.0334
[2026-08-18 05:10:29] INFO Epoch[28] [222/371]  total=44.2626  loss_ce=0.1831  loss_bbox=0.0381  loss_depth=2.1714  loss_center=0.0163
[2026-08-18 05:11:09] INFO Epoch[28] [259/371]  total=35.8073  loss_ce=0.2227  loss_bbox=0.0402  loss_depth=3.0036  loss_center=0.0155
[2026-08-18 05:11:49] INFO Epoch[28] [296/371]  total=35.8942  loss_ce=0.2265  loss_bbox=0.0434  loss_depth=3.2024  loss_center=0.0197
[2026-08-18 05:12:29] INFO Epoch[28] [333/371]  total=36.4702  loss_ce=0.2639  loss_bbox=0.0594  loss_depth=2.6945  loss_center=0.0219
[2026-08-18 05:13:09] INFO Epoch[28] [370/371]  total=2.1120  loss_ce=0.0187  loss_bbox=0.0004  loss_depth=0.1879  loss_center=0.0003
[2026-08-18 05:13:10] INFO Epoch [28/99] avg_loss=20.9939  time=403.7s  lr=2.00e-04
[2026-08-18 05:13:11] INFO Checkpoint saved after epoch 28
[2026-08-18 05:13:52] INFO Epoch[29] [37/371]  total=19.2161  loss_ce=0.2555  loss_bbox=0.0355  loss_depth=0.9021  loss_center=0.0113
[2026-08-18 05:14:32] INFO Epoch[29] [74/371]  total=4.0243  loss_ce=0.0296  loss_bbox=0.0119  loss_depth=0.1037  loss_center=0.0019
[2026-08-18 05:15:13] INFO Epoch[29] [111/371]  total=39.9860  loss_ce=0.1823  loss_bbox=0.0334  loss_depth=3.4576  loss_center=0.0198
[2026-08-18 05:15:53] INFO Epoch[29] [148/371]  total=15.4652  loss_ce=0.1835  loss_bbox=0.0226  loss_depth=1.0566  loss_center=0.0084
[2026-08-18 05:16:34] INFO Epoch[29] [185/371]  total=2.6598  loss_ce=0.0064  loss_bbox=0.0016  loss_depth=0.1400  loss_center=0.0007
[2026-08-18 05:17:14] INFO Epoch[29] [222/371]  total=18.1597  loss_ce=0.1843  loss_bbox=0.0187  loss_depth=1.2776  loss_center=0.0083
[2026-08-18 05:17:55] INFO Epoch[29] [259/371]  total=16.7622  loss_ce=0.1128  loss_bbox=0.0267  loss_depth=1.0165  loss_center=0.0081
[2026-08-18 05:18:35] INFO Epoch[29] [296/371]  total=29.9506  loss_ce=0.2270  loss_bbox=0.0385  loss_depth=2.0785  loss_center=0.0167
[2026-08-18 05:19:15] INFO Epoch[29] [333/371]  total=11.9241  loss_ce=0.0497  loss_bbox=0.0077  loss_depth=1.6056  loss_center=0.0037
[2026-08-18 05:19:55] INFO Epoch[29] [370/371]  total=25.6928  loss_ce=0.1716  loss_bbox=0.0192  loss_depth=2.0158  loss_center=0.0086
[2026-08-18 05:19:56] INFO Epoch [29/99] avg_loss=23.2551  time=405.0s  lr=2.00e-04
[2026-08-18 05:19:56] INFO Checkpoint saved after epoch 29
[2026-08-18 05:20:38] INFO Epoch[30] [37/371]  total=27.6118  loss_ce=0.1928  loss_bbox=0.0322  loss_depth=1.8148  loss_center=0.0187
[2026-08-18 05:21:18] INFO Epoch[30] [74/371]  total=20.0972  loss_ce=0.1019  loss_bbox=0.0337  loss_depth=1.4176  loss_center=0.0180
[2026-08-18 05:21:58] INFO Epoch[30] [111/371]  total=13.1708  loss_ce=0.0646  loss_bbox=0.0223  loss_depth=0.8390  loss_center=0.0075
[2026-08-18 05:22:38] INFO Epoch[30] [148/371]  total=27.8231  loss_ce=0.1698  loss_bbox=0.0164  loss_depth=2.2356  loss_center=0.0129
[2026-08-18 05:23:18] INFO Epoch[30] [185/371]  total=44.6454  loss_ce=0.2206  loss_bbox=0.0589  loss_depth=2.4432  loss_center=0.0361
[2026-08-18 05:23:58] INFO Epoch[30] [222/371]  total=15.2356  loss_ce=0.0841  loss_bbox=0.0188  loss_depth=1.5288  loss_center=0.0119
[2026-08-18 05:24:39] INFO Epoch[30] [259/371]  total=14.0972  loss_ce=0.0697  loss_bbox=0.0080  loss_depth=1.3178  loss_center=0.0055
[2026-08-18 05:25:19] INFO Epoch[30] [296/371]  total=19.2625  loss_ce=0.1757  loss_bbox=0.0420  loss_depth=1.2034  loss_center=0.0155
[2026-08-18 05:25:59] INFO Epoch[30] [333/371]  total=10.5438  loss_ce=0.0785  loss_bbox=0.0083  loss_depth=0.6924  loss_center=0.0037
[2026-08-18 05:26:40] INFO Epoch[30] [370/371]  total=8.3382  loss_ce=0.0492  loss_bbox=0.0074  loss_depth=0.5986  loss_center=0.0025
[2026-08-18 05:26:41] INFO Epoch [30/99] avg_loss=21.5560  time=404.6s  lr=2.00e-04
[2026-08-18 05:26:41] INFO Checkpoint saved after epoch 30
[2026-08-18 05:27:22] INFO Epoch[31] [37/371]  total=18.5638  loss_ce=0.1740  loss_bbox=0.0158  loss_depth=1.3028  loss_center=0.0083
[2026-08-18 05:28:03] INFO Epoch[31] [74/371]  total=24.0845  loss_ce=0.2909  loss_bbox=0.0276  loss_depth=1.6964  loss_center=0.0118
[2026-08-18 05:28:43] INFO Epoch[31] [111/371]  total=14.2028  loss_ce=0.0466  loss_bbox=0.0067  loss_depth=1.2452  loss_center=0.0033
[2026-08-18 05:29:23] INFO Epoch[31] [148/371]  total=28.0785  loss_ce=0.1448  loss_bbox=0.0204  loss_depth=2.4089  loss_center=0.0129
[2026-08-18 05:30:03] INFO Epoch[31] [185/371]  total=32.8087  loss_ce=0.1274  loss_bbox=0.0195  loss_depth=1.6521  loss_center=0.0129
[2026-08-18 05:30:43] INFO Epoch[31] [222/371]  total=13.7434  loss_ce=0.0743  loss_bbox=0.0078  loss_depth=0.9983  loss_center=0.0069
[2026-08-18 05:31:23] INFO Epoch[31] [259/371]  total=31.3148  loss_ce=0.2071  loss_bbox=0.0407  loss_depth=2.9037  loss_center=0.0220
[2026-08-18 05:32:03] INFO Epoch[31] [296/371]  total=29.3246  loss_ce=0.1329  loss_bbox=0.0183  loss_depth=2.2789  loss_center=0.0110
[2026-08-18 05:32:43] INFO Epoch[31] [333/371]  total=1.2878  loss_ce=0.0205  loss_bbox=0.0052  loss_depth=-0.0008  loss_center=0.0009
[2026-08-18 05:33:23] INFO Epoch[31] [370/371]  total=23.5906  loss_ce=0.1098  loss_bbox=0.0221  loss_depth=1.8972  loss_center=0.0059
[2026-08-18 05:33:25] INFO Epoch [31/99] avg_loss=20.1256  time=403.3s  lr=2.00e-04
[2026-08-18 05:33:25] INFO Checkpoint saved after epoch 31
[2026-08-18 05:34:05] INFO Epoch[32] [37/371]  total=18.4373  loss_ce=0.0916  loss_bbox=0.0156  loss_depth=1.3469  loss_center=0.0085
[2026-08-18 05:34:45] INFO Epoch[32] [74/371]  total=12.9721  loss_ce=0.0571  loss_bbox=0.0091  loss_depth=0.7295  loss_center=0.0049
[2026-08-18 05:35:26] INFO Epoch[32] [111/371]  total=15.6466  loss_ce=0.1482  loss_bbox=0.0202  loss_depth=0.8506  loss_center=0.0085
[2026-08-18 05:36:05] INFO Epoch[32] [148/371]  total=11.5837  loss_ce=0.0636  loss_bbox=0.0047  loss_depth=1.1992  loss_center=0.0029
[2026-08-18 05:36:45] INFO Epoch[32] [185/371]  total=27.7146  loss_ce=0.1431  loss_bbox=0.0327  loss_depth=2.1134  loss_center=0.0123
[2026-08-18 05:37:25] INFO Epoch[32] [222/371]  total=9.8246  loss_ce=0.0925  loss_bbox=0.0119  loss_depth=1.0112  loss_center=0.0029
[2026-08-18 05:38:05] INFO Epoch[32] [259/371]  total=25.3918  loss_ce=0.0744  loss_bbox=0.0320  loss_depth=2.3673  loss_center=0.0155
[2026-08-18 05:38:45] INFO Epoch[32] [296/371]  total=14.9046  loss_ce=0.1044  loss_bbox=0.0193  loss_depth=0.9396  loss_center=0.0083
[2026-08-18 05:39:26] INFO Epoch[32] [333/371]  total=1.9977  loss_ce=0.0275  loss_bbox=0.0024  loss_depth=0.1162  loss_center=0.0005
[2026-08-18 05:40:06] INFO Epoch[32] [370/371]  total=26.0007  loss_ce=0.0927  loss_bbox=0.0191  loss_depth=1.5064  loss_center=0.0087
[2026-08-18 05:40:08] INFO Epoch [32/99] avg_loss=19.8631  time=402.5s  lr=2.00e-04
[2026-08-18 05:40:08] INFO Checkpoint saved after epoch 32
[2026-08-18 05:40:49] INFO Epoch[33] [37/371]  total=7.3572  loss_ce=0.0483  loss_bbox=0.0050  loss_depth=0.6106  loss_center=0.0026
[2026-08-18 05:41:30] INFO Epoch[33] [74/371]  total=28.1235  loss_ce=0.1918  loss_bbox=0.0356  loss_depth=1.8801  loss_center=0.0186
[2026-08-18 05:42:10] INFO Epoch[33] [111/371]  total=9.4603  loss_ce=0.0440  loss_bbox=0.0049  loss_depth=0.9728  loss_center=0.0025
[2026-08-18 05:42:50] INFO Epoch[33] [148/371]  total=33.8670  loss_ce=0.1538  loss_bbox=0.0276  loss_depth=2.6871  loss_center=0.0132
[2026-08-18 05:43:30] INFO Epoch[33] [185/371]  total=13.5922  loss_ce=0.0775  loss_bbox=0.0101  loss_depth=1.4021  loss_center=0.0053
[2026-08-18 05:44:10] INFO Epoch[33] [222/371]  total=29.4478  loss_ce=0.1558  loss_bbox=0.0280  loss_depth=2.1312  loss_center=0.0186
[2026-08-18 05:44:50] INFO Epoch[33] [259/371]  total=53.0987  loss_ce=0.2393  loss_bbox=0.0583  loss_depth=2.7139  loss_center=0.0282
[2026-08-18 05:45:31] INFO Epoch[33] [296/371]  total=50.8450  loss_ce=0.4299  loss_bbox=0.0630  loss_depth=3.5090  loss_center=0.0266
[2026-08-18 05:46:12] INFO Epoch[33] [333/371]  total=36.5442  loss_ce=0.1998  loss_bbox=0.0218  loss_depth=3.8368  loss_center=0.0126
[2026-08-18 05:46:52] INFO Epoch[33] [370/371]  total=15.5985  loss_ce=0.1112  loss_bbox=0.0253  loss_depth=0.7211  loss_center=0.0083
[2026-08-18 05:46:54] INFO Epoch [33/99] avg_loss=21.4185  time=405.7s  lr=2.00e-04
[2026-08-18 05:46:54] INFO Checkpoint saved after epoch 33
[2026-08-18 05:47:35] INFO Epoch[34] [37/371]  total=2.4403  loss_ce=0.0120  loss_bbox=0.0089  loss_depth=0.0129  loss_center=0.0022
[2026-08-18 05:48:16] INFO Epoch[34] [74/371]  total=17.4823  loss_ce=0.1174  loss_bbox=0.0178  loss_depth=0.9939  loss_center=0.0081
[2026-08-18 05:48:57] INFO Epoch[34] [111/371]  total=29.7576  loss_ce=0.1571  loss_bbox=0.0288  loss_depth=3.2376  loss_center=0.0158
[2026-08-18 05:49:38] INFO Epoch[34] [148/371]  total=25.2447  loss_ce=0.1423  loss_bbox=0.0319  loss_depth=2.0173  loss_center=0.0149
[2026-08-18 05:50:18] INFO Epoch[34] [185/371]  total=18.0177  loss_ce=0.1250  loss_bbox=0.0125  loss_depth=1.8661  loss_center=0.0039
[2026-08-18 05:50:59] INFO Epoch[34] [222/371]  total=37.3050  loss_ce=0.2841  loss_bbox=0.0506  loss_depth=3.1673  loss_center=0.0265
[2026-08-18 05:51:39] INFO Epoch[34] [259/371]  total=46.6802  loss_ce=0.2297  loss_bbox=0.0508  loss_depth=3.1229  loss_center=0.0321
[2026-08-18 05:52:19] INFO Epoch[34] [296/371]  total=43.5783  loss_ce=0.2227  loss_bbox=0.0452  loss_depth=3.7622  loss_center=0.0201
[2026-08-18 05:52:59] INFO Epoch[34] [333/371]  total=11.5039  loss_ce=0.1384  loss_bbox=0.0083  loss_depth=0.6486  loss_center=0.0055
[2026-08-18 05:53:40] INFO Epoch[34] [370/371]  total=12.2384  loss_ce=0.0483  loss_bbox=0.0111  loss_depth=1.2934  loss_center=0.0035
[2026-08-18 05:53:41] INFO Epoch [34/99] avg_loss=20.3517  time=406.6s  lr=2.00e-04
[2026-08-18 05:53:41] INFO Checkpoint saved after epoch 34
[2026-08-18 05:54:22] INFO Epoch[35] [37/371]  total=55.1577  loss_ce=0.2477  loss_bbox=0.0586  loss_depth=4.7269  loss_center=0.0370
[2026-08-18 05:55:02] INFO Epoch[35] [74/371]  total=18.4189  loss_ce=0.0816  loss_bbox=0.0189  loss_depth=1.5180  loss_center=0.0057
[2026-08-18 05:55:42] INFO Epoch[35] [111/371]  total=28.0781  loss_ce=0.1811  loss_bbox=0.0423  loss_depth=1.7420  loss_center=0.0151
[2026-08-18 05:56:22] INFO Epoch[35] [148/371]  total=3.2692  loss_ce=0.0536  loss_bbox=0.0053  loss_depth=0.1109  loss_center=0.0041
[2026-08-18 05:57:02] INFO Epoch[35] [185/371]  total=24.8002  loss_ce=0.1496  loss_bbox=0.0249  loss_depth=2.0304  loss_center=0.0191
[2026-08-18 05:57:42] INFO Epoch[35] [222/371]  total=20.1357  loss_ce=0.0952  loss_bbox=0.0212  loss_depth=1.7524  loss_center=0.0129
[2026-08-18 05:58:22] INFO Epoch[35] [259/371]  total=8.1388  loss_ce=0.0403  loss_bbox=0.0212  loss_depth=-0.0763  loss_center=0.0111
[2026-08-18 05:59:02] INFO Epoch[35] [296/371]  total=21.7252  loss_ce=0.2459  loss_bbox=0.0196  loss_depth=1.3763  loss_center=0.0117
[2026-08-18 05:59:42] INFO Epoch[35] [333/371]  total=10.7843  loss_ce=0.0573  loss_bbox=0.0051  loss_depth=0.6606  loss_center=0.0024
[2026-08-18 06:00:22] INFO Epoch[35] [370/371]  total=14.5956  loss_ce=0.0787  loss_bbox=0.0106  loss_depth=1.4204  loss_center=0.0067
[2026-08-18 06:00:24] INFO Epoch [35/99] avg_loss=19.8440  time=402.5s  lr=2.00e-04
[2026-08-18 06:00:24] INFO Checkpoint saved after epoch 35
[2026-08-18 06:01:05] INFO Epoch[36] [37/371]  total=11.5546  loss_ce=0.0441  loss_bbox=0.0069  loss_depth=0.7209  loss_center=0.0023
[2026-08-18 06:01:45] INFO Epoch[36] [74/371]  total=14.7843  loss_ce=0.0947  loss_bbox=0.0149  loss_depth=1.0080  loss_center=0.0064
[2026-08-18 06:02:25] INFO Epoch[36] [111/371]  total=30.7887  loss_ce=0.1912  loss_bbox=0.0663  loss_depth=1.6156  loss_center=0.0191
[2026-08-18 06:03:06] INFO Epoch[36] [148/371]  total=13.8721  loss_ce=0.0665  loss_bbox=0.0089  loss_depth=0.9283  loss_center=0.0036
[2026-08-18 06:03:46] INFO Epoch[36] [185/371]  total=43.5279  loss_ce=0.2689  loss_bbox=0.0364  loss_depth=3.3610  loss_center=0.0273
[2026-08-18 06:04:27] INFO Epoch[36] [222/371]  total=5.4968  loss_ce=0.0657  loss_bbox=0.0056  loss_depth=0.3758  loss_center=0.0034
[2026-08-18 06:05:08] INFO Epoch[36] [259/371]  total=12.0533  loss_ce=0.0828  loss_bbox=0.0103  loss_depth=1.0457  loss_center=0.0050
[2026-08-18 06:05:48] INFO Epoch[36] [296/371]  total=19.2067  loss_ce=0.1270  loss_bbox=0.0190  loss_depth=1.6511  loss_center=0.0088
[2026-08-18 06:06:28] INFO Epoch[36] [333/371]  total=17.4993  loss_ce=0.0934  loss_bbox=0.0192  loss_depth=1.4802  loss_center=0.0079
[2026-08-18 06:07:08] INFO Epoch[36] [370/371]  total=1.7518  loss_ce=0.0154  loss_bbox=0.0084  loss_depth=-0.0270  loss_center=0.0016
[2026-08-18 06:07:09] INFO Epoch [36/99] avg_loss=19.3517  time=404.6s  lr=2.00e-04
[2026-08-18 06:07:09] INFO Checkpoint saved after epoch 36
[2026-08-18 06:07:50] INFO Epoch[37] [37/371]  total=14.7493  loss_ce=0.0959  loss_bbox=0.0104  loss_depth=2.0273  loss_center=0.0030
[2026-08-18 06:08:31] INFO Epoch[37] [74/371]  total=19.4643  loss_ce=0.1460  loss_bbox=0.0165  loss_depth=1.5308  loss_center=0.0116
[2026-08-18 06:09:11] INFO Epoch[37] [111/371]  total=31.3949  loss_ce=0.3061  loss_bbox=0.0375  loss_depth=2.1571  loss_center=0.0141
[2026-08-18 06:09:51] INFO Epoch[37] [148/371]  total=26.9848  loss_ce=0.1657  loss_bbox=0.0225  loss_depth=2.0594  loss_center=0.0121
[2026-08-18 06:10:31] INFO Epoch[37] [185/371]  total=29.7914  loss_ce=0.1738  loss_bbox=0.0316  loss_depth=2.6475  loss_center=0.0161
[2026-08-18 06:11:11] INFO Epoch[37] [222/371]  total=13.2567  loss_ce=0.0921  loss_bbox=0.0158  loss_depth=1.1160  loss_center=0.0082
[2026-08-18 06:11:52] INFO Epoch[37] [259/371]  total=12.6566  loss_ce=0.0763  loss_bbox=0.0060  loss_depth=1.0723  loss_center=0.0016
[2026-08-18 06:12:32] INFO Epoch[37] [296/371]  total=15.8960  loss_ce=0.1083  loss_bbox=0.0203  loss_depth=1.2670  loss_center=0.0089
[2026-08-18 06:13:13] INFO Epoch[37] [333/371]  total=11.3197  loss_ce=0.0619  loss_bbox=0.0119  loss_depth=0.8700  loss_center=0.0030
[2026-08-18 06:13:54] INFO Epoch[37] [370/371]  total=33.7466  loss_ce=0.3044  loss_bbox=0.0446  loss_depth=2.5096  loss_center=0.0157
[2026-08-18 06:13:55] INFO Epoch [37/99] avg_loss=19.6589  time=405.5s  lr=2.00e-04
[2026-08-18 06:13:55] INFO Checkpoint saved after epoch 37
[2026-08-18 06:14:36] INFO Epoch[38] [37/371]  total=6.7489  loss_ce=0.0297  loss_bbox=0.0046  loss_depth=0.5401  loss_center=0.0050
[2026-08-18 06:15:17] INFO Epoch[38] [74/371]  total=11.9614  loss_ce=0.0455  loss_bbox=0.0085  loss_depth=0.8851  loss_center=0.0048
[2026-08-18 06:15:57] INFO Epoch[38] [111/371]  total=16.7400  loss_ce=0.0890  loss_bbox=0.0205  loss_depth=1.4927  loss_center=0.0101
[2026-08-18 06:16:37] INFO Epoch[38] [148/371]  total=15.9146  loss_ce=0.1071  loss_bbox=0.0064  loss_depth=1.3262  loss_center=0.0043
[2026-08-18 06:17:17] INFO Epoch[38] [185/371]  total=13.7367  loss_ce=0.1039  loss_bbox=0.0135  loss_depth=0.8759  loss_center=0.0041
[2026-08-18 06:17:58] INFO Epoch[38] [222/371]  total=19.9004  loss_ce=0.1080  loss_bbox=0.0183  loss_depth=1.4231  loss_center=0.0098
[2026-08-18 06:18:38] INFO Epoch[38] [259/371]  total=9.7604  loss_ce=0.0244  loss_bbox=0.0107  loss_depth=0.9668  loss_center=0.0047
[2026-08-18 06:19:18] INFO Epoch[38] [296/371]  total=28.9403  loss_ce=0.1801  loss_bbox=0.0279  loss_depth=2.2893  loss_center=0.0163
[2026-08-18 06:19:58] INFO Epoch[38] [333/371]  total=7.6556  loss_ce=0.0423  loss_bbox=0.0071  loss_depth=0.5719  loss_center=0.0039
[2026-08-18 06:20:38] INFO Epoch[38] [370/371]  total=8.3942  loss_ce=0.0870  loss_bbox=0.0114  loss_depth=0.5689  loss_center=0.0033
[2026-08-18 06:20:39] INFO Epoch [38/99] avg_loss=19.8370  time=403.9s  lr=2.00e-04
[2026-08-18 06:20:40] INFO Checkpoint saved after epoch 38
[2026-08-18 06:21:21] INFO Epoch[39] [37/371]  total=25.7289  loss_ce=0.1876  loss_bbox=0.0240  loss_depth=1.8507  loss_center=0.0107
[2026-08-18 06:22:01] INFO Epoch[39] [74/371]  total=19.2722  loss_ce=0.1515  loss_bbox=0.0400  loss_depth=1.1722  loss_center=0.0131
[2026-08-18 06:22:41] INFO Epoch[39] [111/371]  total=7.2937  loss_ce=0.0145  loss_bbox=0.0051  loss_depth=0.7690  loss_center=0.0016
[2026-08-18 06:23:21] INFO Epoch[39] [148/371]  total=11.0072  loss_ce=0.1071  loss_bbox=0.0140  loss_depth=0.5565  loss_center=0.0043
[2026-08-18 06:24:01] INFO Epoch[39] [185/371]  total=36.3175  loss_ce=0.1852  loss_bbox=0.0288  loss_depth=2.9865  loss_center=0.0158
[2026-08-18 06:24:42] INFO Epoch[39] [222/371]  total=18.3746  loss_ce=0.1265  loss_bbox=0.0422  loss_depth=0.6741  loss_center=0.0118
[2026-08-18 06:25:22] INFO Epoch[39] [259/371]  total=26.8468  loss_ce=0.1693  loss_bbox=0.0275  loss_depth=1.8700  loss_center=0.0152
[2026-08-18 06:26:02] INFO Epoch[39] [296/371]  total=15.0602  loss_ce=0.1124  loss_bbox=0.0407  loss_depth=0.8563  loss_center=0.0087
[2026-08-18 06:26:42] INFO Epoch[39] [333/371]  total=4.3315  loss_ce=0.0273  loss_bbox=0.0024  loss_depth=0.3772  loss_center=0.0015
[2026-08-18 06:27:22] INFO Epoch[39] [370/371]  total=13.5613  loss_ce=0.0676  loss_bbox=0.0121  loss_depth=1.0185  loss_center=0.0072
[2026-08-18 06:27:24] INFO Epoch [39/99] avg_loss=19.6587  time=403.9s  lr=2.00e-04
[2026-08-18 06:27:24] INFO Checkpoint saved after epoch 39
[2026-08-18 06:28:04] INFO Epoch[40] [37/371]  total=26.0915  loss_ce=0.1322  loss_bbox=0.0242  loss_depth=1.8607  loss_center=0.0114
[2026-08-18 06:28:44] INFO Epoch[40] [74/371]  total=8.3855  loss_ce=0.0436  loss_bbox=0.0027  loss_depth=0.8184  loss_center=0.0020
[2026-08-18 06:29:24] INFO Epoch[40] [111/371]  total=39.1439  loss_ce=0.2263  loss_bbox=0.0491  loss_depth=2.5408  loss_center=0.0214
[2026-08-18 06:30:05] INFO Epoch[40] [148/371]  total=37.9994  loss_ce=0.2155  loss_bbox=0.0514  loss_depth=1.7133  loss_center=0.0368
[2026-08-18 06:30:45] INFO Epoch[40] [185/371]  total=17.8592  loss_ce=0.0815  loss_bbox=0.0186  loss_depth=1.2773  loss_center=0.0062
[2026-08-18 06:31:26] INFO Epoch[40] [222/371]  total=34.7172  loss_ce=0.2147  loss_bbox=0.0145  loss_depth=2.7051  loss_center=0.0147
[2026-08-18 06:32:06] INFO Epoch[40] [259/371]  total=21.1343  loss_ce=0.1171  loss_bbox=0.0235  loss_depth=1.9603  loss_center=0.0127
[2026-08-18 06:32:46] INFO Epoch[40] [296/371]  total=11.3378  loss_ce=0.1129  loss_bbox=0.0236  loss_depth=0.5666  loss_center=0.0076
[2026-08-18 06:33:26] INFO Epoch[40] [333/371]  total=21.2871  loss_ce=0.1027  loss_bbox=0.0329  loss_depth=1.5691  loss_center=0.0139
[2026-08-18 06:34:06] INFO Epoch[40] [370/371]  total=13.0600  loss_ce=0.0491  loss_bbox=0.0068  loss_depth=1.4917  loss_center=0.0035
[2026-08-18 06:34:07] INFO Epoch [40/99] avg_loss=19.2764  time=403.4s  lr=2.00e-04
[2026-08-18 06:34:08] INFO Checkpoint saved after epoch 40
[2026-08-18 06:34:48] INFO Epoch[41] [37/371]  total=12.2191  loss_ce=0.0979  loss_bbox=0.0058  loss_depth=0.8676  loss_center=0.0043
[2026-08-18 06:35:28] INFO Epoch[41] [74/371]  total=18.0152  loss_ce=0.0637  loss_bbox=0.0158  loss_depth=2.0290  loss_center=0.0076
[2026-08-18 06:36:09] INFO Epoch[41] [111/371]  total=3.9084  loss_ce=0.0216  loss_bbox=0.0097  loss_depth=0.2004  loss_center=0.0019
[2026-08-18 06:36:49] INFO Epoch[41] [148/371]  total=28.7231  loss_ce=0.1998  loss_bbox=0.0420  loss_depth=1.7807  loss_center=0.0162
[2026-08-18 06:37:29] INFO Epoch[41] [185/371]  total=11.0796  loss_ce=0.0821  loss_bbox=0.0065  loss_depth=0.8694  loss_center=0.0040
[2026-08-18 06:38:09] INFO Epoch[41] [222/371]  total=12.8549  loss_ce=0.0580  loss_bbox=0.0224  loss_depth=1.0921  loss_center=0.0078
[2026-08-18 06:38:49] INFO Epoch[41] [259/371]  total=20.2407  loss_ce=0.1382  loss_bbox=0.0354  loss_depth=1.5477  loss_center=0.0112
[2026-08-18 06:39:29] INFO Epoch[41] [296/371]  total=22.3097  loss_ce=0.1802  loss_bbox=0.0166  loss_depth=1.4912  loss_center=0.0145
[2026-08-18 06:40:10] INFO Epoch[41] [333/371]  total=23.1164  loss_ce=0.1277  loss_bbox=0.0115  loss_depth=2.1183  loss_center=0.0085
[2026-08-18 06:40:50] INFO Epoch[41] [370/371]  total=37.2332  loss_ce=0.2030  loss_bbox=0.0396  loss_depth=2.9513  loss_center=0.0228
[2026-08-18 06:40:51] INFO Epoch [41/99] avg_loss=18.9865  time=403.4s  lr=2.00e-04
[2026-08-18 06:40:52] INFO Checkpoint saved after epoch 41
[2026-08-18 06:41:32] INFO Epoch[42] [37/371]  total=4.9929  loss_ce=0.0259  loss_bbox=0.0077  loss_depth=0.1743  loss_center=0.0018
[2026-08-18 06:42:13] INFO Epoch[42] [74/371]  total=27.2437  loss_ce=0.1709  loss_bbox=0.0231  loss_depth=2.0556  loss_center=0.0071
[2026-08-18 06:42:53] INFO Epoch[42] [111/371]  total=3.9728  loss_ce=0.0326  loss_bbox=0.0141  loss_depth=-0.0874  loss_center=0.0058
[2026-08-18 06:43:33] INFO Epoch[42] [148/371]  total=7.0814  loss_ce=0.0373  loss_bbox=0.0068  loss_depth=0.5195  loss_center=0.0035
[2026-08-18 06:44:13] INFO Epoch[42] [185/371]  total=36.8863  loss_ce=0.1867  loss_bbox=0.0417  loss_depth=3.1375  loss_center=0.0191
[2026-08-18 06:44:53] INFO Epoch[42] [222/371]  total=7.7449  loss_ce=0.0402  loss_bbox=0.0097  loss_depth=0.6112  loss_center=0.0041
[2026-08-18 06:45:33] INFO Epoch[42] [259/371]  total=15.3657  loss_ce=0.0991  loss_bbox=0.0046  loss_depth=0.9208  loss_center=0.0026
[2026-08-18 06:46:13] INFO Epoch[42] [296/371]  total=22.9083  loss_ce=0.1456  loss_bbox=0.0270  loss_depth=1.4837  loss_center=0.0129
[2026-08-18 06:46:53] INFO Epoch[42] [333/371]  total=23.2248  loss_ce=0.1331  loss_bbox=0.0162  loss_depth=2.7038  loss_center=0.0084
[2026-08-18 06:47:33] INFO Epoch[42] [370/371]  total=18.2361  loss_ce=0.1059  loss_bbox=0.0236  loss_depth=1.1805  loss_center=0.0099
[2026-08-18 06:47:34] INFO Epoch [42/99] avg_loss=19.6336  time=402.7s  lr=2.00e-04
[2026-08-18 06:47:35] INFO Checkpoint saved after epoch 42
[2026-08-18 06:48:15] INFO Epoch[43] [37/371]  total=8.4412  loss_ce=0.0599  loss_bbox=0.0161  loss_depth=0.6726  loss_center=0.0041
[2026-08-18 06:48:56] INFO Epoch[43] [74/371]  total=32.3741  loss_ce=0.2691  loss_bbox=0.0377  loss_depth=2.1324  loss_center=0.0228
[2026-08-18 06:49:36] INFO Epoch[43] [111/371]  total=27.2287  loss_ce=0.1630  loss_bbox=0.0283  loss_depth=2.4337  loss_center=0.0179
[2026-08-18 06:50:16] INFO Epoch[43] [148/371]  total=10.5560  loss_ce=0.0823  loss_bbox=0.0135  loss_depth=1.0385  loss_center=0.0083
[2026-08-18 06:50:56] INFO Epoch[43] [185/371]  total=21.8210  loss_ce=0.1650  loss_bbox=0.0216  loss_depth=1.2371  loss_center=0.0099
[2026-08-18 06:51:36] INFO Epoch[43] [222/371]  total=13.7258  loss_ce=0.0687  loss_bbox=0.0140  loss_depth=1.1218  loss_center=0.0038
[2026-08-18 06:52:17] INFO Epoch[43] [259/371]  total=17.5698  loss_ce=0.0943  loss_bbox=0.0316  loss_depth=0.5839  loss_center=0.0128
[2026-08-18 06:52:57] INFO Epoch[43] [296/371]  total=13.9943  loss_ce=0.1123  loss_bbox=0.0175  loss_depth=0.9536  loss_center=0.0073
[2026-08-18 06:53:37] INFO Epoch[43] [333/371]  total=13.6763  loss_ce=0.0432  loss_bbox=0.0100  loss_depth=1.2492  loss_center=0.0042
[2026-08-18 06:54:17] INFO Epoch[43] [370/371]  total=6.6517  loss_ce=0.0398  loss_bbox=0.0080  loss_depth=0.5816  loss_center=0.0022
[2026-08-18 06:54:19] INFO Epoch [43/99] avg_loss=20.2496  time=403.7s  lr=2.00e-04
[2026-08-18 06:54:19] INFO Checkpoint saved after epoch 43
[2026-08-18 06:55:00] INFO Epoch[44] [37/371]  total=21.3794  loss_ce=0.0980  loss_bbox=0.0287  loss_depth=1.9996  loss_center=0.0126
[2026-08-18 06:55:40] INFO Epoch[44] [74/371]  total=9.2646  loss_ce=0.0794  loss_bbox=0.0111  loss_depth=0.6479  loss_center=0.0051
[2026-08-18 06:56:20] INFO Epoch[44] [111/371]  total=20.7603  loss_ce=0.1596  loss_bbox=0.0257  loss_depth=1.7731  loss_center=0.0116
[2026-08-18 06:57:00] INFO Epoch[44] [148/371]  total=7.7618  loss_ce=0.0677  loss_bbox=0.0108  loss_depth=0.4968  loss_center=0.0030
[2026-08-18 06:57:40] INFO Epoch[44] [185/371]  total=0.0070  loss_ce=0.0008  loss_bbox=0.0000  loss_depth=0.0000  loss_center=0.0000
[2026-08-18 06:58:20] INFO Epoch[44] [222/371]  total=14.5133  loss_ce=0.1468  loss_bbox=0.0410  loss_depth=1.0734  loss_center=0.0191
[2026-08-18 06:59:00] INFO Epoch[44] [259/371]  total=35.4943  loss_ce=0.2143  loss_bbox=0.0392  loss_depth=2.4982  loss_center=0.0243
[2026-08-18 06:59:40] INFO Epoch[44] [296/371]  total=17.4923  loss_ce=0.0935  loss_bbox=0.0211  loss_depth=1.3816  loss_center=0.0092
[2026-08-18 07:00:20] INFO Epoch[44] [333/371]  total=3.2158  loss_ce=0.0461  loss_bbox=0.0060  loss_depth=0.0563  loss_center=0.0018
[2026-08-18 07:00:59] INFO Epoch[44] [370/371]  total=20.4189  loss_ce=0.1261  loss_bbox=0.0146  loss_depth=1.7747  loss_center=0.0080
[2026-08-18 07:01:01] INFO Epoch [44/99] avg_loss=18.6361  time=401.6s  lr=2.00e-04
[2026-08-18 07:01:01] INFO Checkpoint saved after epoch 44
[2026-08-18 07:01:42] INFO Epoch[45] [37/371]  total=6.7254  loss_ce=0.0543  loss_bbox=0.0056  loss_depth=0.6833  loss_center=0.0019
[2026-08-18 07:02:22] INFO Epoch[45] [74/371]  total=32.6994  loss_ce=0.4269  loss_bbox=0.0738  loss_depth=1.1252  loss_center=0.0231
[2026-08-18 07:03:02] INFO Epoch[45] [111/371]  total=11.0426  loss_ce=0.0580  loss_bbox=0.0123  loss_depth=1.0056  loss_center=0.0042
[2026-08-18 07:03:42] INFO Epoch[45] [148/371]  total=4.9557  loss_ce=0.0366  loss_bbox=0.0044  loss_depth=0.3609  loss_center=0.0014
[2026-08-18 07:04:22] INFO Epoch[45] [185/371]  total=21.3046  loss_ce=0.1073  loss_bbox=0.0199  loss_depth=1.5409  loss_center=0.0076
[2026-08-18 07:05:02] INFO Epoch[45] [222/371]  total=2.8345  loss_ce=0.0353  loss_bbox=0.0169  loss_depth=0.0468  loss_center=0.0050
[2026-08-18 07:05:42] INFO Epoch[45] [259/371]  total=13.1806  loss_ce=0.1069  loss_bbox=0.0277  loss_depth=0.4821  loss_center=0.0121
[2026-08-18 07:06:22] INFO Epoch[45] [296/371]  total=19.1759  loss_ce=0.1246  loss_bbox=0.0192  loss_depth=1.6073  loss_center=0.0077
[2026-08-18 07:07:02] INFO Epoch[45] [333/371]  total=8.5972  loss_ce=0.0398  loss_bbox=0.0083  loss_depth=0.9399  loss_center=0.0037
[2026-08-18 07:07:43] INFO Epoch[45] [370/371]  total=25.1970  loss_ce=0.1356  loss_bbox=0.0152  loss_depth=2.0828  loss_center=0.0121
[2026-08-18 07:07:44] INFO Epoch [45/99] avg_loss=17.7608  time=402.6s  lr=2.00e-04
[2026-08-18 07:07:44] INFO Checkpoint saved after epoch 45
[2026-08-18 07:08:25] INFO Epoch[46] [37/371]  total=8.1371  loss_ce=0.0586  loss_bbox=0.0248  loss_depth=0.1876  loss_center=0.0055
[2026-08-18 07:09:06] INFO Epoch[46] [74/371]  total=20.8484  loss_ce=0.1198  loss_bbox=0.0210  loss_depth=1.8964  loss_center=0.0107
[2026-08-18 07:09:46] INFO Epoch[46] [111/371]  total=13.2254  loss_ce=0.1001  loss_bbox=0.0147  loss_depth=1.1657  loss_center=0.0083
[2026-08-18 07:10:27] INFO Epoch[46] [148/371]  total=15.4130  loss_ce=0.1196  loss_bbox=0.0146  loss_depth=0.9993  loss_center=0.0071
[2026-08-18 07:11:08] INFO Epoch[46] [185/371]  total=28.1774  loss_ce=0.1775  loss_bbox=0.0490  loss_depth=1.6385  loss_center=0.0250
[2026-08-18 07:11:48] INFO Epoch[46] [222/371]  total=6.7739  loss_ce=0.0958  loss_bbox=0.0155  loss_depth=0.5932  loss_center=0.0040
[2026-08-18 07:12:29] INFO Epoch[46] [259/371]  total=2.5044  loss_ce=0.0344  loss_bbox=0.0008  loss_depth=0.1196  loss_center=0.0012
[2026-08-18 07:13:09] INFO Epoch[46] [296/371]  total=37.2508  loss_ce=0.1841  loss_bbox=0.0466  loss_depth=3.2547  loss_center=0.0180
[2026-08-18 07:13:50] INFO Epoch[46] [333/371]  total=17.0977  loss_ce=0.0723  loss_bbox=0.0142  loss_depth=1.9760  loss_center=0.0068
[2026-08-18 07:14:30] INFO Epoch[46] [370/371]  total=8.8809  loss_ce=0.0463  loss_bbox=0.0062  loss_depth=0.5668  loss_center=0.0047
[2026-08-18 07:14:31] INFO Epoch [46/99] avg_loss=19.7119  time=406.7s  lr=2.00e-04
[2026-08-18 07:14:31] INFO Checkpoint saved after epoch 46
[2026-08-18 07:15:12] INFO Epoch[47] [37/371]  total=9.9782  loss_ce=0.0513  loss_bbox=0.0073  loss_depth=0.6578  loss_center=0.0035
[2026-08-18 07:15:53] INFO Epoch[47] [74/371]  total=28.4561  loss_ce=0.1692  loss_bbox=0.0306  loss_depth=1.7014  loss_center=0.0108
[2026-08-18 07:16:34] INFO Epoch[47] [111/371]  total=20.9512  loss_ce=0.0984  loss_bbox=0.0185  loss_depth=1.4719  loss_center=0.0106
[2026-08-18 07:17:14] INFO Epoch[47] [148/371]  total=73.1179  loss_ce=0.4291  loss_bbox=0.1448  loss_depth=3.9526  loss_center=0.0951
[2026-08-18 07:17:55] INFO Epoch[47] [185/371]  total=5.1288  loss_ce=0.0524  loss_bbox=0.0033  loss_depth=0.4702  loss_center=0.0012
[2026-08-18 07:18:36] INFO Epoch[47] [222/371]  total=14.7616  loss_ce=0.1056  loss_bbox=0.0165  loss_depth=1.0944  loss_center=0.0077
[2026-08-18 07:19:16] INFO Epoch[47] [259/371]  total=34.9017  loss_ce=0.2036  loss_bbox=0.0517  loss_depth=2.8467  loss_center=0.0262
[2026-08-18 07:19:57] INFO Epoch[47] [296/371]  total=10.0535  loss_ce=0.0570  loss_bbox=0.0105  loss_depth=0.4466  loss_center=0.0040
[2026-08-18 07:20:37] INFO Epoch[47] [333/371]  total=5.9417  loss_ce=0.0291  loss_bbox=0.0107  loss_depth=0.6079  loss_center=0.0054
[2026-08-18 07:21:17] INFO Epoch[47] [370/371]  total=24.8756  loss_ce=0.1935  loss_bbox=0.0363  loss_depth=1.4663  loss_center=0.0138
[2026-08-18 07:21:18] INFO Epoch [47/99] avg_loss=18.7395  time=406.6s  lr=2.00e-04
[2026-08-18 07:21:19] INFO Checkpoint saved after epoch 47
[2026-08-18 07:21:59] INFO Epoch[48] [37/371]  total=84.8987  loss_ce=0.2697  loss_bbox=0.0713  loss_depth=5.2860  loss_center=0.0738
[2026-08-18 07:22:39] INFO Epoch[48] [74/371]  total=10.1272  loss_ce=0.0748  loss_bbox=0.0141  loss_depth=0.7056  loss_center=0.0065
[2026-08-18 07:23:19] INFO Epoch[48] [111/371]  total=7.9099  loss_ce=0.0591  loss_bbox=0.0078  loss_depth=0.7351  loss_center=0.0034
[2026-08-18 07:23:59] INFO Epoch[48] [148/371]  total=7.8556  loss_ce=0.0369  loss_bbox=0.0035  loss_depth=0.6112  loss_center=0.0052
[2026-08-18 07:24:39] INFO Epoch[48] [185/371]  total=14.6405  loss_ce=0.0790  loss_bbox=0.0120  loss_depth=1.2728  loss_center=0.0065
[2026-08-18 07:25:19] INFO Epoch[48] [222/371]  total=13.7706  loss_ce=0.1023  loss_bbox=0.0148  loss_depth=0.8542  loss_center=0.0075
[2026-08-18 07:25:59] INFO Epoch[48] [259/371]  total=21.3177  loss_ce=0.1166  loss_bbox=0.0102  loss_depth=1.6313  loss_center=0.0092
[2026-08-18 07:26:39] INFO Epoch[48] [296/371]  total=13.8781  loss_ce=0.1009  loss_bbox=0.0175  loss_depth=0.8903  loss_center=0.0061
[2026-08-18 07:27:19] INFO Epoch[48] [333/371]  total=42.6540  loss_ce=0.2167  loss_bbox=0.0482  loss_depth=2.4220  loss_center=0.0262
[2026-08-18 07:27:59] INFO Epoch[48] [370/371]  total=35.5943  loss_ce=0.2549  loss_bbox=0.0505  loss_depth=2.3271  loss_center=0.0230
[2026-08-18 07:28:00] INFO Epoch [48/99] avg_loss=19.3144  time=401.8s  lr=2.00e-04
[2026-08-18 07:28:01] INFO Checkpoint saved after epoch 48
[2026-08-18 07:28:41] INFO Epoch[49] [37/371]  total=5.5206  loss_ce=0.0189  loss_bbox=0.0070  loss_depth=0.0367  loss_center=0.0025
[2026-08-18 07:29:22] INFO Epoch[49] [74/371]  total=19.9552  loss_ce=0.1241  loss_bbox=0.0137  loss_depth=1.2429  loss_center=0.0042
[2026-08-18 07:30:02] INFO Epoch[49] [111/371]  total=6.7992  loss_ce=0.0258  loss_bbox=0.0033  loss_depth=0.7257  loss_center=0.0023
[2026-08-18 07:30:42] INFO Epoch[49] [148/371]  total=11.1464  loss_ce=0.0447  loss_bbox=0.0061  loss_depth=0.8655  loss_center=0.0025
[2026-08-18 07:31:23] INFO Epoch[49] [185/371]  total=16.8020  loss_ce=0.0529  loss_bbox=0.0134  loss_depth=1.3960  loss_center=0.0079
[2026-08-18 07:32:03] INFO Epoch[49] [222/371]  total=9.4525  loss_ce=0.0517  loss_bbox=0.0031  loss_depth=0.7973  loss_center=0.0024
[2026-08-18 07:32:43] INFO Epoch[49] [259/371]  total=21.2326  loss_ce=0.1266  loss_bbox=0.0211  loss_depth=1.5170  loss_center=0.0081
[2026-08-18 07:33:23] INFO Epoch[49] [296/371]  total=9.6277  loss_ce=0.0585  loss_bbox=0.0108  loss_depth=0.6024  loss_center=0.0052
[2026-08-18 07:34:04] INFO Epoch[49] [333/371]  total=19.4334  loss_ce=0.1178  loss_bbox=0.0142  loss_depth=1.4095  loss_center=0.0095
[2026-08-18 07:34:44] INFO Epoch[49] [370/371]  total=33.6324  loss_ce=0.2083  loss_bbox=0.0281  loss_depth=2.7662  loss_center=0.0191
[2026-08-18 07:34:45] INFO Epoch [49/99] avg_loss=18.2090  time=404.4s  lr=2.00e-04
[2026-08-18 07:34:46] INFO Checkpoint saved after epoch 49
[2026-08-18 07:35:26] INFO Epoch[50] [37/371]  total=15.7599  loss_ce=0.0998  loss_bbox=0.0185  loss_depth=0.8215  loss_center=0.0103
[2026-08-18 07:36:07] INFO Epoch[50] [74/371]  total=20.1207  loss_ce=0.0892  loss_bbox=0.0148  loss_depth=2.4698  loss_center=0.0067
[2026-08-18 07:36:47] INFO Epoch[50] [111/371]  total=3.5487  loss_ce=0.0162  loss_bbox=0.0058  loss_depth=0.0786  loss_center=0.0018
[2026-08-18 07:37:27] INFO Epoch[50] [148/371]  total=5.7748  loss_ce=0.0467  loss_bbox=0.0098  loss_depth=0.1393  loss_center=0.0039
[2026-08-18 07:38:07] INFO Epoch[50] [185/371]  total=20.3517  loss_ce=0.1143  loss_bbox=0.0487  loss_depth=0.7834  loss_center=0.0128
[2026-08-18 07:38:47] INFO Epoch[50] [222/371]  total=12.8527  loss_ce=0.1177  loss_bbox=0.0260  loss_depth=0.6826  loss_center=0.0086
[2026-08-18 07:39:27] INFO Epoch[50] [259/371]  total=26.5765  loss_ce=0.1946  loss_bbox=0.0325  loss_depth=1.8068  loss_center=0.0149
[2026-08-18 07:40:07] INFO Epoch[50] [296/371]  total=31.1600  loss_ce=0.1602  loss_bbox=0.0151  loss_depth=3.3415  loss_center=0.0090
[2026-08-18 07:40:47] INFO Epoch[50] [333/371]  total=4.1913  loss_ce=0.0124  loss_bbox=0.0070  loss_depth=0.1257  loss_center=0.0027
[2026-08-18 07:41:28] INFO Epoch[50] [370/371]  total=35.0734  loss_ce=0.2122  loss_bbox=0.0243  loss_depth=2.8646  loss_center=0.0137
[2026-08-18 07:41:29] INFO Epoch [50/99] avg_loss=18.3656  time=403.3s  lr=2.00e-04
[2026-08-18 07:41:29] INFO Checkpoint saved after epoch 50
[2026-08-18 07:42:10] INFO Epoch[51] [37/371]  total=19.7410  loss_ce=0.1960  loss_bbox=0.0232  loss_depth=1.4810  loss_center=0.0101
[2026-08-18 07:42:50] INFO Epoch[51] [74/371]  total=21.5001  loss_ce=0.1260  loss_bbox=0.0493  loss_depth=1.0688  loss_center=0.0172
[2026-08-18 07:43:31] INFO Epoch[51] [111/371]  total=7.9944  loss_ce=0.0540  loss_bbox=0.0113  loss_depth=0.4026  loss_center=0.0042
[2026-08-18 07:44:11] INFO Epoch[51] [148/371]  total=6.3852  loss_ce=0.0293  loss_bbox=0.0053  loss_depth=0.5933  loss_center=0.0038
[2026-08-18 07:44:51] INFO Epoch[51] [185/371]  total=7.7258  loss_ce=0.0499  loss_bbox=0.0075  loss_depth=0.4579  loss_center=0.0028
[2026-08-18 07:45:31] INFO Epoch[51] [222/371]  total=16.2071  loss_ce=0.0812  loss_bbox=0.0153  loss_depth=1.4258  loss_center=0.0095
[2026-08-18 07:46:12] INFO Epoch[51] [259/371]  total=21.6347  loss_ce=0.0881  loss_bbox=0.0185  loss_depth=1.3985  loss_center=0.0088
[2026-08-18 07:46:52] INFO Epoch[51] [296/371]  total=16.8597  loss_ce=0.1358  loss_bbox=0.0184  loss_depth=1.3469  loss_center=0.0117
[2026-08-18 07:47:32] INFO Epoch[51] [333/371]  total=24.3244  loss_ce=0.1688  loss_bbox=0.0196  loss_depth=2.2312  loss_center=0.0098
[2026-08-18 07:48:13] INFO Epoch[51] [370/371]  total=24.6885  loss_ce=0.1451  loss_bbox=0.0298  loss_depth=1.5589  loss_center=0.0134
[2026-08-18 07:48:14] INFO Epoch [51/99] avg_loss=18.5971  time=404.4s  lr=2.00e-04
[2026-08-18 07:48:14] INFO Checkpoint saved after epoch 51
[2026-08-18 07:48:55] INFO Epoch[52] [37/371]  total=29.4783  loss_ce=0.2133  loss_bbox=0.0362  loss_depth=2.0033  loss_center=0.0211
[2026-08-18 07:49:35] INFO Epoch[52] [74/371]  total=57.8917  loss_ce=0.2896  loss_bbox=0.0604  loss_depth=4.3091  loss_center=0.0320
[2026-08-18 07:50:15] INFO Epoch[52] [111/371]  total=14.7723  loss_ce=0.1297  loss_bbox=0.0151  loss_depth=0.9663  loss_center=0.0079
[2026-08-18 07:50:55] INFO Epoch[52] [148/371]  total=27.5434  loss_ce=0.1949  loss_bbox=0.0231  loss_depth=2.1568  loss_center=0.0086
[2026-08-18 07:51:36] INFO Epoch[52] [185/371]  total=15.8451  loss_ce=0.1290  loss_bbox=0.0181  loss_depth=1.0258  loss_center=0.0088
[2026-08-18 07:52:16] INFO Epoch[52] [222/371]  total=17.8362  loss_ce=0.1189  loss_bbox=0.0092  loss_depth=2.8676  loss_center=0.0046
[2026-08-18 07:52:56] INFO Epoch[52] [259/371]  total=24.7179  loss_ce=0.1668  loss_bbox=0.0379  loss_depth=2.3616  loss_center=0.0126
[2026-08-18 07:53:37] INFO Epoch[52] [296/371]  total=1.8450  loss_ce=0.0065  loss_bbox=0.0031  loss_depth=0.0116  loss_center=0.0017
[2026-08-18 07:54:17] INFO Epoch[52] [333/371]  total=9.5424  loss_ce=0.0620  loss_bbox=0.0080  loss_depth=0.8921  loss_center=0.0043
[2026-08-18 07:54:58] INFO Epoch[52] [370/371]  total=25.3712  loss_ce=0.1624  loss_bbox=0.0335  loss_depth=1.6791  loss_center=0.0161
[2026-08-18 07:54:59] INFO Epoch [52/99] avg_loss=19.5001  time=405.0s  lr=2.00e-04
[2026-08-18 07:55:00] INFO Checkpoint saved after epoch 52
[2026-08-18 07:55:41] INFO Epoch[53] [37/371]  total=36.4688  loss_ce=0.3476  loss_bbox=0.0431  loss_depth=2.7560  loss_center=0.0178
[2026-08-18 07:56:21] INFO Epoch[53] [74/371]  total=12.5987  loss_ce=0.0413  loss_bbox=0.0232  loss_depth=1.1273  loss_center=0.0078
[2026-08-18 07:57:01] INFO Epoch[53] [111/371]  total=19.2084  loss_ce=0.1181  loss_bbox=0.0207  loss_depth=1.8022  loss_center=0.0128
[2026-08-18 07:57:41] INFO Epoch[53] [148/371]  total=10.3569  loss_ce=0.0585  loss_bbox=0.0069  loss_depth=1.0107  loss_center=0.0037
[2026-08-18 07:58:22] INFO Epoch[53] [185/371]  total=8.1337  loss_ce=0.0633  loss_bbox=0.0069  loss_depth=0.5152  loss_center=0.0036
[2026-08-18 07:59:02] INFO Epoch[53] [222/371]  total=17.1526  loss_ce=0.1470  loss_bbox=0.0235  loss_depth=0.9839  loss_center=0.0115
[2026-08-18 07:59:42] INFO Epoch[53] [259/371]  total=10.4895  loss_ce=0.1551  loss_bbox=0.0098  loss_depth=0.5058  loss_center=0.0079
[2026-08-18 08:00:22] INFO Epoch[53] [296/371]  total=34.8431  loss_ce=0.1513  loss_bbox=0.0299  loss_depth=2.7167  loss_center=0.0164
[2026-08-18 08:01:03] INFO Epoch[53] [333/371]  total=23.6516  loss_ce=0.1423  loss_bbox=0.0290  loss_depth=2.0852  loss_center=0.0136
[2026-08-18 08:01:43] INFO Epoch[53] [370/371]  total=10.2788  loss_ce=0.0549  loss_bbox=0.0098  loss_depth=0.5082  loss_center=0.0041
[2026-08-18 08:01:44] INFO Epoch [53/99] avg_loss=18.0262  time=404.4s  lr=2.00e-04
[2026-08-18 08:01:44] INFO Checkpoint saved after epoch 53
[2026-08-18 08:02:25] INFO Epoch[54] [37/371]  total=22.4349  loss_ce=0.2167  loss_bbox=0.0192  loss_depth=1.8242  loss_center=0.0084
[2026-08-18 08:03:05] INFO Epoch[54] [74/371]  total=29.9261  loss_ce=0.2158  loss_bbox=0.0482  loss_depth=1.9057  loss_center=0.0282
[2026-08-18 08:03:45] INFO Epoch[54] [111/371]  total=34.5893  loss_ce=0.1865  loss_bbox=0.0357  loss_depth=2.3422  loss_center=0.0192
[2026-08-18 08:04:25] INFO Epoch[54] [148/371]  total=6.6463  loss_ce=0.0739  loss_bbox=0.0111  loss_depth=0.5438  loss_center=0.0026
[2026-08-18 08:05:05] INFO Epoch[54] [185/371]  total=31.2703  loss_ce=0.2022  loss_bbox=0.0375  loss_depth=3.0231  loss_center=0.0182
[2026-08-18 08:05:46] INFO Epoch[54] [222/371]  total=22.5898  loss_ce=0.1226  loss_bbox=0.0221  loss_depth=1.7793  loss_center=0.0154
[2026-08-18 08:06:26] INFO Epoch[54] [259/371]  total=1.4023  loss_ce=0.0250  loss_bbox=0.0054  loss_depth=-0.0501  loss_center=0.0023
[2026-08-18 08:07:06] INFO Epoch[54] [296/371]  total=19.8500  loss_ce=0.1953  loss_bbox=0.0278  loss_depth=1.2634  loss_center=0.0107
[2026-08-18 08:07:46] INFO Epoch[54] [333/371]  total=1.8179  loss_ce=0.0285  loss_bbox=0.0066  loss_depth=-0.0232  loss_center=0.0016
[2026-08-18 08:08:26] INFO Epoch[54] [370/371]  total=9.2821  loss_ce=0.1480  loss_bbox=0.0130  loss_depth=0.2490  loss_center=0.0089
[2026-08-18 08:08:27] INFO Epoch [54/99] avg_loss=19.0920  time=403.0s  lr=2.00e-04
[2026-08-18 08:08:28] INFO Checkpoint saved after epoch 54
[2026-08-18 08:09:08] INFO Epoch[55] [37/371]  total=36.6831  loss_ce=0.2013  loss_bbox=0.0638  loss_depth=2.2553  loss_center=0.0282
[2026-08-18 08:09:48] INFO Epoch[55] [74/371]  total=3.7260  loss_ce=0.0356  loss_bbox=0.0098  loss_depth=0.1674  loss_center=0.0025
[2026-08-18 08:10:28] INFO Epoch[55] [111/371]  total=11.8442  loss_ce=0.0823  loss_bbox=0.0121  loss_depth=0.9634  loss_center=0.0044
[2026-08-18 08:11:08] INFO Epoch[55] [148/371]  total=26.7590  loss_ce=0.1523  loss_bbox=0.0292  loss_depth=2.0531  loss_center=0.0153
[2026-08-18 08:11:48] INFO Epoch[55] [185/371]  total=6.0271  loss_ce=0.0219  loss_bbox=0.0036  loss_depth=0.4374  loss_center=0.0009
[2026-08-18 08:12:29] INFO Epoch[55] [222/371]  total=29.7076  loss_ce=0.1414  loss_bbox=0.0336  loss_depth=2.1453  loss_center=0.0159
[2026-08-18 08:13:09] INFO Epoch[55] [259/371]  total=22.2936  loss_ce=0.1049  loss_bbox=0.0174  loss_depth=2.4276  loss_center=0.0075
[2026-08-18 08:13:49] INFO Epoch[55] [296/371]  total=20.6467  loss_ce=0.1203  loss_bbox=0.0186  loss_depth=1.8107  loss_center=0.0057
[2026-08-18 08:14:29] INFO Epoch[55] [333/371]  total=34.2753  loss_ce=0.1854  loss_bbox=0.0544  loss_depth=1.7480  loss_center=0.0239
[2026-08-18 08:15:09] INFO Epoch[55] [370/371]  total=34.5359  loss_ce=0.2053  loss_bbox=0.0286  loss_depth=2.4910  loss_center=0.0128
[2026-08-18 08:15:10] INFO Epoch [55/99] avg_loss=18.9931  time=402.5s  lr=2.00e-04
[2026-08-18 08:15:11] INFO Checkpoint saved after epoch 55
[2026-08-18 08:15:52] INFO Epoch[56] [37/371]  total=2.2163  loss_ce=0.0174  loss_bbox=0.0049  loss_depth=0.1245  loss_center=0.0017
[2026-08-18 08:16:32] INFO Epoch[56] [74/371]  total=2.3058  loss_ce=0.0206  loss_bbox=0.0016  loss_depth=0.1720  loss_center=0.0005
[2026-08-18 08:17:12] INFO Epoch[56] [111/371]  total=41.5431  loss_ce=0.1506  loss_bbox=0.0433  loss_depth=3.8131  loss_center=0.0230
[2026-08-18 08:17:52] INFO Epoch[56] [148/371]  total=8.8945  loss_ce=0.0733  loss_bbox=0.0120  loss_depth=0.5501  loss_center=0.0066
[2026-08-18 08:18:32] INFO Epoch[56] [185/371]  total=29.0673  loss_ce=0.2140  loss_bbox=0.0471  loss_depth=0.9942  loss_center=0.0182
[2026-08-18 08:19:12] INFO Epoch[56] [222/371]  total=12.6187  loss_ce=0.0494  loss_bbox=0.0060  loss_depth=2.0587  loss_center=0.0034
[2026-08-18 08:19:52] INFO Epoch[56] [259/371]  total=13.0168  loss_ce=0.1535  loss_bbox=0.0215  loss_depth=0.5988  loss_center=0.0090
[2026-08-18 08:20:32] INFO Epoch[56] [296/371]  total=17.0914  loss_ce=0.0618  loss_bbox=0.0145  loss_depth=1.2879  loss_center=0.0063
[2026-08-18 08:21:12] INFO Epoch[56] [333/371]  total=1.8610  loss_ce=0.0126  loss_bbox=0.0023  loss_depth=0.1117  loss_center=0.0013
[2026-08-18 08:21:53] INFO Epoch[56] [370/371]  total=6.1881  loss_ce=0.0641  loss_bbox=0.0102  loss_depth=0.2168  loss_center=0.0033
[2026-08-18 08:21:54] INFO Epoch [56/99] avg_loss=18.7761  time=403.0s  lr=2.00e-04
[2026-08-18 08:21:54] INFO Checkpoint saved after epoch 56
[2026-08-18 08:22:35] INFO Epoch[57] [37/371]  total=30.8665  loss_ce=0.1674  loss_bbox=0.0178  loss_depth=2.5004  loss_center=0.0142
[2026-08-18 08:23:15] INFO Epoch[57] [74/371]  total=23.2532  loss_ce=0.1073  loss_bbox=0.0223  loss_depth=1.8050  loss_center=0.0169
[2026-08-18 08:23:55] INFO Epoch[57] [111/371]  total=5.1480  loss_ce=0.0590  loss_bbox=0.0098  loss_depth=-0.0160  loss_center=0.0070
[2026-08-18 08:24:35] INFO Epoch[57] [148/371]  total=4.0379  loss_ce=0.0168  loss_bbox=0.0042  loss_depth=0.1632  loss_center=0.0025
[2026-08-18 08:25:15] INFO Epoch[57] [185/371]  total=51.2487  loss_ce=0.2531  loss_bbox=0.0310  loss_depth=3.7291  loss_center=0.0291
[2026-08-18 08:25:55] INFO Epoch[57] [222/371]  total=33.0627  loss_ce=0.2155  loss_bbox=0.0330  loss_depth=2.5940  loss_center=0.0130
[2026-08-18 08:26:35] INFO Epoch[57] [259/371]  total=39.4069  loss_ce=0.2359  loss_bbox=0.0753  loss_depth=2.1380  loss_center=0.0395
[2026-08-18 08:27:15] INFO Epoch[57] [296/371]  total=19.7317  loss_ce=0.1709  loss_bbox=0.0213  loss_depth=1.4483  loss_center=0.0091
[2026-08-18 08:27:55] INFO Epoch[57] [333/371]  total=28.3603  loss_ce=0.1891  loss_bbox=0.0358  loss_depth=2.4857  loss_center=0.0187
[2026-08-18 08:28:36] INFO Epoch[57] [370/371]  total=34.6530  loss_ce=0.1863  loss_bbox=0.0354  loss_depth=2.8489  loss_center=0.0212
[2026-08-18 08:28:37] INFO Epoch [57/99] avg_loss=18.0405  time=402.8s  lr=2.00e-04
[2026-08-18 08:28:38] INFO Checkpoint saved after epoch 57
[2026-08-18 08:29:18] INFO Epoch[58] [37/371]  total=18.3509  loss_ce=0.0954  loss_bbox=0.0186  loss_depth=1.5877  loss_center=0.0124
[2026-08-18 08:29:58] INFO Epoch[58] [74/371]  total=13.5033  loss_ce=0.0949  loss_bbox=0.0032  loss_depth=2.0041  loss_center=0.0028
[2026-08-18 08:30:38] INFO Epoch[58] [111/371]  total=10.1827  loss_ce=0.0476  loss_bbox=0.0052  loss_depth=0.7653  loss_center=0.0036
[2026-08-18 08:31:18] INFO Epoch[58] [148/371]  total=8.6322  loss_ce=0.0563  loss_bbox=0.0105  loss_depth=0.6634  loss_center=0.0048
[2026-08-18 08:31:58] INFO Epoch[58] [185/371]  total=8.8879  loss_ce=0.0411  loss_bbox=0.0085  loss_depth=0.5918  loss_center=0.0037
[2026-08-18 08:32:38] INFO Epoch[58] [222/371]  total=9.8458  loss_ce=0.0481  loss_bbox=0.0039  loss_depth=0.9704  loss_center=0.0022
[2026-08-18 08:33:19] INFO Epoch[58] [259/371]  total=13.0699  loss_ce=0.1115  loss_bbox=0.0184  loss_depth=1.0163  loss_center=0.0079
[2026-08-18 08:33:59] INFO Epoch[58] [296/371]  total=18.4027  loss_ce=0.1573  loss_bbox=0.0298  loss_depth=1.1644  loss_center=0.0131
[2026-08-18 08:34:39] INFO Epoch[58] [333/371]  total=11.1493  loss_ce=0.0637  loss_bbox=0.0084  loss_depth=1.2024  loss_center=0.0048
[2026-08-18 08:35:19] INFO Epoch[58] [370/371]  total=5.8270  loss_ce=0.0402  loss_bbox=0.0160  loss_depth=-0.1110  loss_center=0.0038
[2026-08-18 08:35:20] INFO Epoch [58/99] avg_loss=17.9370  time=402.8s  lr=2.00e-04
[2026-08-18 08:35:21] INFO Checkpoint saved after epoch 58
[2026-08-18 08:36:01] INFO Epoch[59] [37/371]  total=32.2711  loss_ce=0.2325  loss_bbox=0.0573  loss_depth=2.0519  loss_center=0.0290
[2026-08-18 08:36:41] INFO Epoch[59] [74/371]  total=25.8295  loss_ce=0.2960  loss_bbox=0.0256  loss_depth=1.5282  loss_center=0.0135
[2026-08-18 08:37:21] INFO Epoch[59] [111/371]  total=30.9455  loss_ce=0.2378  loss_bbox=0.0370  loss_depth=2.1254  loss_center=0.0201
[2026-08-18 08:38:01] INFO Epoch[59] [148/371]  total=13.3911  loss_ce=0.0547  loss_bbox=0.0080  loss_depth=1.2452  loss_center=0.0030
[2026-08-18 08:38:41] INFO Epoch[59] [185/371]  total=3.6453  loss_ce=0.0190  loss_bbox=0.0034  loss_depth=0.1857  loss_center=0.0015
[2026-08-18 08:39:21] INFO Epoch[59] [222/371]  total=23.8567  loss_ce=0.1692  loss_bbox=0.0170  loss_depth=1.7902  loss_center=0.0072
[2026-08-18 08:40:01] INFO Epoch[59] [259/371]  total=16.4296  loss_ce=0.1173  loss_bbox=0.0088  loss_depth=1.7037  loss_center=0.0042
[2026-08-18 08:40:41] INFO Epoch[59] [296/371]  total=26.0279  loss_ce=0.0841  loss_bbox=0.0206  loss_depth=1.3450  loss_center=0.0104
[2026-08-18 08:41:21] INFO Epoch[59] [333/371]  total=16.9611  loss_ce=0.0885  loss_bbox=0.0144  loss_depth=1.6646  loss_center=0.0086
[2026-08-18 08:42:01] INFO Epoch[59] [370/371]  total=9.6173  loss_ce=0.0882  loss_bbox=0.0103  loss_depth=0.4753  loss_center=0.0036
[2026-08-18 08:42:03] INFO Epoch [59/99] avg_loss=17.8814  time=401.7s  lr=2.00e-04
[2026-08-18 08:42:03] INFO Checkpoint saved after epoch 59
[2026-08-18 08:42:44] INFO Epoch[60] [37/371]  total=15.7469  loss_ce=0.0638  loss_bbox=0.0099  loss_depth=1.2107  loss_center=0.0038
[2026-08-18 08:43:23] INFO Epoch[60] [74/371]  total=29.3805  loss_ce=0.1235  loss_bbox=0.0355  loss_depth=2.7560  loss_center=0.0150
[2026-08-18 08:44:03] INFO Epoch[60] [111/371]  total=13.0294  loss_ce=0.0844  loss_bbox=0.0164  loss_depth=0.5057  loss_center=0.0059
[2026-08-18 08:44:44] INFO Epoch[60] [148/371]  total=22.2735  loss_ce=0.1605  loss_bbox=0.0153  loss_depth=1.6899  loss_center=0.0055
[2026-08-18 08:45:24] INFO Epoch[60] [185/371]  total=12.3613  loss_ce=0.0912  loss_bbox=0.0084  loss_depth=1.0846  loss_center=0.0043
[2026-08-18 08:46:05] INFO Epoch[60] [222/371]  total=17.6404  loss_ce=0.1658  loss_bbox=0.0119  loss_depth=1.2758  loss_center=0.0075
[2026-08-18 08:46:46] INFO Epoch[60] [259/371]  total=6.9910  loss_ce=0.1555  loss_bbox=0.0069  loss_depth=0.4505  loss_center=0.0031
[2026-08-18 08:47:26] INFO Epoch[60] [296/371]  total=20.9870  loss_ce=0.1555  loss_bbox=0.0295  loss_depth=1.2676  loss_center=0.0126
[2026-08-18 08:48:07] INFO Epoch[60] [333/371]  total=12.6299  loss_ce=0.0912  loss_bbox=0.0043  loss_depth=1.2190  loss_center=0.0030
[2026-08-18 08:48:48] INFO Epoch[60] [370/371]  total=21.4303  loss_ce=0.1296  loss_bbox=0.0190  loss_depth=1.2795  loss_center=0.0092
[2026-08-18 08:48:49] INFO Epoch [60/99] avg_loss=18.5395  time=405.7s  lr=2.00e-04
[2026-08-18 08:48:49] INFO Checkpoint saved after epoch 60
[2026-08-18 08:49:30] INFO Epoch[61] [37/371]  total=10.4698  loss_ce=0.0467  loss_bbox=0.0070  loss_depth=1.1961  loss_center=0.0040
[2026-08-18 08:50:09] INFO Epoch[61] [74/371]  total=37.2734  loss_ce=0.1859  loss_bbox=0.0279  loss_depth=3.9224  loss_center=0.0160
[2026-08-18 08:50:49] INFO Epoch[61] [111/371]  total=15.3791  loss_ce=0.1133  loss_bbox=0.0152  loss_depth=1.3144  loss_center=0.0076
[2026-08-18 08:51:30] INFO Epoch[61] [148/371]  total=14.4733  loss_ce=0.0753  loss_bbox=0.0082  loss_depth=1.1690  loss_center=0.0062
[2026-08-18 08:52:11] INFO Epoch[61] [185/371]  total=22.6892  loss_ce=0.1120  loss_bbox=0.0134  loss_depth=1.7126  loss_center=0.0077
[2026-08-18 08:52:52] INFO Epoch[61] [222/371]  total=30.0024  loss_ce=0.2529  loss_bbox=0.0177  loss_depth=1.4072  loss_center=0.0093
[2026-08-18 08:53:32] INFO Epoch[61] [259/371]  total=10.4378  loss_ce=0.1193  loss_bbox=0.0116  loss_depth=0.5260  loss_center=0.0054
[2026-08-18 08:54:13] INFO Epoch[61] [296/371]  total=36.2584  loss_ce=0.2910  loss_bbox=0.0466  loss_depth=2.3232  loss_center=0.0213
[2026-08-18 08:54:54] INFO Epoch[61] [333/371]  total=27.0722  loss_ce=0.1787  loss_bbox=0.0236  loss_depth=2.2106  loss_center=0.0149
[2026-08-18 08:55:35] INFO Epoch[61] [370/371]  total=4.4434  loss_ce=0.0268  loss_bbox=0.0031  loss_depth=0.3013  loss_center=0.0012
[2026-08-18 08:55:36] INFO Epoch [61/99] avg_loss=17.9346  time=406.6s  lr=2.00e-04
[2026-08-18 08:55:36] INFO Checkpoint saved after epoch 61
[2026-08-18 08:56:17] INFO Epoch[62] [37/371]  total=3.3506  loss_ce=0.0323  loss_bbox=0.0064  loss_depth=0.5540  loss_center=0.0033
[2026-08-18 08:56:57] INFO Epoch[62] [74/371]  total=3.8477  loss_ce=0.0394  loss_bbox=0.0032  loss_depth=0.1956  loss_center=0.0015
[2026-08-18 08:57:37] INFO Epoch[62] [111/371]  total=9.9612  loss_ce=0.1109  loss_bbox=0.0210  loss_depth=0.3331  loss_center=0.0041
[2026-08-18 08:58:17] INFO Epoch[62] [148/371]  total=76.3756  loss_ce=0.4032  loss_bbox=0.0567  loss_depth=4.9662  loss_center=0.0454
[2026-08-18 08:58:57] INFO Epoch[62] [185/371]  total=24.0255  loss_ce=0.1311  loss_bbox=0.0171  loss_depth=1.8118  loss_center=0.0095
[2026-08-18 08:59:37] INFO Epoch[62] [222/371]  total=23.7446  loss_ce=0.1846  loss_bbox=0.0154  loss_depth=1.3714  loss_center=0.0093
[2026-08-18 09:00:17] INFO Epoch[62] [259/371]  total=35.4333  loss_ce=0.1256  loss_bbox=0.0265  loss_depth=2.8594  loss_center=0.0224
[2026-08-18 09:00:57] INFO Epoch[62] [296/371]  total=18.2612  loss_ce=0.0873  loss_bbox=0.0164  loss_depth=1.5280  loss_center=0.0082
[2026-08-18 09:01:37] INFO Epoch[62] [333/371]  total=6.2613  loss_ce=0.0475  loss_bbox=0.0078  loss_depth=0.5171  loss_center=0.0025
[2026-08-18 09:02:17] INFO Epoch[62] [370/371]  total=20.4668  loss_ce=0.0984  loss_bbox=0.0330  loss_depth=1.5101  loss_center=0.0120
[2026-08-18 09:02:18] INFO Epoch [62/99] avg_loss=18.5298  time=402.2s  lr=2.00e-04
[2026-08-18 09:02:19] INFO Checkpoint saved after epoch 62
[2026-08-18 09:02:59] INFO Epoch[63] [37/371]  total=15.8937  loss_ce=0.0918  loss_bbox=0.0131  loss_depth=1.5398  loss_center=0.0096
[2026-08-18 09:03:39] INFO Epoch[63] [74/371]  total=18.4432  loss_ce=0.0782  loss_bbox=0.0102  loss_depth=1.7736  loss_center=0.0045
[2026-08-18 09:04:19] INFO Epoch[63] [111/371]  total=22.3412  loss_ce=0.1473  loss_bbox=0.0193  loss_depth=1.9968  loss_center=0.0122
[2026-08-18 09:04:59] INFO Epoch[63] [148/371]  total=7.7432  loss_ce=0.0519  loss_bbox=0.0092  loss_depth=0.6623  loss_center=0.0030
[2026-08-18 09:05:40] INFO Epoch[63] [185/371]  total=12.3098  loss_ce=0.0333  loss_bbox=0.0063  loss_depth=1.4850  loss_center=0.0050
[2026-08-18 09:06:20] INFO Epoch[63] [222/371]  total=16.9769  loss_ce=0.1380  loss_bbox=0.0099  loss_depth=1.3567  loss_center=0.0047
[2026-08-18 09:07:00] INFO Epoch[63] [259/371]  total=19.6039  loss_ce=0.1113  loss_bbox=0.0170  loss_depth=1.6030  loss_center=0.0074
[2026-08-18 09:07:40] INFO Epoch[63] [296/371]  total=9.3542  loss_ce=0.0679  loss_bbox=0.0071  loss_depth=0.7277  loss_center=0.0064
[2026-08-18 09:08:20] INFO Epoch[63] [333/371]  total=26.6926  loss_ce=0.2009  loss_bbox=0.0284  loss_depth=2.2690  loss_center=0.0156
[2026-08-18 09:09:00] INFO Epoch[63] [370/371]  total=17.8082  loss_ce=0.1050  loss_bbox=0.0134  loss_depth=1.6272  loss_center=0.0076
[2026-08-18 09:09:01] INFO Epoch [63/99] avg_loss=17.8677  time=402.4s  lr=2.00e-04
[2026-08-18 09:09:02] INFO Checkpoint saved after epoch 63
[2026-08-18 09:09:42] INFO Epoch[64] [37/371]  total=57.0323  loss_ce=0.3902  loss_bbox=0.0932  loss_depth=3.6311  loss_center=0.0371
[2026-08-18 09:10:22] INFO Epoch[64] [74/371]  total=18.5646  loss_ce=0.0951  loss_bbox=0.0148  loss_depth=1.5968  loss_center=0.0092
[2026-08-18 09:11:03] INFO Epoch[64] [111/371]  total=8.3627  loss_ce=0.0629  loss_bbox=0.0054  loss_depth=0.6747  loss_center=0.0023
[2026-08-18 09:11:43] INFO Epoch[64] [148/371]  total=7.4222  loss_ce=0.0557  loss_bbox=0.0084  loss_depth=0.3174  loss_center=0.0033
[2026-08-18 09:12:23] INFO Epoch[64] [185/371]  total=11.2318  loss_ce=0.0565  loss_bbox=0.0068  loss_depth=1.4911  loss_center=0.0021
[2026-08-18 09:13:03] INFO Epoch[64] [222/371]  total=8.4907  loss_ce=0.0689  loss_bbox=0.0098  loss_depth=0.3600  loss_center=0.0065
[2026-08-18 09:13:43] INFO Epoch[64] [259/371]  total=24.7816  loss_ce=0.1891  loss_bbox=0.0341  loss_depth=1.8030  loss_center=0.0159
[2026-08-18 09:14:23] INFO Epoch[64] [296/371]  total=2.4490  loss_ce=0.0174  loss_bbox=0.0080  loss_depth=0.0980  loss_center=0.0022
[2026-08-18 09:15:03] INFO Epoch[64] [333/371]  total=20.3517  loss_ce=0.1572  loss_bbox=0.0214  loss_depth=1.4628  loss_center=0.0099
[2026-08-18 09:15:43] INFO Epoch[64] [370/371]  total=13.3053  loss_ce=0.1191  loss_bbox=0.0122  loss_depth=1.0911  loss_center=0.0068
[2026-08-18 09:15:44] INFO Epoch [64/99] avg_loss=16.6587  time=402.3s  lr=2.00e-04
[2026-08-18 09:15:44] INFO Checkpoint saved after epoch 64
[2026-08-18 09:16:25] INFO Epoch[65] [37/371]  total=27.2543  loss_ce=0.1714  loss_bbox=0.0259  loss_depth=2.5207  loss_center=0.0116
[2026-08-18 09:17:05] INFO Epoch[65] [74/371]  total=23.4208  loss_ce=0.1780  loss_bbox=0.0172  loss_depth=2.0265  loss_center=0.0106
[2026-08-18 09:17:46] INFO Epoch[65] [111/371]  total=8.2047  loss_ce=0.0761  loss_bbox=0.0084  loss_depth=0.6595  loss_center=0.0035
[2026-08-18 09:18:27] INFO Epoch[65] [148/371]  total=11.8377  loss_ce=0.0708  loss_bbox=0.0067  loss_depth=0.9718  loss_center=0.0043
[2026-08-18 09:19:07] INFO Epoch[65] [185/371]  total=27.7347  loss_ce=0.1753  loss_bbox=0.0329  loss_depth=2.2136  loss_center=0.0209
[2026-08-18 09:19:48] INFO Epoch[65] [222/371]  total=37.1299  loss_ce=0.1920  loss_bbox=0.0418  loss_depth=2.8711  loss_center=0.0206
[2026-08-18 09:20:29] INFO Epoch[65] [259/371]  total=13.1495  loss_ce=0.1062  loss_bbox=0.0064  loss_depth=0.9254  loss_center=0.0036
[2026-08-18 09:21:09] INFO Epoch[65] [296/371]  total=14.3108  loss_ce=0.2056  loss_bbox=0.0185  loss_depth=0.9499  loss_center=0.0088
[2026-08-18 09:21:50] INFO Epoch[65] [333/371]  total=12.6792  loss_ce=0.0914  loss_bbox=0.0201  loss_depth=0.8089  loss_center=0.0115
[2026-08-18 09:22:31] INFO Epoch[65] [370/371]  total=6.0428  loss_ce=0.0307  loss_bbox=0.0030  loss_depth=0.4389  loss_center=0.0026
[2026-08-18 09:22:32] INFO Epoch [65/99] avg_loss=17.3047  time=407.3s  lr=2.00e-04
[2026-08-18 09:22:32] INFO Checkpoint saved after epoch 65
[2026-08-18 09:23:13] INFO Epoch[66] [37/371]  total=16.4326  loss_ce=0.1016  loss_bbox=0.0096  loss_depth=1.2152  loss_center=0.0048
[2026-08-18 09:23:54] INFO Epoch[66] [74/371]  total=29.7138  loss_ce=0.1846  loss_bbox=0.0452  loss_depth=1.8881  loss_center=0.0260
[2026-08-18 09:24:34] INFO Epoch[66] [111/371]  total=50.4644  loss_ce=0.2542  loss_bbox=0.0376  loss_depth=4.6027  loss_center=0.0287
[2026-08-18 09:25:14] INFO Epoch[66] [148/371]  total=9.3300  loss_ce=0.0563  loss_bbox=0.0040  loss_depth=0.8059  loss_center=0.0031
[2026-08-18 09:25:54] INFO Epoch[66] [185/371]  total=12.2500  loss_ce=0.0481  loss_bbox=0.0111  loss_depth=1.0574  loss_center=0.0054
[2026-08-18 09:26:34] INFO Epoch[66] [222/371]  total=7.4995  loss_ce=0.0782  loss_bbox=0.0091  loss_depth=0.3201  loss_center=0.0057
[2026-08-18 09:27:14] INFO Epoch[66] [259/371]  total=17.0242  loss_ce=0.1166  loss_bbox=0.0106  loss_depth=1.7783  loss_center=0.0061
[2026-08-18 09:27:54] INFO Epoch[66] [296/371]  total=5.1982  loss_ce=0.0294  loss_bbox=0.0046  loss_depth=0.4205  loss_center=0.0022
[2026-08-18 09:28:34] INFO Epoch[66] [333/371]  total=22.6831  loss_ce=0.1617  loss_bbox=0.0278  loss_depth=1.6503  loss_center=0.0094
[2026-08-18 09:29:14] INFO Epoch[66] [370/371]  total=21.2690  loss_ce=0.1279  loss_bbox=0.0222  loss_depth=1.0498  loss_center=0.0100
[2026-08-18 09:29:15] INFO Epoch [66/99] avg_loss=16.9345  time=403.2s  lr=2.00e-04
[2026-08-18 09:29:16] INFO Checkpoint saved after epoch 66
[2026-08-18 09:29:57] INFO Epoch[67] [37/371]  total=29.8175  loss_ce=0.2188  loss_bbox=0.0577  loss_depth=3.7143  loss_center=0.0252
[2026-08-18 09:30:37] INFO Epoch[67] [74/371]  total=22.2967  loss_ce=0.1591  loss_bbox=0.0208  loss_depth=1.9822  loss_center=0.0116
[2026-08-18 09:31:17] INFO Epoch[67] [111/371]  total=15.8141  loss_ce=0.1012  loss_bbox=0.0173  loss_depth=1.2631  loss_center=0.0066
[2026-08-18 09:31:57] INFO Epoch[67] [148/371]  total=11.6645  loss_ce=0.0755  loss_bbox=0.0141  loss_depth=0.5420  loss_center=0.0071
[2026-08-18 09:32:37] INFO Epoch[67] [185/371]  total=26.8580  loss_ce=0.1802  loss_bbox=0.0293  loss_depth=1.8242  loss_center=0.0138
[2026-08-18 09:33:18] INFO Epoch[67] [222/371]  total=39.3602  loss_ce=0.2281  loss_bbox=0.0561  loss_depth=2.4863  loss_center=0.0253
[2026-08-18 09:33:58] INFO Epoch[67] [259/371]  total=23.0700  loss_ce=0.1531  loss_bbox=0.0124  loss_depth=2.1606  loss_center=0.0080
[2026-08-18 09:34:38] INFO Epoch[67] [296/371]  total=42.6463  loss_ce=0.2900  loss_bbox=0.0422  loss_depth=3.6812  loss_center=0.0219
[2026-08-18 09:35:18] INFO Epoch[67] [333/371]  total=21.6161  loss_ce=0.1646  loss_bbox=0.0287  loss_depth=2.0342  loss_center=0.0132
[2026-08-18 09:35:58] INFO Epoch[67] [370/371]  total=50.3209  loss_ce=0.3164  loss_bbox=0.0405  loss_depth=2.7555  loss_center=0.0222
[2026-08-18 09:35:59] INFO Epoch [67/99] avg_loss=18.8998  time=403.5s  lr=2.00e-04
[2026-08-18 09:36:00] INFO Checkpoint saved after epoch 67
[2026-08-18 09:36:41] INFO Epoch[68] [37/371]  total=4.7692  loss_ce=0.0344  loss_bbox=0.0029  loss_depth=0.5218  loss_center=0.0013
[2026-08-18 09:37:21] INFO Epoch[68] [74/371]  total=14.4412  loss_ce=0.1487  loss_bbox=0.0163  loss_depth=1.0314  loss_center=0.0088
[2026-08-18 09:38:01] INFO Epoch[68] [111/371]  total=13.0077  loss_ce=0.0647  loss_bbox=0.0156  loss_depth=1.2006  loss_center=0.0074
[2026-08-18 09:38:41] INFO Epoch[68] [148/371]  total=14.1776  loss_ce=0.0528  loss_bbox=0.0099  loss_depth=1.3536  loss_center=0.0084
[2026-08-18 09:39:22] INFO Epoch[68] [185/371]  total=3.0669  loss_ce=0.0200  loss_bbox=0.0032  loss_depth=0.1408  loss_center=0.0014
[2026-08-18 09:40:02] INFO Epoch[68] [222/371]  total=13.4578  loss_ce=0.1157  loss_bbox=0.0140  loss_depth=0.9167  loss_center=0.0049
[2026-08-18 09:40:42] INFO Epoch[68] [259/371]  total=12.9859  loss_ce=0.0537  loss_bbox=0.0086  loss_depth=1.0343  loss_center=0.0025
[2026-08-18 09:41:22] INFO Epoch[68] [296/371]  total=10.3996  loss_ce=0.0494  loss_bbox=0.0151  loss_depth=0.1046  loss_center=0.0040
[2026-08-18 09:42:02] INFO Epoch[68] [333/371]  total=26.4124  loss_ce=0.2362  loss_bbox=0.0296  loss_depth=1.6939  loss_center=0.0174
[2026-08-18 09:42:42] INFO Epoch[68] [370/371]  total=9.4696  loss_ce=0.0527  loss_bbox=0.0064  loss_depth=0.9452  loss_center=0.0031
[2026-08-18 09:42:43] INFO Epoch [68/99] avg_loss=17.1964  time=403.5s  lr=2.00e-04
[2026-08-18 09:42:44] INFO Checkpoint saved after epoch 68
[2026-08-18 09:43:24] INFO Epoch[69] [37/371]  total=7.5560  loss_ce=0.0569  loss_bbox=0.0068  loss_depth=0.5501  loss_center=0.0030
[2026-08-18 09:44:05] INFO Epoch[69] [74/371]  total=3.4617  loss_ce=0.0141  loss_bbox=0.0036  loss_depth=0.0765  loss_center=0.0014
[2026-08-18 09:44:45] INFO Epoch[69] [111/371]  total=13.9291  loss_ce=0.0611  loss_bbox=0.0081  loss_depth=1.2662  loss_center=0.0064
[2026-08-18 09:45:25] INFO Epoch[69] [148/371]  total=44.1525  loss_ce=0.1569  loss_bbox=0.0399  loss_depth=2.6688  loss_center=0.0236
[2026-08-18 09:46:05] INFO Epoch[69] [185/371]  total=21.6602  loss_ce=0.1392  loss_bbox=0.0113  loss_depth=1.7001  loss_center=0.0086
[2026-08-18 09:46:45] INFO Epoch[69] [222/371]  total=42.2089  loss_ce=0.2343  loss_bbox=0.0381  loss_depth=3.8471  loss_center=0.0208
[2026-08-18 09:47:26] INFO Epoch[69] [259/371]  total=23.6887  loss_ce=0.1396  loss_bbox=0.0253  loss_depth=2.4596  loss_center=0.0083
[2026-08-18 09:48:06] INFO Epoch[69] [296/371]  total=10.6158  loss_ce=0.1437  loss_bbox=0.0216  loss_depth=0.2092  loss_center=0.0103
[2026-08-18 09:48:46] INFO Epoch[69] [333/371]  total=19.8318  loss_ce=0.1528  loss_bbox=0.0171  loss_depth=1.3635  loss_center=0.0080
[2026-08-18 09:49:26] INFO Epoch[69] [370/371]  total=52.1347  loss_ce=0.4182  loss_bbox=0.0435  loss_depth=4.1338  loss_center=0.0213
[2026-08-18 09:49:27] INFO Epoch [69/99] avg_loss=17.6976  time=403.1s  lr=2.00e-04
[2026-08-18 09:49:27] INFO Checkpoint saved after epoch 69
[2026-08-18 09:50:08] INFO Epoch[70] [37/371]  total=38.5971  loss_ce=0.2124  loss_bbox=0.0540  loss_depth=2.8264  loss_center=0.0274
[2026-08-18 09:50:48] INFO Epoch[70] [74/371]  total=12.0220  loss_ce=0.1017  loss_bbox=0.0111  loss_depth=0.8409  loss_center=0.0067
[2026-08-18 09:51:28] INFO Epoch[70] [111/371]  total=0.0380  loss_ce=0.0050  loss_bbox=0.0000  loss_depth=0.0000  loss_center=0.0000
[2026-08-18 09:52:09] INFO Epoch[70] [148/371]  total=18.5081  loss_ce=0.1183  loss_bbox=0.0096  loss_depth=1.7088  loss_center=0.0058
[2026-08-18 09:52:50] INFO Epoch[70] [185/371]  total=23.7655  loss_ce=0.1208  loss_bbox=0.0296  loss_depth=1.8181  loss_center=0.0125
[2026-08-18 09:53:30] INFO Epoch[70] [222/371]  total=5.5954  loss_ce=0.0531  loss_bbox=0.0025  loss_depth=0.2682  loss_center=0.0016
[2026-08-18 09:54:11] INFO Epoch[70] [259/371]  total=14.6440  loss_ce=0.1191  loss_bbox=0.0070  loss_depth=1.2307  loss_center=0.0056
[2026-08-18 09:54:51] INFO Epoch[70] [296/371]  total=21.2342  loss_ce=0.1567  loss_bbox=0.0327  loss_depth=1.1288  loss_center=0.0148
[2026-08-18 09:55:32] INFO Epoch[70] [333/371]  total=9.1041  loss_ce=0.0355  loss_bbox=0.0032  loss_depth=0.8100  loss_center=0.0026
[2026-08-18 09:56:12] INFO Epoch[70] [370/371]  total=3.5436  loss_ce=0.0246  loss_bbox=0.0047  loss_depth=-0.0037  loss_center=0.0025
[2026-08-18 09:56:13] INFO Epoch [70/99] avg_loss=18.2734  time=405.6s  lr=2.00e-04
[2026-08-18 09:56:13] INFO Checkpoint saved after epoch 70
[2026-08-18 09:56:54] INFO Epoch[71] [37/371]  total=1.5738  loss_ce=0.0119  loss_bbox=0.0007  loss_depth=0.1185  loss_center=0.0004
[2026-08-18 09:57:34] INFO Epoch[71] [74/371]  total=9.5936  loss_ce=0.0555  loss_bbox=0.0056  loss_depth=0.4979  loss_center=0.0030
[2026-08-18 09:58:14] INFO Epoch[71] [111/371]  total=8.4567  loss_ce=0.0657  loss_bbox=0.0082  loss_depth=0.4974  loss_center=0.0038
[2026-08-18 09:58:54] INFO Epoch[71] [148/371]  total=12.9582  loss_ce=0.0592  loss_bbox=0.0108  loss_depth=1.3212  loss_center=0.0041
[2026-08-18 09:59:34] INFO Epoch[71] [185/371]  total=7.7049  loss_ce=0.0233  loss_bbox=0.0076  loss_depth=0.4566  loss_center=0.0015
[2026-08-18 10:00:15] INFO Epoch[71] [222/371]  total=19.0232  loss_ce=0.1290  loss_bbox=0.0311  loss_depth=1.4191  loss_center=0.0134
[2026-08-18 10:00:55] INFO Epoch[71] [259/371]  total=11.8056  loss_ce=0.0868  loss_bbox=0.0083  loss_depth=0.6285  loss_center=0.0040
[2026-08-18 10:01:35] INFO Epoch[71] [296/371]  total=9.2743  loss_ce=0.0761  loss_bbox=0.0050  loss_depth=0.9059  loss_center=0.0019
[2026-08-18 10:02:15] INFO Epoch[71] [333/371]  total=14.7648  loss_ce=0.0899  loss_bbox=0.0151  loss_depth=0.9845  loss_center=0.0069
[2026-08-18 10:02:56] INFO Epoch[71] [370/371]  total=24.7260  loss_ce=0.1421  loss_bbox=0.0259  loss_depth=2.3455  loss_center=0.0146
[2026-08-18 10:02:57] INFO Epoch [71/99] avg_loss=17.3843  time=403.5s  lr=2.00e-04
[2026-08-18 10:02:58] INFO Checkpoint saved after epoch 71
[2026-08-18 10:03:39] INFO Epoch[72] [37/371]  total=19.1692  loss_ce=0.1251  loss_bbox=0.0160  loss_depth=1.7286  loss_center=0.0098
[2026-08-18 10:04:19] INFO Epoch[72] [74/371]  total=0.8090  loss_ce=0.0121  loss_bbox=0.0038  loss_depth=-0.0603  loss_center=0.0020
[2026-08-18 10:04:59] INFO Epoch[72] [111/371]  total=4.2533  loss_ce=0.0110  loss_bbox=0.0043  loss_depth=0.1329  loss_center=0.0014
[2026-08-18 10:05:39] INFO Epoch[72] [148/371]  total=20.2798  loss_ce=0.1408  loss_bbox=0.0232  loss_depth=1.4957  loss_center=0.0166
[2026-08-18 10:06:20] INFO Epoch[72] [185/371]  total=55.1893  loss_ce=0.2640  loss_bbox=0.0549  loss_depth=3.0765  loss_center=0.0348
[2026-08-18 10:07:00] INFO Epoch[72] [222/371]  total=20.7836  loss_ce=0.1911  loss_bbox=0.0210  loss_depth=1.0019  loss_center=0.0082
[2026-08-18 10:07:40] INFO Epoch[72] [259/371]  total=11.8166  loss_ce=0.0817  loss_bbox=0.0059  loss_depth=0.7245  loss_center=0.0050
[2026-08-18 10:08:21] INFO Epoch[72] [296/371]  total=5.9303  loss_ce=0.0386  loss_bbox=0.0044  loss_depth=0.3344  loss_center=0.0030
[2026-08-18 10:09:01] INFO Epoch[72] [333/371]  total=24.7467  loss_ce=0.1615  loss_bbox=0.0236  loss_depth=1.9065  loss_center=0.0117
[2026-08-18 10:09:41] INFO Epoch[72] [370/371]  total=12.2425  loss_ce=0.0778  loss_bbox=0.0080  loss_depth=0.9073  loss_center=0.0054
[2026-08-18 10:09:42] INFO Epoch [72/99] avg_loss=17.1516  time=404.8s  lr=2.00e-04
[2026-08-18 10:09:43] INFO Checkpoint saved after epoch 72
[2026-08-18 10:10:24] INFO Epoch[73] [37/371]  total=20.7414  loss_ce=0.1092  loss_bbox=0.0216  loss_depth=1.5723  loss_center=0.0139
[2026-08-18 10:11:05] INFO Epoch[73] [74/371]  total=19.4816  loss_ce=0.1807  loss_bbox=0.0299  loss_depth=1.1343  loss_center=0.0132
[2026-08-18 10:11:45] INFO Epoch[73] [111/371]  total=6.4840  loss_ce=0.0598  loss_bbox=0.0035  loss_depth=0.1568  loss_center=0.0012
[2026-08-18 10:12:26] INFO Epoch[73] [148/371]  total=27.9574  loss_ce=0.2396  loss_bbox=0.0270  loss_depth=1.6442  loss_center=0.0164
[2026-08-18 10:13:06] INFO Epoch[73] [185/371]  total=16.9206  loss_ce=0.1295  loss_bbox=0.0191  loss_depth=1.6017  loss_center=0.0075
[2026-08-18 10:13:47] INFO Epoch[73] [222/371]  total=37.3115  loss_ce=0.2748  loss_bbox=0.0305  loss_depth=2.1786  loss_center=0.0177
[2026-08-18 10:14:27] INFO Epoch[73] [259/371]  total=8.9965  loss_ce=0.0483  loss_bbox=0.0082  loss_depth=0.9808  loss_center=0.0064
[2026-08-18 10:15:07] INFO Epoch[73] [296/371]  total=5.3462  loss_ce=0.0576  loss_bbox=0.0142  loss_depth=-0.1360  loss_center=0.0029
[2026-08-18 10:15:47] INFO Epoch[73] [333/371]  total=11.2661  loss_ce=0.1006  loss_bbox=0.0081  loss_depth=0.5983  loss_center=0.0055
[2026-08-18 10:16:27] INFO Epoch[73] [370/371]  total=14.9790  loss_ce=0.1305  loss_bbox=0.0201  loss_depth=0.7813  loss_center=0.0100
[2026-08-18 10:16:29] INFO Epoch [73/99] avg_loss=16.3074  time=405.7s  lr=2.00e-04
[2026-08-18 10:16:29] INFO Checkpoint saved after epoch 73
[2026-08-18 10:17:10] INFO Epoch[74] [37/371]  total=18.6607  loss_ce=0.1263  loss_bbox=0.0243  loss_depth=1.1911  loss_center=0.0112
[2026-08-18 10:17:50] INFO Epoch[74] [74/371]  total=12.8724  loss_ce=0.0977  loss_bbox=0.0131  loss_depth=0.5382  loss_center=0.0045
[2026-08-18 10:18:30] INFO Epoch[74] [111/371]  total=33.9585  loss_ce=0.1984  loss_bbox=0.0273  loss_depth=2.8353  loss_center=0.0194
[2026-08-18 10:19:10] INFO Epoch[74] [148/371]  total=21.4382  loss_ce=0.1516  loss_bbox=0.0306  loss_depth=1.5854  loss_center=0.0128
[2026-08-18 10:19:50] INFO Epoch[74] [185/371]  total=1.9527  loss_ce=0.0180  loss_bbox=0.0031  loss_depth=0.0671  loss_center=0.0014
[2026-08-18 10:20:31] INFO Epoch[74] [222/371]  total=12.3655  loss_ce=0.1180  loss_bbox=0.0088  loss_depth=0.9829  loss_center=0.0079
[2026-08-18 10:21:11] INFO Epoch[74] [259/371]  total=17.1359  loss_ce=0.1948  loss_bbox=0.0149  loss_depth=0.7195  loss_center=0.0105
[2026-08-18 10:21:51] INFO Epoch[74] [296/371]  total=15.0385  loss_ce=0.1567  loss_bbox=0.0119  loss_depth=0.8988  loss_center=0.0076
[2026-08-18 10:22:31] INFO Epoch[74] [333/371]  total=9.9235  loss_ce=0.0621  loss_bbox=0.0062  loss_depth=0.9864  loss_center=0.0028
[2026-08-18 10:23:12] INFO Epoch[74] [370/371]  total=8.9737  loss_ce=0.0531  loss_bbox=0.0216  loss_depth=0.1928  loss_center=0.0073
[2026-08-18 10:23:13] INFO Epoch [74/99] avg_loss=16.8994  time=404.2s  lr=2.00e-04
[2026-08-18 10:23:14] INFO Checkpoint saved after epoch 74
[2026-08-18 10:23:55] INFO Epoch[75] [37/371]  total=19.3125  loss_ce=0.1159  loss_bbox=0.0309  loss_depth=1.4079  loss_center=0.0098
[2026-08-18 10:24:35] INFO Epoch[75] [74/371]  total=1.4518  loss_ce=0.0051  loss_bbox=0.0009  loss_depth=0.1379  loss_center=0.0005
[2026-08-18 10:25:15] INFO Epoch[75] [111/371]  total=24.0632  loss_ce=0.1467  loss_bbox=0.0296  loss_depth=1.5852  loss_center=0.0153
[2026-08-18 10:25:55] INFO Epoch[75] [148/371]  total=27.7911  loss_ce=0.1970  loss_bbox=0.0317  loss_depth=2.0583  loss_center=0.0179
[2026-08-18 10:26:35] INFO Epoch[75] [185/371]  total=8.0379  loss_ce=0.0421  loss_bbox=0.0043  loss_depth=0.4946  loss_center=0.0032
[2026-08-18 10:27:15] INFO Epoch[75] [222/371]  total=10.3448  loss_ce=0.1094  loss_bbox=0.0148  loss_depth=0.4644  loss_center=0.0067
[2026-08-18 10:27:55] INFO Epoch[75] [259/371]  total=9.7812  loss_ce=0.0880  loss_bbox=0.0301  loss_depth=0.7399  loss_center=0.0100
[2026-08-18 10:28:35] INFO Epoch[75] [296/371]  total=14.1796  loss_ce=0.1473  loss_bbox=0.0155  loss_depth=0.8150  loss_center=0.0078
[2026-08-18 10:29:16] INFO Epoch[75] [333/371]  total=37.3854  loss_ce=0.2387  loss_bbox=0.0392  loss_depth=2.9005  loss_center=0.0269
[2026-08-18 10:29:56] INFO Epoch[75] [370/371]  total=4.9950  loss_ce=0.0255  loss_bbox=0.0025  loss_depth=0.0972  loss_center=0.0014
[2026-08-18 10:29:58] INFO Epoch [75/99] avg_loss=16.1539  time=403.8s  lr=2.00e-04
[2026-08-18 10:29:58] INFO Checkpoint saved after epoch 75
[2026-08-18 10:30:39] INFO Epoch[76] [37/371]  total=25.1493  loss_ce=0.2134  loss_bbox=0.0295  loss_depth=1.2276  loss_center=0.0173
[2026-08-18 10:31:19] INFO Epoch[76] [74/371]  total=17.6730  loss_ce=0.1600  loss_bbox=0.0115  loss_depth=1.6760  loss_center=0.0085
[2026-08-18 10:31:59] INFO Epoch[76] [111/371]  total=12.7816  loss_ce=0.1117  loss_bbox=0.0118  loss_depth=0.8605  loss_center=0.0070
[2026-08-18 10:32:39] INFO Epoch[76] [148/371]  total=13.3438  loss_ce=0.0689  loss_bbox=0.0100  loss_depth=1.1816  loss_center=0.0081
[2026-08-18 10:33:20] INFO Epoch[76] [185/371]  total=3.6284  loss_ce=0.0325  loss_bbox=0.0053  loss_depth=0.2277  loss_center=0.0019
[2026-08-18 10:34:00] INFO Epoch[76] [222/371]  total=21.4680  loss_ce=0.1820  loss_bbox=0.0105  loss_depth=2.0112  loss_center=0.0070
[2026-08-18 10:34:40] INFO Epoch[76] [259/371]  total=16.6291  loss_ce=0.1232  loss_bbox=0.0159  loss_depth=0.6746  loss_center=0.0092
[2026-08-18 10:35:20] INFO Epoch[76] [296/371]  total=21.5778  loss_ce=0.1541  loss_bbox=0.0253  loss_depth=1.2218  loss_center=0.0085
[2026-08-18 10:36:01] INFO Epoch[76] [333/371]  total=8.0215  loss_ce=0.0834  loss_bbox=0.0124  loss_depth=0.4347  loss_center=0.0077
[2026-08-18 10:36:41] INFO Epoch[76] [370/371]  total=2.0597  loss_ce=0.0352  loss_bbox=0.0063  loss_depth=0.0417  loss_center=0.0022
[2026-08-18 10:36:42] INFO Epoch [76/99] avg_loss=17.6315  time=404.0s  lr=2.00e-04
[2026-08-18 10:36:42] INFO Checkpoint saved after epoch 76
[2026-08-18 10:37:23] INFO Epoch[77] [37/371]  total=33.4538  loss_ce=0.2093  loss_bbox=0.0198  loss_depth=2.8345  loss_center=0.0141
[2026-08-18 10:38:03] INFO Epoch[77] [74/371]  total=11.9695  loss_ce=0.0903  loss_bbox=0.0143  loss_depth=0.9417  loss_center=0.0074
[2026-08-18 10:38:43] INFO Epoch[77] [111/371]  total=7.8011  loss_ce=0.0797  loss_bbox=0.0110  loss_depth=0.5496  loss_center=0.0042
[2026-08-18 10:39:24] INFO Epoch[77] [148/371]  total=12.3637  loss_ce=0.0780  loss_bbox=0.0088  loss_depth=0.9760  loss_center=0.0066
[2026-08-18 10:40:04] INFO Epoch[77] [185/371]  total=23.5212  loss_ce=0.1594  loss_bbox=0.0306  loss_depth=1.1846  loss_center=0.0094
[2026-08-18 10:40:44] INFO Epoch[77] [222/371]  total=6.8871  loss_ce=0.0441  loss_bbox=0.0030  loss_depth=0.3359  loss_center=0.0023
[2026-08-18 10:41:24] INFO Epoch[77] [259/371]  total=16.3068  loss_ce=0.1521  loss_bbox=0.0164  loss_depth=0.9360  loss_center=0.0081
[2026-08-18 10:42:04] INFO Epoch[77] [296/371]  total=16.8770  loss_ce=0.1520  loss_bbox=0.0095  loss_depth=1.2786  loss_center=0.0050
[2026-08-18 10:42:45] INFO Epoch[77] [333/371]  total=17.9300  loss_ce=0.0890  loss_bbox=0.0245  loss_depth=1.0028  loss_center=0.0102
[2026-08-18 10:43:25] INFO Epoch[77] [370/371]  total=7.9426  loss_ce=0.0765  loss_bbox=0.0094  loss_depth=0.5853  loss_center=0.0037
[2026-08-18 10:43:26] INFO Epoch [77/99] avg_loss=17.2265  time=403.5s  lr=2.00e-04
[2026-08-18 10:43:26] INFO Checkpoint saved after epoch 77
[2026-08-18 10:44:07] INFO Epoch[78] [37/371]  total=8.6079  loss_ce=0.0758  loss_bbox=0.0039  loss_depth=0.4901  loss_center=0.0023
[2026-08-18 10:44:47] INFO Epoch[78] [74/371]  total=20.2906  loss_ce=0.1708  loss_bbox=0.0144  loss_depth=0.9922  loss_center=0.0053
[2026-08-18 10:45:27] INFO Epoch[78] [111/371]  total=16.8691  loss_ce=0.1243  loss_bbox=0.0126  loss_depth=1.6062  loss_center=0.0057
[2026-08-18 10:46:07] INFO Epoch[78] [148/371]  total=21.3408  loss_ce=0.1688  loss_bbox=0.0187  loss_depth=1.3023  loss_center=0.0114
[2026-08-18 10:46:47] INFO Epoch[78] [185/371]  total=40.9159  loss_ce=0.3070  loss_bbox=0.0445  loss_depth=3.1094  loss_center=0.0184
[2026-08-18 10:47:28] INFO Epoch[78] [222/371]  total=26.1102  loss_ce=0.2046  loss_bbox=0.0272  loss_depth=1.8718  loss_center=0.0111
[2026-08-18 10:48:08] INFO Epoch[78] [259/371]  total=27.4522  loss_ce=0.1623  loss_bbox=0.0246  loss_depth=1.8516  loss_center=0.0105
[2026-08-18 10:48:49] INFO Epoch[78] [296/371]  total=4.1411  loss_ce=0.0177  loss_bbox=0.0044  loss_depth=0.2002  loss_center=0.0011
[2026-08-18 10:49:30] INFO Epoch[78] [333/371]  total=13.7625  loss_ce=0.1044  loss_bbox=0.0132  loss_depth=1.1512  loss_center=0.0056
[2026-08-18 10:50:10] INFO Epoch[78] [370/371]  total=3.6943  loss_ce=0.0428  loss_bbox=0.0105  loss_depth=0.0303  loss_center=0.0028
[2026-08-18 10:50:12] INFO Epoch [78/99] avg_loss=16.9476  time=405.2s  lr=2.00e-04
[2026-08-18 10:50:12] INFO Checkpoint saved after epoch 78
[2026-08-18 10:50:53] INFO Epoch[79] [37/371]  total=10.1649  loss_ce=0.0628  loss_bbox=0.0054  loss_depth=1.0102  loss_center=0.0038
[2026-08-18 10:51:33] INFO Epoch[79] [74/371]  total=48.0518  loss_ce=0.1830  loss_bbox=0.0532  loss_depth=3.4759  loss_center=0.0287
[2026-08-18 10:52:13] INFO Epoch[79] [111/371]  total=21.5883  loss_ce=0.2068  loss_bbox=0.0415  loss_depth=1.0771  loss_center=0.0172
[2026-08-18 10:52:53] INFO Epoch[79] [148/371]  total=25.6696  loss_ce=0.2163  loss_bbox=0.0417  loss_depth=1.8670  loss_center=0.0149
[2026-08-18 10:53:33] INFO Epoch[79] [185/371]  total=28.9429  loss_ce=0.2779  loss_bbox=0.0307  loss_depth=1.9544  loss_center=0.0216
[2026-08-18 10:54:14] INFO Epoch[79] [222/371]  total=22.7872  loss_ce=0.1897  loss_bbox=0.0148  loss_depth=1.9129  loss_center=0.0083
[2026-08-18 10:54:54] INFO Epoch[79] [259/371]  total=11.1765  loss_ce=0.0728  loss_bbox=0.0118  loss_depth=1.1237  loss_center=0.0041
[2026-08-18 10:55:34] INFO Epoch[79] [296/371]  total=12.3916  loss_ce=0.0988  loss_bbox=0.0066  loss_depth=0.7417  loss_center=0.0036
[2026-08-18 10:56:15] INFO Epoch[79] [333/371]  total=8.8636  loss_ce=0.0757  loss_bbox=0.0073  loss_depth=0.6635  loss_center=0.0039
[2026-08-18 10:56:55] INFO Epoch[79] [370/371]  total=21.0837  loss_ce=0.1181  loss_bbox=0.0204  loss_depth=0.8242  loss_center=0.0111
[2026-08-18 10:56:57] INFO Epoch [79/99] avg_loss=17.1774  time=404.4s  lr=2.00e-04
[2026-08-18 10:56:57] INFO Checkpoint saved after epoch 79
[2026-08-18 10:57:38] INFO Epoch[80] [37/371]  total=35.2180  loss_ce=0.2020  loss_bbox=0.0500  loss_depth=2.4409  loss_center=0.0200
[2026-08-18 10:58:18] INFO Epoch[80] [74/371]  total=19.1530  loss_ce=0.1136  loss_bbox=0.0129  loss_depth=1.6284  loss_center=0.0097
[2026-08-18 10:58:58] INFO Epoch[80] [111/371]  total=28.7580  loss_ce=0.1761  loss_bbox=0.0272  loss_depth=1.9046  loss_center=0.0165
[2026-08-18 10:59:39] INFO Epoch[80] [148/371]  total=2.7209  loss_ce=0.0195  loss_bbox=0.0007  loss_depth=0.4102  loss_center=0.0008
[2026-08-18 11:00:19] INFO Epoch[80] [185/371]  total=11.6106  loss_ce=0.0771  loss_bbox=0.0108  loss_depth=0.8260  loss_center=0.0037
[2026-08-18 11:00:59] INFO Epoch[80] [222/371]  total=35.0644  loss_ce=0.2656  loss_bbox=0.0497  loss_depth=2.0599  loss_center=0.0236
[2026-08-18 11:01:39] INFO Epoch[80] [259/371]  total=25.0671  loss_ce=0.1360  loss_bbox=0.0180  loss_depth=2.0678  loss_center=0.0106
[2026-08-18 11:02:19] INFO Epoch[80] [296/371]  total=2.1809  loss_ce=0.0216  loss_bbox=0.0009  loss_depth=0.2369  loss_center=0.0006
[2026-08-18 11:03:00] INFO Epoch[80] [333/371]  total=12.6918  loss_ce=0.1009  loss_bbox=0.0092  loss_depth=1.0159  loss_center=0.0060
[2026-08-18 11:03:40] INFO Epoch[80] [370/371]  total=27.1981  loss_ce=0.3005  loss_bbox=0.0205  loss_depth=2.3156  loss_center=0.0115
[2026-08-18 11:03:41] INFO Epoch [80/99] avg_loss=16.9147  time=404.2s  lr=2.00e-04
[2026-08-18 11:03:42] INFO Checkpoint saved after epoch 80
[2026-08-18 11:04:22] INFO Epoch[81] [37/371]  total=4.9999  loss_ce=0.0808  loss_bbox=0.0091  loss_depth=0.1517  loss_center=0.0049
[2026-08-18 11:05:02] INFO Epoch[81] [74/371]  total=22.8170  loss_ce=0.1566  loss_bbox=0.0303  loss_depth=1.5731  loss_center=0.0134
[2026-08-18 11:05:43] INFO Epoch[81] [111/371]  total=15.2677  loss_ce=0.1132  loss_bbox=0.0124  loss_depth=1.0927  loss_center=0.0041
[2026-08-18 11:06:23] INFO Epoch[81] [148/371]  total=2.4657  loss_ce=0.0281  loss_bbox=0.0029  loss_depth=0.0485  loss_center=0.0016
[2026-08-18 11:07:03] INFO Epoch[81] [185/371]  total=34.6663  loss_ce=0.2909  loss_bbox=0.0383  loss_depth=2.1983  loss_center=0.0170
[2026-08-18 11:07:43] INFO Epoch[81] [222/371]  total=16.3823  loss_ce=0.0989  loss_bbox=0.0104  loss_depth=1.5191  loss_center=0.0071
[2026-08-18 11:08:23] INFO Epoch[81] [259/371]  total=16.8525  loss_ce=0.1708  loss_bbox=0.0239  loss_depth=0.7036  loss_center=0.0111
[2026-08-18 11:09:03] INFO Epoch[81] [296/371]  total=15.5100  loss_ce=0.0853  loss_bbox=0.0166  loss_depth=1.0289  loss_center=0.0128
[2026-08-18 11:09:43] INFO Epoch[81] [333/371]  total=23.5928  loss_ce=0.1509  loss_bbox=0.0200  loss_depth=1.9273  loss_center=0.0114
[2026-08-18 11:10:24] INFO Epoch[81] [370/371]  total=18.0728  loss_ce=0.1167  loss_bbox=0.0269  loss_depth=1.0031  loss_center=0.0156
[2026-08-18 11:10:25] INFO Epoch [81/99] avg_loss=16.8239  time=403.8s  lr=2.00e-04
[2026-08-18 11:10:26] INFO Checkpoint saved after epoch 81
[2026-08-18 11:11:07] INFO Epoch[82] [37/371]  total=13.9286  loss_ce=0.1204  loss_bbox=0.0081  loss_depth=0.9557  loss_center=0.0046
[2026-08-18 11:11:47] INFO Epoch[82] [74/371]  total=9.0414  loss_ce=0.0641  loss_bbox=0.0042  loss_depth=1.0460  loss_center=0.0033
[2026-08-18 11:12:28] INFO Epoch[82] [111/371]  total=25.7939  loss_ce=0.2234  loss_bbox=0.0336  loss_depth=1.4683  loss_center=0.0171
[2026-08-18 11:13:09] INFO Epoch[82] [148/371]  total=32.5437  loss_ce=0.2445  loss_bbox=0.0261  loss_depth=2.6315  loss_center=0.0128
[2026-08-18 11:13:49] INFO Epoch[82] [185/371]  total=16.1816  loss_ce=0.2223  loss_bbox=0.0148  loss_depth=1.1032  loss_center=0.0071
[2026-08-18 11:14:29] INFO Epoch[82] [222/371]  total=24.0608  loss_ce=0.1806  loss_bbox=0.0192  loss_depth=2.2557  loss_center=0.0134
[2026-08-18 11:15:09] INFO Epoch[82] [259/371]  total=13.9621  loss_ce=0.0777  loss_bbox=0.0054  loss_depth=1.4873  loss_center=0.0030
[2026-08-18 11:15:49] INFO Epoch[82] [296/371]  total=6.9183  loss_ce=0.0805  loss_bbox=0.0168  loss_depth=0.3362  loss_center=0.0093
[2026-08-18 11:16:29] INFO Epoch[82] [333/371]  total=25.7117  loss_ce=0.1937  loss_bbox=0.0358  loss_depth=1.8739  loss_center=0.0173
[2026-08-18 11:17:10] INFO Epoch[82] [370/371]  total=21.9409  loss_ce=0.1156  loss_bbox=0.0179  loss_depth=2.2497  loss_center=0.0088
[2026-08-18 11:17:11] INFO Epoch [82/99] avg_loss=16.3258  time=405.0s  lr=2.00e-04
[2026-08-18 11:17:11] INFO Checkpoint saved after epoch 82
[2026-08-18 11:17:53] INFO Epoch[83] [37/371]  total=22.0080  loss_ce=0.1375  loss_bbox=0.0225  loss_depth=1.4414  loss_center=0.0097
[2026-08-18 11:18:33] INFO Epoch[83] [74/371]  total=24.5152  loss_ce=0.1728  loss_bbox=0.0205  loss_depth=1.8973  loss_center=0.0106
[2026-08-18 11:19:14] INFO Epoch[83] [111/371]  total=15.8085  loss_ce=0.0941  loss_bbox=0.0071  loss_depth=1.1237  loss_center=0.0046
[2026-08-18 11:19:55] INFO Epoch[83] [148/371]  total=35.5688  loss_ce=0.2572  loss_bbox=0.0407  loss_depth=2.8131  loss_center=0.0167
[2026-08-18 11:20:35] INFO Epoch[83] [185/371]  total=4.9947  loss_ce=0.0807  loss_bbox=0.0114  loss_depth=0.0969  loss_center=0.0027
[2026-08-18 11:21:15] INFO Epoch[83] [222/371]  total=22.6814  loss_ce=0.1604  loss_bbox=0.0213  loss_depth=1.0228  loss_center=0.0129
[2026-08-18 11:21:55] INFO Epoch[83] [259/371]  total=25.8737  loss_ce=0.2440  loss_bbox=0.0227  loss_depth=2.0266  loss_center=0.0127
[2026-08-18 11:22:35] INFO Epoch[83] [296/371]  total=14.3232  loss_ce=0.1057  loss_bbox=0.0130  loss_depth=1.1269  loss_center=0.0056
[2026-08-18 11:23:16] INFO Epoch[83] [333/371]  total=29.5744  loss_ce=0.1697  loss_bbox=0.0334  loss_depth=2.2955  loss_center=0.0176
[2026-08-18 11:23:56] INFO Epoch[83] [370/371]  total=31.3532  loss_ce=0.2458  loss_bbox=0.0296  loss_depth=2.5632  loss_center=0.0167
[2026-08-18 11:23:57] INFO Epoch [83/99] avg_loss=17.9477  time=405.7s  lr=2.00e-04
[2026-08-18 11:23:57] INFO Checkpoint saved after epoch 83
[2026-08-18 11:24:38] INFO Epoch[84] [37/371]  total=10.8606  loss_ce=0.0976  loss_bbox=0.0137  loss_depth=0.5907  loss_center=0.0056
[2026-08-18 11:25:18] INFO Epoch[84] [74/371]  total=4.0847  loss_ce=0.0461  loss_bbox=0.0064  loss_depth=0.0108  loss_center=0.0067
[2026-08-18 11:25:58] INFO Epoch[84] [111/371]  total=3.2135  loss_ce=0.0119  loss_bbox=0.0017  loss_depth=0.2417  loss_center=0.0008
[2026-08-18 11:26:38] INFO Epoch[84] [148/371]  total=5.4628  loss_ce=0.0431  loss_bbox=0.0019  loss_depth=0.5291  loss_center=0.0018
[2026-08-18 11:27:19] INFO Epoch[84] [185/371]  total=46.0254  loss_ce=0.3262  loss_bbox=0.0512  loss_depth=3.2122  loss_center=0.0227
[2026-08-18 11:27:59] INFO Epoch[84] [222/371]  total=18.9017  loss_ce=0.1626  loss_bbox=0.0234  loss_depth=1.1736  loss_center=0.0111
[2026-08-18 11:28:39] INFO Epoch[84] [259/371]  total=19.8675  loss_ce=0.1753  loss_bbox=0.0303  loss_depth=1.2926  loss_center=0.0131
[2026-08-18 11:29:19] INFO Epoch[84] [296/371]  total=10.6240  loss_ce=0.0967  loss_bbox=0.0075  loss_depth=1.0055  loss_center=0.0071
[2026-08-18 11:29:59] INFO Epoch[84] [333/371]  total=2.0252  loss_ce=0.0214  loss_bbox=0.0010  loss_depth=0.1609  loss_center=0.0007
[2026-08-18 11:30:39] INFO Epoch[84] [370/371]  total=15.2052  loss_ce=0.1348  loss_bbox=0.0095  loss_depth=1.2950  loss_center=0.0054
[2026-08-18 11:30:41] INFO Epoch [84/99] avg_loss=16.2342  time=403.0s  lr=2.00e-04
[2026-08-18 11:30:41] INFO Checkpoint saved after epoch 84
[2026-08-18 11:31:22] INFO Epoch[85] [37/371]  total=27.6834  loss_ce=0.1717  loss_bbox=0.0335  loss_depth=2.1528  loss_center=0.0152
[2026-08-18 11:32:02] INFO Epoch[85] [74/371]  total=32.6891  loss_ce=0.2427  loss_bbox=0.0385  loss_depth=2.9029  loss_center=0.0216
[2026-08-18 11:32:42] INFO Epoch[85] [111/371]  total=6.4618  loss_ce=0.0461  loss_bbox=0.0065  loss_depth=0.2725  loss_center=0.0030
[2026-08-18 11:33:22] INFO Epoch[85] [148/371]  total=4.6086  loss_ce=0.0542  loss_bbox=0.0080  loss_depth=0.2660  loss_center=0.0045
[2026-08-18 11:34:02] INFO Epoch[85] [185/371]  total=21.1690  loss_ce=0.1572  loss_bbox=0.0207  loss_depth=1.5325  loss_center=0.0061
[2026-08-18 11:34:42] INFO Epoch[85] [222/371]  total=5.4895  loss_ce=0.0361  loss_bbox=0.0036  loss_depth=0.3974  loss_center=0.0022
[2026-08-18 11:35:22] INFO Epoch[85] [259/371]  total=7.4183  loss_ce=0.0823  loss_bbox=0.0098  loss_depth=0.3043  loss_center=0.0035
[2026-08-18 11:36:02] INFO Epoch[85] [296/371]  total=9.6474  loss_ce=0.0835  loss_bbox=0.0215  loss_depth=0.6317  loss_center=0.0075
[2026-08-18 11:36:43] INFO Epoch[85] [333/371]  total=32.2152  loss_ce=0.2109  loss_bbox=0.0375  loss_depth=1.7786  loss_center=0.0167
[2026-08-18 11:37:23] INFO Epoch[85] [370/371]  total=23.2011  loss_ce=0.1513  loss_bbox=0.0131  loss_depth=1.8952  loss_center=0.0091
[2026-08-18 11:37:24] INFO Epoch [85/99] avg_loss=16.7382  time=403.0s  lr=2.00e-04
[2026-08-18 11:37:24] INFO Checkpoint saved after epoch 85
[2026-08-18 11:38:05] INFO Epoch[86] [37/371]  total=20.2739  loss_ce=0.1277  loss_bbox=0.0129  loss_depth=2.2833  loss_center=0.0078
[2026-08-18 11:38:45] INFO Epoch[86] [74/371]  total=7.3912  loss_ce=0.0699  loss_bbox=0.0037  loss_depth=0.5553  loss_center=0.0015
[2026-08-18 11:39:25] INFO Epoch[86] [111/371]  total=9.4338  loss_ce=0.0740  loss_bbox=0.0050  loss_depth=0.3915  loss_center=0.0037
[2026-08-18 11:40:06] INFO Epoch[86] [148/371]  total=27.8307  loss_ce=0.1952  loss_bbox=0.0278  loss_depth=1.9659  loss_center=0.0185
[2026-08-18 11:40:46] INFO Epoch[86] [185/371]  total=16.9456  loss_ce=0.1628  loss_bbox=0.0162  loss_depth=0.9534  loss_center=0.0086
[2026-08-18 11:41:26] INFO Epoch[86] [222/371]  total=16.7555  loss_ce=0.1030  loss_bbox=0.0117  loss_depth=1.5242  loss_center=0.0078
[2026-08-18 11:42:07] INFO Epoch[86] [259/371]  total=20.4439  loss_ce=0.1431  loss_bbox=0.0181  loss_depth=1.5361  loss_center=0.0122
[2026-08-18 11:42:47] INFO Epoch[86] [296/371]  total=6.4256  loss_ce=0.0657  loss_bbox=0.0025  loss_depth=0.4910  loss_center=0.0018
[2026-08-18 11:43:27] INFO Epoch[86] [333/371]  total=13.9353  loss_ce=0.0916  loss_bbox=0.0127  loss_depth=1.1434  loss_center=0.0053
[2026-08-18 11:44:07] INFO Epoch[86] [370/371]  total=23.4600  loss_ce=0.2215  loss_bbox=0.0269  loss_depth=1.5099  loss_center=0.0103
[2026-08-18 11:44:08] INFO Epoch [86/99] avg_loss=17.1400  time=403.9s  lr=2.00e-04
[2026-08-18 11:44:09] INFO Checkpoint saved after epoch 86
[2026-08-18 11:44:49] INFO Epoch[87] [37/371]  total=15.1934  loss_ce=0.1029  loss_bbox=0.0205  loss_depth=1.1285  loss_center=0.0105
[2026-08-18 11:45:29] INFO Epoch[87] [74/371]  total=14.0714  loss_ce=0.1004  loss_bbox=0.0136  loss_depth=1.0669  loss_center=0.0079
[2026-08-18 11:46:09] INFO Epoch[87] [111/371]  total=5.1228  loss_ce=0.0414  loss_bbox=0.0030  loss_depth=0.4723  loss_center=0.0016
[2026-08-18 11:46:49] INFO Epoch[87] [148/371]  total=12.1938  loss_ce=0.0914  loss_bbox=0.0172  loss_depth=0.4877  loss_center=0.0080
[2026-08-18 11:47:30] INFO Epoch[87] [185/371]  total=8.4767  loss_ce=0.0882  loss_bbox=0.0131  loss_depth=0.2849  loss_center=0.0048
[2026-08-18 11:48:10] INFO Epoch[87] [222/371]  total=26.1062  loss_ce=0.2638  loss_bbox=0.0170  loss_depth=1.6320  loss_center=0.0139
[2026-08-18 11:48:50] INFO Epoch[87] [259/371]  total=4.4740  loss_ce=0.0386  loss_bbox=0.0039  loss_depth=0.2392  loss_center=0.0027
[2026-08-18 11:49:30] INFO Epoch[87] [296/371]  total=50.5738  loss_ce=0.3370  loss_bbox=0.0834  loss_depth=3.8848  loss_center=0.0415
[2026-08-18 11:50:10] INFO Epoch[87] [333/371]  total=1.5428  loss_ce=0.0112  loss_bbox=0.0031  loss_depth=-0.0704  loss_center=0.0009
[2026-08-18 11:50:50] INFO Epoch[87] [370/371]  total=7.9243  loss_ce=0.0507  loss_bbox=0.0054  loss_depth=0.7034  loss_center=0.0053
[2026-08-18 11:50:52] INFO Epoch [87/99] avg_loss=16.5948  time=402.8s  lr=2.00e-04
[2026-08-18 11:50:52] INFO Checkpoint saved after epoch 87
[2026-08-18 11:51:33] INFO Epoch[88] [37/371]  total=18.2161  loss_ce=0.1330  loss_bbox=0.0117  loss_depth=1.4836  loss_center=0.0093
[2026-08-18 11:52:13] INFO Epoch[88] [74/371]  total=7.2144  loss_ce=0.0809  loss_bbox=0.0099  loss_depth=0.4806  loss_center=0.0045
[2026-08-18 11:52:53] INFO Epoch[88] [111/371]  total=84.9481  loss_ce=0.4150  loss_bbox=0.0675  loss_depth=6.7971  loss_center=0.0403
[2026-08-18 11:53:33] INFO Epoch[88] [148/371]  total=8.7929  loss_ce=0.0613  loss_bbox=0.0081  loss_depth=0.7857  loss_center=0.0039
[2026-08-18 11:54:14] INFO Epoch[88] [185/371]  total=4.8495  loss_ce=0.0360  loss_bbox=0.0018  loss_depth=0.1465  loss_center=0.0009
[2026-08-18 11:54:54] INFO Epoch[88] [222/371]  total=3.3288  loss_ce=0.0396  loss_bbox=0.0046  loss_depth=0.1949  loss_center=0.0023
[2026-08-18 11:55:34] INFO Epoch[88] [259/371]  total=15.0578  loss_ce=0.0908  loss_bbox=0.0168  loss_depth=1.1415  loss_center=0.0085
[2026-08-18 11:56:14] INFO Epoch[88] [296/371]  total=18.5842  loss_ce=0.2050  loss_bbox=0.0225  loss_depth=1.2125  loss_center=0.0131
[2026-08-18 11:56:54] INFO Epoch[88] [333/371]  total=14.1474  loss_ce=0.1209  loss_bbox=0.0068  loss_depth=0.9198  loss_center=0.0047
[2026-08-18 11:57:35] INFO Epoch[88] [370/371]  total=10.8065  loss_ce=0.0760  loss_bbox=0.0116  loss_depth=0.7203  loss_center=0.0054
[2026-08-18 11:57:36] INFO Epoch [88/99] avg_loss=17.5477  time=403.7s  lr=2.00e-04
[2026-08-18 11:57:36] INFO Checkpoint saved after epoch 88
[2026-08-18 11:58:17] INFO Epoch[89] [37/371]  total=18.1577  loss_ce=0.1012  loss_bbox=0.0127  loss_depth=1.4841  loss_center=0.0087
[2026-08-18 11:58:57] INFO Epoch[89] [74/371]  total=25.6953  loss_ce=0.1468  loss_bbox=0.0296  loss_depth=2.4034  loss_center=0.0140
[2026-08-18 11:59:37] INFO Epoch[89] [111/371]  total=8.6948  loss_ce=0.0957  loss_bbox=0.0090  loss_depth=0.8901  loss_center=0.0030
[2026-08-18 12:00:17] INFO Epoch[89] [148/371]  total=3.8181  loss_ce=0.0251  loss_bbox=0.0021  loss_depth=0.2767  loss_center=0.0012
[2026-08-18 12:00:58] INFO Epoch[89] [185/371]  total=25.4265  loss_ce=0.1900  loss_bbox=0.0374  loss_depth=1.6001  loss_center=0.0176
[2026-08-18 12:01:38] INFO Epoch[89] [222/371]  total=5.7878  loss_ce=0.0231  loss_bbox=0.0029  loss_depth=0.6380  loss_center=0.0014
[2026-08-18 12:02:18] INFO Epoch[89] [259/371]  total=6.8901  loss_ce=0.0353  loss_bbox=0.0021  loss_depth=0.7587  loss_center=0.0015
[2026-08-18 12:02:58] INFO Epoch[89] [296/371]  total=26.7163  loss_ce=0.3006  loss_bbox=0.0226  loss_depth=1.8724  loss_center=0.0113
[2026-08-18 12:03:39] INFO Epoch[89] [333/371]  total=7.2456  loss_ce=0.0890  loss_bbox=0.0058  loss_depth=0.5808  loss_center=0.0036
[2026-08-18 12:04:19] INFO Epoch[89] [370/371]  total=6.7189  loss_ce=0.0922  loss_bbox=0.0321  loss_depth=0.0908  loss_center=0.0108
[2026-08-18 12:04:20] INFO Epoch [89/99] avg_loss=17.1106  time=404.1s  lr=2.00e-05
[2026-08-18 12:04:21] INFO Checkpoint saved after epoch 89
[2026-08-18 12:05:02] INFO Epoch[90] [37/371]  total=3.7436  loss_ce=0.0455  loss_bbox=0.0204  loss_depth=0.0388  loss_center=0.0121
[2026-08-18 12:05:42] INFO Epoch[90] [74/371]  total=15.5793  loss_ce=0.1082  loss_bbox=0.0085  loss_depth=1.2875  loss_center=0.0060
[2026-08-18 12:06:23] INFO Epoch[90] [111/371]  total=38.9443  loss_ce=0.3201  loss_bbox=0.0747  loss_depth=2.5213  loss_center=0.0307
[2026-08-18 12:07:03] INFO Epoch[90] [148/371]  total=1.7022  loss_ce=0.0294  loss_bbox=0.0046  loss_depth=0.0941  loss_center=0.0020
[2026-08-18 12:07:44] INFO Epoch[90] [185/371]  total=35.6362  loss_ce=0.2537  loss_bbox=0.0531  loss_depth=1.8014  loss_center=0.0192
[2026-08-18 12:08:25] INFO Epoch[90] [222/371]  total=5.2425  loss_ce=0.0468  loss_bbox=0.0058  loss_depth=0.0258  loss_center=0.0032
[2026-08-18 12:09:05] INFO Epoch[90] [259/371]  total=2.9015  loss_ce=0.0327  loss_bbox=0.0028  loss_depth=0.2371  loss_center=0.0016
[2026-08-18 12:09:45] INFO Epoch[90] [296/371]  total=6.6341  loss_ce=0.0633  loss_bbox=0.0022  loss_depth=0.4507  loss_center=0.0030
[2026-08-18 12:10:26] INFO Epoch[90] [333/371]  total=24.4364  loss_ce=0.1429  loss_bbox=0.0221  loss_depth=1.8243  loss_center=0.0097
[2026-08-18 12:11:06] INFO Epoch[90] [370/371]  total=16.7021  loss_ce=0.1398  loss_bbox=0.0104  loss_depth=1.0358  loss_center=0.0073
[2026-08-18 12:11:08] INFO Epoch [90/99] avg_loss=15.5663  time=406.7s  lr=2.00e-05
[2026-08-18 12:11:08] INFO Checkpoint saved after epoch 90
[2026-08-18 12:11:49] INFO Epoch[91] [37/371]  total=3.7515  loss_ce=0.0263  loss_bbox=0.0019  loss_depth=0.2874  loss_center=0.0011
[2026-08-18 12:12:30] INFO Epoch[91] [74/371]  total=6.8478  loss_ce=0.1017  loss_bbox=0.0050  loss_depth=0.1374  loss_center=0.0043
[2026-08-18 12:13:11] INFO Epoch[91] [111/371]  total=12.4557  loss_ce=0.1145  loss_bbox=0.0095  loss_depth=0.7541  loss_center=0.0049
[2026-08-18 12:13:51] INFO Epoch[91] [148/371]  total=18.7946  loss_ce=0.1578  loss_bbox=0.0222  loss_depth=1.2696  loss_center=0.0108
[2026-08-18 12:14:31] INFO Epoch[91] [185/371]  total=6.4542  loss_ce=0.0582  loss_bbox=0.0086  loss_depth=0.1426  loss_center=0.0030
[2026-08-18 12:15:11] INFO Epoch[91] [222/371]  total=12.7471  loss_ce=0.0718  loss_bbox=0.0065  loss_depth=0.8390  loss_center=0.0056
[2026-08-18 12:15:51] INFO Epoch[91] [259/371]  total=9.7578  loss_ce=0.0958  loss_bbox=0.0147  loss_depth=0.0422  loss_center=0.0056
[2026-08-18 12:16:32] INFO Epoch[91] [296/371]  total=12.2350  loss_ce=0.1260  loss_bbox=0.0180  loss_depth=0.4344  loss_center=0.0085
[2026-08-18 12:17:12] INFO Epoch[91] [333/371]  total=12.6567  loss_ce=0.0760  loss_bbox=0.0090  loss_depth=1.2025  loss_center=0.0046
[2026-08-18 12:17:52] INFO Epoch[91] [370/371]  total=7.8312  loss_ce=0.0710  loss_bbox=0.0119  loss_depth=0.2160  loss_center=0.0046
[2026-08-18 12:17:53] INFO Epoch [91/99] avg_loss=14.3967  time=405.1s  lr=2.00e-05
[2026-08-18 12:17:54] INFO Checkpoint saved after epoch 91
[2026-08-18 12:18:34] INFO Epoch[92] [37/371]  total=5.4242  loss_ce=0.0648  loss_bbox=0.0030  loss_depth=0.2658  loss_center=0.0015
[2026-08-18 12:19:14] INFO Epoch[92] [74/371]  total=16.7663  loss_ce=0.1578  loss_bbox=0.0206  loss_depth=0.5914  loss_center=0.0114
[2026-08-18 12:19:55] INFO Epoch[92] [111/371]  total=3.4669  loss_ce=0.0290  loss_bbox=0.0041  loss_depth=0.0383  loss_center=0.0022
[2026-08-18 12:20:35] INFO Epoch[92] [148/371]  total=6.8877  loss_ce=0.0506  loss_bbox=0.0052  loss_depth=0.3626  loss_center=0.0036
[2026-08-18 12:21:15] INFO Epoch[92] [185/371]  total=17.9521  loss_ce=0.1776  loss_bbox=0.0271  loss_depth=1.2217  loss_center=0.0118
[2026-08-18 12:21:56] INFO Epoch[92] [222/371]  total=9.6736  loss_ce=0.0954  loss_bbox=0.0133  loss_depth=0.5433  loss_center=0.0071
[2026-08-18 12:22:36] INFO Epoch[92] [259/371]  total=16.7047  loss_ce=0.1036  loss_bbox=0.0203  loss_depth=0.7001  loss_center=0.0073
[2026-08-18 12:23:16] INFO Epoch[92] [296/371]  total=13.5725  loss_ce=0.1780  loss_bbox=0.0324  loss_depth=0.3115  loss_center=0.0106
[2026-08-18 12:23:56] INFO Epoch[92] [333/371]  total=16.3062  loss_ce=0.1219  loss_bbox=0.0095  loss_depth=1.6140  loss_center=0.0073
[2026-08-18 12:24:36] INFO Epoch[92] [370/371]  total=7.1066  loss_ce=0.1249  loss_bbox=0.0072  loss_depth=0.1512  loss_center=0.0054
[2026-08-18 12:24:37] INFO Epoch [92/99] avg_loss=13.5325  time=403.8s  lr=2.00e-05
[2026-08-18 12:24:38] INFO Checkpoint saved after epoch 92
[2026-08-18 12:25:19] INFO Epoch[93] [37/371]  total=0.6426  loss_ce=0.0122  loss_bbox=0.0024  loss_depth=-0.0624  loss_center=0.0014
[2026-08-18 12:25:59] INFO Epoch[93] [74/371]  total=0.2830  loss_ce=0.0187  loss_bbox=0.0031  loss_depth=-0.1822  loss_center=0.0012
[2026-08-18 12:26:39] INFO Epoch[93] [111/371]  total=7.4814  loss_ce=0.0364  loss_bbox=0.0065  loss_depth=0.1973  loss_center=0.0024
[2026-08-18 12:27:19] INFO Epoch[93] [148/371]  total=23.9927  loss_ce=0.2265  loss_bbox=0.0313  loss_depth=1.4407  loss_center=0.0189
[2026-08-18 12:28:00] INFO Epoch[93] [185/371]  total=25.6427  loss_ce=0.1710  loss_bbox=0.0248  loss_depth=2.1886  loss_center=0.0119
[2026-08-18 12:28:40] INFO Epoch[93] [222/371]  total=5.2533  loss_ce=0.0243  loss_bbox=0.0066  loss_depth=0.2461  loss_center=0.0023
[2026-08-18 12:29:20] INFO Epoch[93] [259/371]  total=61.6676  loss_ce=0.2183  loss_bbox=0.0561  loss_depth=3.9349  loss_center=0.0531
[2026-08-18 12:30:00] INFO Epoch[93] [296/371]  total=28.7137  loss_ce=0.2238  loss_bbox=0.0253  loss_depth=1.9956  loss_center=0.0209
[2026-08-18 12:30:40] INFO Epoch[93] [333/371]  total=2.6976  loss_ce=0.0286  loss_bbox=0.0111  loss_depth=-0.1319  loss_center=0.0046
[2026-08-18 12:31:20] INFO Epoch[93] [370/371]  total=22.5294  loss_ce=0.2076  loss_bbox=0.0519  loss_depth=1.0614  loss_center=0.0147
[2026-08-18 12:31:22] INFO Epoch [93/99] avg_loss=13.7054  time=403.9s  lr=2.00e-05
[2026-08-18 12:31:22] INFO Checkpoint saved after epoch 93
[2026-08-18 12:32:03] INFO Epoch[94] [37/371]  total=11.8942  loss_ce=0.1270  loss_bbox=0.0103  loss_depth=0.4456  loss_center=0.0044
[2026-08-18 12:32:43] INFO Epoch[94] [74/371]  total=14.7073  loss_ce=0.1338  loss_bbox=0.0146  loss_depth=1.0697  loss_center=0.0081
[2026-08-18 12:33:23] INFO Epoch[94] [111/371]  total=0.5672  loss_ce=0.0119  loss_bbox=0.0015  loss_depth=-0.0530  loss_center=0.0005
[2026-08-18 12:34:03] INFO Epoch[94] [148/371]  total=4.0681  loss_ce=0.0140  loss_bbox=0.0022  loss_depth=0.3961  loss_center=0.0008
[2026-08-18 12:34:43] INFO Epoch[94] [185/371]  total=21.8632  loss_ce=0.1670  loss_bbox=0.0176  loss_depth=1.6312  loss_center=0.0086
[2026-08-18 12:35:24] INFO Epoch[94] [222/371]  total=13.3145  loss_ce=0.0860  loss_bbox=0.0079  loss_depth=1.3430  loss_center=0.0045
[2026-08-18 12:36:04] INFO Epoch[94] [259/371]  total=31.1875  loss_ce=0.1976  loss_bbox=0.0254  loss_depth=2.3126  loss_center=0.0148
[2026-08-18 12:36:44] INFO Epoch[94] [296/371]  total=20.2551  loss_ce=0.2116  loss_bbox=0.0276  loss_depth=0.8224  loss_center=0.0130
[2026-08-18 12:37:24] INFO Epoch[94] [333/371]  total=16.1650  loss_ce=0.1115  loss_bbox=0.0212  loss_depth=1.3093  loss_center=0.0094
[2026-08-18 12:38:04] INFO Epoch[94] [370/371]  total=19.8685  loss_ce=0.1067  loss_bbox=0.0151  loss_depth=1.4163  loss_center=0.0097
[2026-08-18 12:38:05] INFO Epoch [94/99] avg_loss=12.7846  time=403.1s  lr=2.00e-05
[2026-08-18 12:38:06] INFO Checkpoint saved after epoch 94
[2026-08-18 12:38:46] INFO Epoch[95] [37/371]  total=14.4805  loss_ce=0.1189  loss_bbox=0.0185  loss_depth=0.6846  loss_center=0.0103
[2026-08-18 12:39:27] INFO Epoch[95] [74/371]  total=6.2361  loss_ce=0.0266  loss_bbox=0.0029  loss_depth=0.5792  loss_center=0.0023
[2026-08-18 12:40:07] INFO Epoch[95] [111/371]  total=42.6020  loss_ce=0.2325  loss_bbox=0.0390  loss_depth=3.3061  loss_center=0.0298
[2026-08-18 12:40:47] INFO Epoch[95] [148/371]  total=0.1094  loss_ce=0.0118  loss_bbox=0.0000  loss_depth=0.0000  loss_center=0.0000
[2026-08-18 12:41:27] INFO Epoch[95] [185/371]  total=11.6209  loss_ce=0.0982  loss_bbox=0.0110  loss_depth=0.5304  loss_center=0.0058
[2026-08-18 12:42:07] INFO Epoch[95] [222/371]  total=10.4628  loss_ce=0.0646  loss_bbox=0.0082  loss_depth=0.7472  loss_center=0.0057
[2026-08-18 12:42:47] INFO Epoch[95] [259/371]  total=14.1568  loss_ce=0.1051  loss_bbox=0.0115  loss_depth=0.9559  loss_center=0.0066
[2026-08-18 12:43:27] INFO Epoch[95] [296/371]  total=16.4716  loss_ce=0.0863  loss_bbox=0.0243  loss_depth=1.2684  loss_center=0.0121
[2026-08-18 12:44:07] INFO Epoch[95] [333/371]  total=35.0544  loss_ce=0.1963  loss_bbox=0.0331  loss_depth=2.0446  loss_center=0.0199
[2026-08-18 12:44:47] INFO Epoch[95] [370/371]  total=7.3408  loss_ce=0.0760  loss_bbox=0.0094  loss_depth=0.5148  loss_center=0.0050
[2026-08-18 12:44:49] INFO Epoch [95/99] avg_loss=13.9160  time=402.9s  lr=2.00e-05
[2026-08-18 12:44:49] INFO Checkpoint saved after epoch 95
[2026-08-18 12:45:30] INFO Epoch[96] [37/371]  total=9.1855  loss_ce=0.0728  loss_bbox=0.0108  loss_depth=0.4762  loss_center=0.0052
[2026-08-18 12:46:11] INFO Epoch[96] [74/371]  total=3.4527  loss_ce=0.0131  loss_bbox=0.0027  loss_depth=0.2802  loss_center=0.0013
[2026-08-18 12:46:51] INFO Epoch[96] [111/371]  total=13.2497  loss_ce=0.0892  loss_bbox=0.0063  loss_depth=0.7444  loss_center=0.0037
[2026-08-18 12:47:32] INFO Epoch[96] [148/371]  total=12.2396  loss_ce=0.1334  loss_bbox=0.0087  loss_depth=0.5598  loss_center=0.0053
[2026-08-18 12:48:12] INFO Epoch[96] [185/371]  total=14.0304  loss_ce=0.0724  loss_bbox=0.0124  loss_depth=1.1203  loss_center=0.0064
[2026-08-18 12:48:53] INFO Epoch[96] [222/371]  total=16.3433  loss_ce=0.1041  loss_bbox=0.0171  loss_depth=1.1117  loss_center=0.0117
[2026-08-18 12:49:33] INFO Epoch[96] [259/371]  total=8.9694  loss_ce=0.0557  loss_bbox=0.0074  loss_depth=0.5486  loss_center=0.0042
[2026-08-18 12:50:13] INFO Epoch[96] [296/371]  total=5.2845  loss_ce=0.0266  loss_bbox=0.0023  loss_depth=0.3865  loss_center=0.0011
[2026-08-18 12:50:53] INFO Epoch[96] [333/371]  total=10.9541  loss_ce=0.0482  loss_bbox=0.0139  loss_depth=0.8298  loss_center=0.0061
[2026-08-18 12:51:34] INFO Epoch[96] [370/371]  total=16.5919  loss_ce=0.1022  loss_bbox=0.0155  loss_depth=1.2670  loss_center=0.0107
[2026-08-18 12:51:35] INFO Epoch [96/99] avg_loss=13.1582  time=405.9s  lr=2.00e-05
[2026-08-18 12:51:35] INFO Checkpoint saved after epoch 96
[2026-08-18 12:52:16] INFO Epoch[97] [37/371]  total=17.6706  loss_ce=0.1591  loss_bbox=0.0186  loss_depth=0.9741  loss_center=0.0104
[2026-08-18 12:52:56] INFO Epoch[97] [74/371]  total=7.9964  loss_ce=0.0456  loss_bbox=0.0100  loss_depth=0.4504  loss_center=0.0046
[2026-08-18 12:53:36] INFO Epoch[97] [111/371]  total=16.5339  loss_ce=0.0888  loss_bbox=0.0180  loss_depth=1.2877  loss_center=0.0141
[2026-08-18 12:54:16] INFO Epoch[97] [148/371]  total=30.6098  loss_ce=0.1829  loss_bbox=0.0511  loss_depth=1.1692  loss_center=0.0279
[2026-08-18 12:54:56] INFO Epoch[97] [185/371]  total=15.3477  loss_ce=0.1900  loss_bbox=0.0365  loss_depth=0.5732  loss_center=0.0131
[2026-08-18 12:55:37] INFO Epoch[97] [222/371]  total=26.0551  loss_ce=0.1359  loss_bbox=0.0267  loss_depth=1.3531  loss_center=0.0146
[2026-08-18 12:56:17] INFO Epoch[97] [259/371]  total=9.6347  loss_ce=0.0716  loss_bbox=0.0048  loss_depth=0.8407  loss_center=0.0056
[2026-08-18 12:56:57] INFO Epoch[97] [296/371]  total=2.9421  loss_ce=0.0115  loss_bbox=0.0023  loss_depth=0.0861  loss_center=0.0016
[2026-08-18 12:57:37] INFO Epoch[97] [333/371]  total=15.3855  loss_ce=0.1126  loss_bbox=0.0186  loss_depth=0.7732  loss_center=0.0118
[2026-08-18 12:58:18] INFO Epoch[97] [370/371]  total=1.0538  loss_ce=0.0064  loss_bbox=0.0005  loss_depth=0.0919  loss_center=0.0002
[2026-08-18 12:58:19] INFO Epoch [97/99] avg_loss=13.0156  time=403.4s  lr=2.00e-05
[2026-08-18 12:58:19] INFO Checkpoint saved after epoch 97
[2026-08-18 12:59:00] INFO Epoch[98] [37/371]  total=9.7590  loss_ce=0.0566  loss_bbox=0.0150  loss_depth=0.5478  loss_center=0.0037
[2026-08-18 12:59:40] INFO Epoch[98] [74/371]  total=6.2788  loss_ce=0.0308  loss_bbox=0.0036  loss_depth=0.3569  loss_center=0.0025
[2026-08-18 13:00:21] INFO Epoch[98] [111/371]  total=3.4142  loss_ce=0.0437  loss_bbox=0.0094  loss_depth=-0.1255  loss_center=0.0031
[2026-08-18 13:01:01] INFO Epoch[98] [148/371]  total=12.9383  loss_ce=0.1010  loss_bbox=0.0082  loss_depth=0.8195  loss_center=0.0076
[2026-08-18 13:01:41] INFO Epoch[98] [185/371]  total=15.2055  loss_ce=0.0919  loss_bbox=0.0109  loss_depth=1.0820  loss_center=0.0074
[2026-08-18 13:02:21] INFO Epoch[98] [222/371]  total=20.0417  loss_ce=0.1143  loss_bbox=0.0251  loss_depth=1.2051  loss_center=0.0141
[2026-08-18 13:03:02] INFO Epoch[98] [259/371]  total=3.5078  loss_ce=0.0324  loss_bbox=0.0035  loss_depth=0.0375  loss_center=0.0030
[2026-08-18 13:03:42] INFO Epoch[98] [296/371]  total=44.3040  loss_ce=0.4036  loss_bbox=0.0761  loss_depth=1.8197  loss_center=0.0386
[2026-08-18 13:04:22] INFO Epoch[98] [333/371]  total=7.4847  loss_ce=0.0976  loss_bbox=0.0197  loss_depth=0.2896  loss_center=0.0063
[2026-08-18 13:05:02] INFO Epoch[98] [370/371]  total=2.2851  loss_ce=0.0112  loss_bbox=0.0021  loss_depth=0.1794  loss_center=0.0009
[2026-08-18 13:05:03] INFO Epoch [98/99] avg_loss=12.2322  time=404.1s  lr=2.00e-05
[2026-08-18 13:05:04] INFO Checkpoint saved after epoch 98
[2026-08-18 13:05:45] INFO Epoch[99] [37/371]  total=2.3964  loss_ce=0.0138  loss_bbox=0.0018  loss_depth=0.0114  loss_center=0.0012
[2026-08-18 13:06:25] INFO Epoch[99] [74/371]  total=21.8435  loss_ce=0.1565  loss_bbox=0.0174  loss_depth=1.2727  loss_center=0.0089
[2026-08-18 13:07:05] INFO Epoch[99] [111/371]  total=2.8504  loss_ce=0.0029  loss_bbox=0.0011  loss_depth=0.1616  loss_center=0.0008
[2026-08-18 13:07:45] INFO Epoch[99] [148/371]  total=2.4118  loss_ce=0.0364  loss_bbox=0.0052  loss_depth=-0.1494  loss_center=0.0031
[2026-08-18 13:08:25] INFO Epoch[99] [185/371]  total=1.9029  loss_ce=0.0098  loss_bbox=0.0015  loss_depth=0.1787  loss_center=0.0013
[2026-08-18 13:09:06] INFO Epoch[99] [222/371]  total=9.6158  loss_ce=0.0861  loss_bbox=0.0138  loss_depth=0.3019  loss_center=0.0079
[2026-08-18 13:09:46] INFO Epoch[99] [259/371]  total=6.4325  loss_ce=0.0380  loss_bbox=0.0046  loss_depth=0.1412  loss_center=0.0028
[2026-08-18 13:10:26] INFO Epoch[99] [296/371]  total=7.5481  loss_ce=0.0506  loss_bbox=0.0049  loss_depth=0.5202  loss_center=0.0017
[2026-08-18 13:11:06] INFO Epoch[99] [333/371]  total=20.7496  loss_ce=0.1458  loss_bbox=0.0236  loss_depth=1.2976  loss_center=0.0114
[2026-08-18 13:11:46] INFO Epoch[99] [370/371]  total=7.0861  loss_ce=0.0291  loss_bbox=0.0055  loss_depth=0.4830  loss_center=0.0031
[2026-08-18 13:11:47] INFO Epoch [99/99] avg_loss=12.5715  time=403.7s  lr=2.00e-05
[2026-08-18 13:11:48] INFO Checkpoint saved after epoch 99
