[2026-08-20 22:45:40] INFO Log file: outputs/vggt_monodetr_kitti_1280x384/logs/train_20260820_224540.log
[2026-08-20 22:45:40] INFO Config: {'dataset': 'kitti', 'root_dir': '/root/dataset/kitti', 'writelist': ['Pedestrian', 'Car', 'Cyclist'], 'class_merging': False, 'use_dontcare': False, 'use_3d_center': True, 'bbox2d_type': 'anno', 'meanshape': True, 'clip_2d': False, 'aug_pd': True, 'aug_crop': False, 'aug_calib': False, 'random_flip': 0.5, 'random_crop': 0.5, 'scale': 0.4, 'shift': 0.1, 'depth_scale': 'normal', 'vggt_w': 1280, 'vggt_h': 384, 'num_classes': 3, 'num_queries': 50, 'num_feature_levels': 4, 'hidden_dim': 256, 'group_num': 11, 'aux_loss': True, 'with_box_refine': True, 'two_stage': False, 'init_box': False, 'use_dab': False, 'two_stage_dino': False, 'use_dn': False, 'enc_layers': 6, 'dec_layers': 6, 'dim_feedforward': 1024, 'dropout': 0.1, 'nheads': 8, 'enc_n_points': 4, 'dec_n_points': 4, 'num_patterns': 0, 'return_intermediate_dec': True, 'set_cost_class': 2.0, 'set_cost_bbox': 5.0, 'set_cost_giou': 2.0, 'set_cost_3dcenter': 10.0, 'depth_min': '1e-3', 'depth_max': 80.0, 'num_depth_bins': 80, 'cls_loss_coef': 2.0, 'bbox_loss_coef': 5.0, 'giou_loss_coef': 2.0, 'dim_loss_coef': 1.0, 'angle_loss_coef': 1.0, 'depth_loss_coef': 1.0, '3dcenter_loss_coef': 10.0, 'focal_alpha': 0.25, 'max_epoch': 250, 'batch_size': 2, 'num_workers': 4, 'lr': 0.0002, 'lr_backbone': 0.0, 'weight_decay': 0.0001, 'clip_max_norm': 0.1, 'lr_drop': 90, 'warmup_min_lr': 1e-06, 'warmup_epochs': 5, 'save_path': 'outputs', 'experiment_name': 'vggt_monodetr_kitti_1280x384', 'resume_model': True, 'eval_during_training': True, 'eval_frequency': 1, 'score_threshold': 0.2}
[2026-08-20 22:45:40] INFO World size: 5, Output: outputs/vggt_monodetr_kitti_1280x384
[2026-08-20 22:45:40] INFO Train: 3712 samples | Val: 3769 samples
[2026-08-20 22:45:54] INFO Rank 0: trainable tensors=471, params=18,854,629
[2026-08-20 22:45:56] INFO ==> Loading from checkpoint 'outputs/vggt_monodetr_kitti_1280x384/ckpt/checkpoint.pth'
[2026-08-20 22:45:57] INFO ==> Done
[2026-08-20 22:45:57] INFO Resumed from epoch 100, best=0.0000
[2026-08-20 22:45:57] INFO ============================================================
[2026-08-20 22:45:57] INFO Starting training...
[2026-08-20 22:45:57] INFO ============================================================
[2026-08-20 22:46:39] INFO Epoch[100] [37/371]  total=7.8181  loss_ce=0.0540  loss_bbox=0.0096  loss_depth=0.2599  loss_center=0.0040
[2026-08-20 22:47:19] INFO Epoch[100] [74/371]  total=10.6318  loss_ce=0.0945  loss_bbox=0.0134  loss_depth=0.8015  loss_center=0.0064
[2026-08-20 22:48:00] INFO Epoch[100] [111/371]  total=0.0726  loss_ce=0.0052  loss_bbox=0.0017  loss_depth=-0.1682  loss_center=0.0005
[2026-08-20 22:48:40] INFO Epoch[100] [148/371]  total=3.5687  loss_ce=0.0241  loss_bbox=0.0028  loss_depth=0.2019  loss_center=0.0014
[2026-08-20 22:49:21] INFO Epoch[100] [185/371]  total=1.2713  loss_ce=0.0076  loss_bbox=0.0023  loss_depth=-0.0488  loss_center=0.0010
[2026-08-20 22:50:02] INFO Epoch[100] [222/371]  total=11.1764  loss_ce=0.0480  loss_bbox=0.0141  loss_depth=0.7997  loss_center=0.0065
[2026-08-20 22:50:43] INFO Epoch[100] [259/371]  total=20.9578  loss_ce=0.1467  loss_bbox=0.0283  loss_depth=1.2548  loss_center=0.0146
[2026-08-20 22:51:23] INFO Epoch[100] [296/371]  total=9.0584  loss_ce=0.1345  loss_bbox=0.0170  loss_depth=0.2645  loss_center=0.0059
[2026-08-20 22:52:03] INFO Epoch[100] [333/371]  total=7.4882  loss_ce=0.0977  loss_bbox=0.0142  loss_depth=0.1719  loss_center=0.0068
[2026-08-20 22:52:44] INFO Epoch[100] [370/371]  total=4.8754  loss_ce=0.0275  loss_bbox=0.0019  loss_depth=0.3564  loss_center=0.0016
[2026-08-20 22:52:46] INFO Epoch [100/249] avg_loss=12.5613  time=408.9s  lr=2.00e-05
[2026-08-20 22:52:46] INFO Checkpoint saved after epoch 100
[2026-08-20 22:58:23] INFO ==> Loading detections and GTs...
[2026-08-20 22:58:23] INFO ==> Evaluating (official)...
[2026-08-20 23:00:29] INFO Pedestrian AP@0.50, 0.50, 0.50:
bbox AP:59.0994, 52.5241, 45.1685
bev  AP:9.9795, 9.3977, 7.6087
3d   AP:8.8388, 7.4059, 7.0300
aos  AP:51.28, 45.28, 38.99
Pedestrian AP_R40@0.50, 0.50, 0.50:
bbox AP:59.1354, 51.9065, 44.1461
bev  AP:7.4347, 6.6445, 5.0493
3d   AP:6.0530, 5.2211, 4.2952
aos  AP:50.35, 43.80, 36.96
Pedestrian AP@0.50, 0.25, 0.25:
bbox AP:59.0994, 52.5241, 45.1685
bev  AP:29.5658, 25.5089, 23.4281
3d   AP:28.7991, 24.7453, 22.9096
aos  AP:51.28, 45.28, 38.99
Pedestrian AP_R40@0.50, 0.25, 0.25:
bbox AP:59.1354, 51.9065, 44.1461
bev  AP:25.4514, 21.5317, 17.8815
3d   AP:24.6170, 20.7271, 17.3074
aos  AP:50.35, 43.80, 36.96

[2026-08-20 23:02:27] INFO Car AP@0.70, 0.70, 0.70:
bbox AP:74.6734, 69.1026, 62.5564
bev  AP:19.1021, 17.8072, 16.5949
3d   AP:10.7120, 13.8633, 12.3749
aos  AP:73.42, 66.99, 59.71
Car AP_R40@0.70, 0.70, 0.70:
bbox AP:75.9550, 70.0428, 64.6478
bev  AP:17.3002, 12.7033, 10.9392
3d   AP:9.0118, 7.0757, 5.9339
aos  AP:74.54, 67.66, 61.26
Car AP@0.70, 0.50, 0.50:
bbox AP:74.6734, 69.1026, 62.5564
bev  AP:45.4342, 37.2266, 32.6307
3d   AP:42.4882, 32.6620, 30.3199
aos  AP:73.42, 66.99, 59.71
Car AP_R40@0.70, 0.50, 0.50:
bbox AP:75.9550, 70.0428, 64.6478
bev  AP:44.4039, 33.4007, 29.5176
3d   AP:40.0264, 30.1071, 25.5882
aos  AP:74.54, 67.66, 61.26

[2026-08-20 23:04:26] INFO Cyclist AP@0.50, 0.50, 0.50:
bbox AP:43.1656, 28.2670, 27.5713
bev  AP:10.9489, 9.7561, 9.7802
3d   AP:10.8962, 9.7531, 9.7786
aos  AP:32.91, 21.70, 20.53
Cyclist AP_R40@0.50, 0.50, 0.50:
bbox AP:42.1295, 24.4360, 23.9493
bev  AP:2.8065, 1.5318, 1.5396
3d   AP:2.6779, 1.4937, 1.3835
aos  AP:32.63, 19.07, 18.31
Cyclist AP@0.50, 0.25, 0.25:
bbox AP:43.1656, 28.2670, 27.5713
bev  AP:17.6014, 13.8491, 12.7032
3d   AP:17.5429, 13.8342, 12.7032
aos  AP:32.91, 21.70, 20.53
Cyclist AP_R40@0.50, 0.25, 0.25:
bbox AP:42.1295, 24.4360, 23.9493
bev  AP:10.6879, 6.2366, 5.4740
3d   AP:10.5558, 6.1902, 5.4391
aos  AP:32.63, 19.07, 18.31

[2026-08-20 23:04:26] INFO   Val Car Moderate mAP: 7.0757
[2026-08-20 23:04:27] INFO   Best: 7.0757 @ epoch 100
[2026-08-20 23:05:08] INFO Epoch[101] [37/371]  total=20.7287  loss_ce=0.1323  loss_bbox=0.0242  loss_depth=0.9926  loss_center=0.0164
[2026-08-20 23:05:48] INFO Epoch[101] [74/371]  total=16.9380  loss_ce=0.1547  loss_bbox=0.0334  loss_depth=0.6778  loss_center=0.0141
[2026-08-20 23:06:29] INFO Epoch[101] [111/371]  total=18.7662  loss_ce=0.1280  loss_bbox=0.0304  loss_depth=0.7639  loss_center=0.0172
[2026-08-20 23:07:09] INFO Epoch[101] [148/371]  total=14.0968  loss_ce=0.1280  loss_bbox=0.0231  loss_depth=0.6386  loss_center=0.0104
[2026-08-20 23:07:50] INFO Epoch[101] [185/371]  total=10.9087  loss_ce=0.0383  loss_bbox=0.0092  loss_depth=0.6704  loss_center=0.0038
[2026-08-20 23:08:30] INFO Epoch[101] [222/371]  total=7.2261  loss_ce=0.0198  loss_bbox=0.0060  loss_depth=0.4149  loss_center=0.0038
[2026-08-20 23:09:10] INFO Epoch[101] [259/371]  total=11.5145  loss_ce=0.0740  loss_bbox=0.0144  loss_depth=0.6573  loss_center=0.0091
[2026-08-20 23:09:51] INFO Epoch[101] [296/371]  total=4.5021  loss_ce=0.0547  loss_bbox=0.0153  loss_depth=-0.1613  loss_center=0.0075
[2026-08-20 23:10:31] INFO Epoch[101] [333/371]  total=13.1181  loss_ce=0.0794  loss_bbox=0.0290  loss_depth=0.4818  loss_center=0.0121
[2026-08-20 23:11:12] INFO Epoch[101] [370/371]  total=9.8014  loss_ce=0.0626  loss_bbox=0.0139  loss_depth=0.4768  loss_center=0.0055
[2026-08-20 23:11:13] INFO Epoch [101/249] avg_loss=11.8917  time=405.5s  lr=2.00e-05
[2026-08-20 23:11:13] INFO Checkpoint saved after epoch 101
[2026-08-20 23:16:50] INFO ==> Loading detections and GTs...
[2026-08-20 23:16:51] INFO ==> Evaluating (official)...
[2026-08-20 23:18:37] INFO Pedestrian AP@0.50, 0.50, 0.50:
bbox AP:61.0767, 53.9760, 46.5417
bev  AP:15.1445, 14.3845, 12.3038
3d   AP:14.1370, 12.3323, 11.7712
aos  AP:52.92, 46.64, 40.12
Pedestrian AP_R40@0.50, 0.50, 0.50:
bbox AP:60.3029, 52.2893, 45.6217
bev  AP:8.4831, 7.1084, 5.8853
3d   AP:6.9400, 5.6348, 4.6371
aos  AP:51.48, 44.40, 38.39
Pedestrian AP@0.50, 0.25, 0.25:
bbox AP:61.0767, 53.9760, 46.5417
bev  AP:30.0101, 26.0096, 23.8781
3d   AP:29.0912, 25.2276, 23.4407
aos  AP:52.92, 46.64, 40.12
Pedestrian AP_R40@0.50, 0.25, 0.25:
bbox AP:60.3029, 52.2893, 45.6217
bev  AP:25.9714, 21.9060, 18.3144
3d   AP:24.3972, 21.2330, 17.7313
aos  AP:51.48, 44.40, 38.39

[2026-08-20 23:20:23] INFO Car AP@0.70, 0.70, 0.70:
bbox AP:78.0930, 71.3049, 64.4483
bev  AP:23.8040, 18.2280, 16.7963
3d   AP:16.7204, 14.2267, 12.5820
aos  AP:76.66, 68.79, 61.28
Car AP_R40@0.70, 0.70, 0.70:
bbox AP:78.7674, 71.2287, 65.2636
bev  AP:17.9558, 13.2805, 10.8743
3d   AP:9.8667, 7.4445, 6.2928
aos  AP:77.24, 68.51, 61.69
Car AP@0.70, 0.50, 0.50:
bbox AP:78.0930, 71.3049, 64.4483
bev  AP:46.7918, 35.0790, 32.8710
3d   AP:43.3518, 33.0813, 30.9557
aos  AP:76.66, 68.79, 61.28
Car AP_R40@0.70, 0.50, 0.50:
bbox AP:78.7674, 71.2287, 65.2636
bev  AP:45.0184, 33.1533, 29.1429
3d   AP:40.8085, 29.8833, 26.1048
aos  AP:77.24, 68.51, 61.69

[2026-08-20 23:22:09] INFO Cyclist AP@0.50, 0.50, 0.50:
bbox AP:41.5933, 27.4708, 24.2733
bev  AP:11.7538, 9.7516, 9.7527
3d   AP:10.9905, 9.6846, 9.7063
aos  AP:32.28, 21.16, 18.92
Cyclist AP_R40@0.50, 0.50, 0.50:
bbox AP:39.6433, 22.6630, 21.8656
bev  AP:3.4103, 2.0649, 1.6249
3d   AP:2.9414, 1.5233, 1.4955
aos  AP:30.68, 17.53, 16.96
Cyclist AP@0.50, 0.25, 0.25:
bbox AP:41.5933, 27.4708, 24.2733
bev  AP:18.0743, 14.0817, 14.1825
3d   AP:17.4441, 13.8645, 12.5874
aos  AP:32.28, 21.16, 18.92
Cyclist AP_R40@0.50, 0.25, 0.25:
bbox AP:39.6433, 22.6630, 21.8656
bev  AP:11.7011, 6.4595, 6.2115
3d   AP:10.6787, 5.9851, 5.3875
aos  AP:30.68, 17.53, 16.96

[2026-08-20 23:22:10] INFO   Val Car Moderate mAP: 7.4445
[2026-08-20 23:22:10] INFO   Best: 7.4445 @ epoch 101
[2026-08-20 23:22:51] INFO Epoch[102] [37/371]  total=6.5498  loss_ce=0.0573  loss_bbox=0.0220  loss_depth=-0.2090  loss_center=0.0107
[2026-08-20 23:23:32] INFO Epoch[102] [74/371]  total=23.5628  loss_ce=0.2010  loss_bbox=0.0367  loss_depth=1.2091  loss_center=0.0191
[2026-08-20 23:24:12] INFO Epoch[102] [111/371]  total=5.3168  loss_ce=0.0283  loss_bbox=0.0045  loss_depth=0.3164  loss_center=0.0015
[2026-08-20 23:24:53] INFO Epoch[102] [148/371]  total=0.8434  loss_ce=0.0063  loss_bbox=0.0045  loss_depth=-0.1754  loss_center=0.0016
[2026-08-20 23:25:34] INFO Epoch[102] [185/371]  total=8.9408  loss_ce=0.1098  loss_bbox=0.0105  loss_depth=0.2949  loss_center=0.0053
[2026-08-20 23:26:15] INFO Epoch[102] [222/371]  total=15.2601  loss_ce=0.1603  loss_bbox=0.0178  loss_depth=0.7722  loss_center=0.0085
[2026-08-20 23:26:56] INFO Epoch[102] [259/371]  total=18.2065  loss_ce=0.1094  loss_bbox=0.0178  loss_depth=1.0214  loss_center=0.0105
[2026-08-20 23:27:37] INFO Epoch[102] [296/371]  total=10.4228  loss_ce=0.0552  loss_bbox=0.0181  loss_depth=0.1846  loss_center=0.0061
[2026-08-20 23:28:19] INFO Epoch[102] [333/371]  total=39.1804  loss_ce=0.2244  loss_bbox=0.0229  loss_depth=2.5003  loss_center=0.0173
[2026-08-20 23:29:00] INFO Epoch[102] [370/371]  total=6.2660  loss_ce=0.0209  loss_bbox=0.0034  loss_depth=0.4005  loss_center=0.0035
[2026-08-20 23:29:01] INFO Epoch [102/249] avg_loss=11.9213  time=410.5s  lr=2.00e-05
[2026-08-20 23:29:01] INFO Checkpoint saved after epoch 102
[2026-08-20 23:34:40] INFO ==> Loading detections and GTs...
[2026-08-20 23:34:40] INFO ==> Evaluating (official)...
[2026-08-20 23:36:40] INFO Pedestrian AP@0.50, 0.50, 0.50:
bbox AP:60.3809, 53.1157, 46.1152
bev  AP:8.0552, 7.5933, 7.1653
3d   AP:7.2250, 7.0365, 6.6090
aos  AP:52.82, 46.23, 40.02
Pedestrian AP_R40@0.50, 0.50, 0.50:
bbox AP:60.8393, 52.9331, 45.0214
bev  AP:6.3221, 5.4392, 4.4635
3d   AP:5.0922, 4.1366, 3.3460
aos  AP:52.23, 45.19, 38.12
Pedestrian AP@0.50, 0.25, 0.25:
bbox AP:60.3809, 53.1157, 46.1152
bev  AP:26.9038, 23.6352, 19.5422
3d   AP:26.3675, 23.1497, 19.4086
aos  AP:52.82, 46.23, 40.02
Pedestrian AP_R40@0.50, 0.25, 0.25:
bbox AP:60.8393, 52.9331, 45.0214
bev  AP:21.6871, 19.0455, 15.1931
3d   AP:20.9770, 17.8694, 14.8339
aos  AP:52.23, 45.19, 38.12

[2026-08-20 23:38:40] INFO Car AP@0.70, 0.70, 0.70:
bbox AP:76.4217, 69.6353, 62.8546
bev  AP:23.6394, 18.0862, 16.5398
3d   AP:16.4861, 13.9779, 12.3901
aos  AP:75.25, 67.50, 60.00
Car AP_R40@0.70, 0.70, 0.70:
bbox AP:76.8728, 70.7720, 65.1307
bev  AP:18.4272, 13.2379, 10.7495
3d   AP:9.5377, 7.2773, 6.0343
aos  AP:75.62, 68.39, 61.74
Car AP@0.70, 0.50, 0.50:
bbox AP:76.4217, 69.6353, 62.8546
bev  AP:46.3615, 34.5056, 32.1079
3d   AP:42.8352, 32.3488, 27.1144
aos  AP:75.25, 67.50, 60.00
Car AP_R40@0.70, 0.50, 0.50:
bbox AP:76.8728, 70.7720, 65.1307
bev  AP:45.3580, 32.6052, 28.4746
3d   AP:40.3024, 29.1221, 24.4950
aos  AP:75.62, 68.39, 61.74

[2026-08-20 23:40:38] INFO Cyclist AP@0.50, 0.50, 0.50:
bbox AP:43.4076, 28.2918, 27.9676
bev  AP:10.9222, 9.6802, 9.7006
3d   AP:10.8225, 9.6359, 9.6564
aos  AP:32.60, 20.90, 20.63
Cyclist AP_R40@0.50, 0.50, 0.50:
bbox AP:41.9053, 23.5451, 23.2321
bev  AP:2.9231, 1.4600, 1.5046
3d   AP:2.6318, 1.3236, 1.2942
aos  AP:31.69, 17.73, 17.47
Cyclist AP@0.50, 0.25, 0.25:
bbox AP:43.4076, 28.2918, 27.9676
bev  AP:17.4861, 13.6828, 13.6050
3d   AP:17.3333, 13.6472, 12.4373
aos  AP:32.60, 20.90, 20.63
Cyclist AP_R40@0.50, 0.25, 0.25:
bbox AP:41.9053, 23.5451, 23.2321
bev  AP:10.6709, 6.0930, 5.4727
3d   AP:10.2762, 6.0190, 5.0148
aos  AP:31.69, 17.73, 17.47

[2026-08-20 23:40:38] INFO   Val Car Moderate mAP: 7.2773
[2026-08-20 23:40:39] INFO   Best: 7.4445 @ epoch 101
[2026-08-20 23:41:20] INFO Epoch[103] [37/371]  total=26.1127  loss_ce=0.1531  loss_bbox=0.0377  loss_depth=1.0620  loss_center=0.0217
[2026-08-20 23:42:00] INFO Epoch[103] [74/371]  total=0.5083  loss_ce=0.0148  loss_bbox=0.0037  loss_depth=-0.1806  loss_center=0.0013
[2026-08-20 23:42:41] INFO Epoch[103] [111/371]  total=4.2295  loss_ce=0.0127  loss_bbox=0.0058  loss_depth=0.0274  loss_center=0.0026
[2026-08-20 23:43:21] INFO Epoch[103] [148/371]  total=11.9892  loss_ce=0.0866  loss_bbox=0.0139  loss_depth=0.6275  loss_center=0.0074
[2026-08-20 23:44:02] INFO Epoch[103] [185/371]  total=1.3799  loss_ce=0.0192  loss_bbox=0.0080  loss_depth=-0.1660  loss_center=0.0020
[2026-08-20 23:44:42] INFO Epoch[103] [222/371]  total=9.5230  loss_ce=0.0510  loss_bbox=0.0124  loss_depth=0.3541  loss_center=0.0123
[2026-08-20 23:45:23] INFO Epoch[103] [259/371]  total=25.0528  loss_ce=0.1310  loss_bbox=0.0125  loss_depth=1.4501  loss_center=0.0095
[2026-08-20 23:46:03] INFO Epoch[103] [296/371]  total=16.8430  loss_ce=0.1018  loss_bbox=0.0226  loss_depth=1.1817  loss_center=0.0100
[2026-08-20 23:46:44] INFO Epoch[103] [333/371]  total=17.4530  loss_ce=0.1421  loss_bbox=0.0179  loss_depth=1.1742  loss_center=0.0106
[2026-08-20 23:47:24] INFO Epoch[103] [370/371]  total=1.9512  loss_ce=0.0074  loss_bbox=0.0054  loss_depth=0.0765  loss_center=0.0022
[2026-08-20 23:47:25] INFO Epoch [103/249] avg_loss=11.8283  time=406.4s  lr=2.00e-05
[2026-08-20 23:47:26] INFO Checkpoint saved after epoch 103
[2026-08-20 23:53:01] INFO ==> Loading detections and GTs...
[2026-08-20 23:53:02] INFO ==> Evaluating (official)...
[2026-08-20 23:54:54] INFO Pedestrian AP@0.50, 0.50, 0.50:
bbox AP:61.0917, 53.8967, 46.6642
bev  AP:14.5931, 14.0617, 12.1399
3d   AP:13.5673, 12.1624, 11.6529
aos  AP:52.40, 45.87, 39.69
Pedestrian AP_R40@0.50, 0.50, 0.50:
bbox AP:60.0766, 52.3150, 45.7860
bev  AP:7.4325, 6.5794, 5.0471
3d   AP:6.6601, 5.3892, 4.4593
aos  AP:50.38, 43.53, 37.74
Pedestrian AP@0.50, 0.25, 0.25:
bbox AP:61.0917, 53.8967, 46.6642
bev  AP:28.6541, 25.3398, 23.1766
3d   AP:28.0332, 24.8093, 20.2031
aos  AP:52.40, 45.87, 39.69
Pedestrian AP_R40@0.50, 0.25, 0.25:
bbox AP:60.0766, 52.3150, 45.7860
bev  AP:24.8030, 21.0038, 17.6209
3d   AP:23.5414, 20.3223, 16.2904
aos  AP:50.38, 43.53, 37.74

[2026-08-20 23:56:45] INFO Car AP@0.70, 0.70, 0.70:
bbox AP:75.5515, 70.4959, 63.7896
bev  AP:19.9436, 17.9600, 16.4741
3d   AP:11.6286, 13.9905, 12.4177
aos  AP:74.08, 68.11, 60.68
Car AP_R40@0.70, 0.70, 0.70:
bbox AP:75.9833, 71.6132, 66.0313
bev  AP:17.5069, 12.8156, 10.4702
3d   AP:9.2453, 7.1774, 5.9095
aos  AP:74.40, 68.94, 62.31
Car AP@0.70, 0.50, 0.50:
bbox AP:75.5515, 70.4959, 63.7896
bev  AP:44.8417, 34.1147, 31.7929
3d   AP:41.4977, 31.8995, 27.0828
aos  AP:74.08, 68.11, 60.68
Car AP_R40@0.70, 0.50, 0.50:
bbox AP:75.9833, 71.6132, 66.0313
bev  AP:43.0949, 31.9744, 27.1248
3d   AP:38.2333, 27.9243, 24.0564
aos  AP:74.40, 68.94, 62.31

[2026-08-20 23:58:36] INFO Cyclist AP@0.50, 0.50, 0.50:
bbox AP:42.1708, 27.2643, 27.1514
bev  AP:11.0048, 9.7174, 9.7403
3d   AP:10.9091, 9.7422, 9.7673
aos  AP:32.32, 20.62, 20.35
Cyclist AP_R40@0.50, 0.50, 0.50:
bbox AP:41.4564, 23.3709, 23.0485
bev  AP:2.8940, 1.4885, 1.4813
3d   AP:2.6917, 1.4520, 1.4621
aos  AP:31.67, 17.84, 17.48
Cyclist AP@0.50, 0.25, 0.25:
bbox AP:42.1708, 27.2643, 27.1514
bev  AP:17.8068, 13.8628, 13.8343
3d   AP:17.4196, 13.5658, 12.4169
aos  AP:32.32, 20.62, 20.35
Cyclist AP_R40@0.50, 0.25, 0.25:
bbox AP:41.4564, 23.3709, 23.0485
bev  AP:10.9090, 6.1512, 5.8737
3d   AP:9.9579, 5.7371, 5.0847
aos  AP:31.67, 17.84, 17.48

[2026-08-20 23:58:36] INFO   Val Car Moderate mAP: 7.1774
[2026-08-20 23:58:37] INFO   Best: 7.4445 @ epoch 101
[2026-08-20 23:59:17] INFO Epoch[104] [37/371]  total=3.4027  loss_ce=0.0165  loss_bbox=0.0014  loss_depth=0.2665  loss_center=0.0009
[2026-08-20 23:59:58] INFO Epoch[104] [74/371]  total=19.1390  loss_ce=0.1298  loss_bbox=0.0222  loss_depth=1.1249  loss_center=0.0147
[2026-08-21 00:00:39] INFO Epoch[104] [111/371]  total=7.5841  loss_ce=0.0673  loss_bbox=0.0111  loss_depth=0.4961  loss_center=0.0053
[2026-08-21 00:01:19] INFO Epoch[104] [148/371]  total=16.8264  loss_ce=0.1239  loss_bbox=0.0413  loss_depth=0.9491  loss_center=0.0267
[2026-08-21 00:02:00] INFO Epoch[104] [185/371]  total=14.4003  loss_ce=0.0831  loss_bbox=0.0113  loss_depth=0.6258  loss_center=0.0089
[2026-08-21 00:02:41] INFO Epoch[104] [222/371]  total=7.2009  loss_ce=0.0698  loss_bbox=0.0045  loss_depth=0.4370  loss_center=0.0029
[2026-08-21 00:03:21] INFO Epoch[104] [259/371]  total=11.6001  loss_ce=0.0961  loss_bbox=0.0155  loss_depth=0.5199  loss_center=0.0082
[2026-08-21 00:04:01] INFO Epoch[104] [296/371]  total=27.1033  loss_ce=0.1932  loss_bbox=0.0358  loss_depth=1.9628  loss_center=0.0191
[2026-08-21 00:04:42] INFO Epoch[104] [333/371]  total=16.7449  loss_ce=0.0956  loss_bbox=0.0124  loss_depth=0.9058  loss_center=0.0093
[2026-08-21 00:05:22] INFO Epoch[104] [370/371]  total=27.2413  loss_ce=0.1450  loss_bbox=0.0325  loss_depth=1.4966  loss_center=0.0240
[2026-08-21 00:05:24] INFO Epoch [104/249] avg_loss=13.0066  time=406.9s  lr=2.00e-05
[2026-08-21 00:05:24] INFO Checkpoint saved after epoch 104
[2026-08-21 00:10:59] INFO ==> Loading detections and GTs...
[2026-08-21 00:11:00] INFO ==> Evaluating (official)...
[2026-08-21 00:12:55] INFO Pedestrian AP@0.50, 0.50, 0.50:
bbox AP:59.4983, 52.4849, 45.7193
bev  AP:13.9809, 12.3932, 11.7970
3d   AP:12.7661, 11.8563, 11.0916
aos  AP:51.16, 45.01, 39.10
Pedestrian AP_R40@0.50, 0.50, 0.50:
bbox AP:58.3648, 50.7157, 44.4719
bev  AP:7.1042, 5.7117, 4.7535
3d   AP:5.2318, 4.3274, 3.4318
aos  AP:49.10, 42.46, 36.93
Pedestrian AP@0.50, 0.25, 0.25:
bbox AP:59.4983, 52.4849, 45.7193
bev  AP:27.2821, 24.3265, 19.8687
3d   AP:27.1174, 24.0651, 19.7519
aos  AP:51.16, 45.01, 39.10
Pedestrian AP_R40@0.50, 0.25, 0.25:
bbox AP:58.3648, 50.7157, 44.4719
bev  AP:22.2753, 19.0416, 15.7254
3d   AP:22.0754, 18.8144, 15.5428
aos  AP:49.10, 42.46, 36.93

[2026-08-21 00:14:50] INFO Car AP@0.70, 0.70, 0.70:
bbox AP:75.4219, 69.8320, 63.1668
bev  AP:18.1642, 17.3059, 16.2667
3d   AP:10.4499, 13.6242, 12.0983
aos  AP:74.02, 67.52, 60.15
Car AP_R40@0.70, 0.70, 0.70:
bbox AP:75.6927, 71.0381, 65.4292
bev  AP:16.0071, 12.1350, 10.5413
3d   AP:8.6671, 6.7981, 5.6967
aos  AP:74.18, 68.44, 61.82
Car AP@0.70, 0.50, 0.50:
bbox AP:75.4219, 69.8320, 63.1668
bev  AP:44.3497, 36.7218, 32.1963
3d   AP:40.4887, 31.6549, 29.4372
aos  AP:74.02, 67.52, 60.15
Car AP_R40@0.70, 0.50, 0.50:
bbox AP:75.6927, 71.0381, 65.4292
bev  AP:43.1760, 32.8985, 29.0677
3d   AP:37.5494, 28.3427, 24.7768
aos  AP:74.18, 68.44, 61.82

[2026-08-21 00:16:45] INFO Cyclist AP@0.50, 0.50, 0.50:
bbox AP:42.2745, 28.0427, 24.6145
bev  AP:10.7331, 9.7284, 9.7541
3d   AP:9.9538, 9.0909, 9.0909
aos  AP:32.10, 21.26, 18.84
Cyclist AP_R40@0.50, 0.50, 0.50:
bbox AP:40.5794, 23.7967, 22.2972
bev  AP:2.1560, 1.2901, 1.3222
3d   AP:1.7126, 1.0187, 0.8613
aos  AP:30.83, 18.05, 17.00
Cyclist AP@0.50, 0.25, 0.25:
bbox AP:42.2745, 28.0427, 24.6145
bev  AP:17.1932, 13.6477, 12.4788
3d   AP:16.9789, 13.6317, 12.4788
aos  AP:32.10, 21.26, 18.84
Cyclist AP_R40@0.50, 0.25, 0.25:
bbox AP:40.5794, 23.7967, 22.2972
bev  AP:10.1419, 5.6426, 5.0602
3d   AP:9.5717, 5.4826, 5.0270
aos  AP:30.83, 18.05, 17.00

[2026-08-21 00:16:45] INFO   Val Car Moderate mAP: 6.7981
[2026-08-21 00:16:45] INFO   Best: 7.4445 @ epoch 101
[2026-08-21 00:17:26] INFO Epoch[105] [37/371]  total=8.3515  loss_ce=0.0630  loss_bbox=0.0049  loss_depth=0.3860  loss_center=0.0033
[2026-08-21 00:18:06] INFO Epoch[105] [74/371]  total=3.9672  loss_ce=0.0149  loss_bbox=0.0019  loss_depth=0.2334  loss_center=0.0034
[2026-08-21 00:18:47] INFO Epoch[105] [111/371]  total=5.5801  loss_ce=0.0348  loss_bbox=0.0126  loss_depth=0.1564  loss_center=0.0033
[2026-08-21 00:19:29] INFO Epoch[105] [148/371]  total=12.2715  loss_ce=0.0632  loss_bbox=0.0207  loss_depth=0.3815  loss_center=0.0079
[2026-08-21 00:20:10] INFO Epoch[105] [185/371]  total=21.1803  loss_ce=0.1315  loss_bbox=0.0273  loss_depth=1.3428  loss_center=0.0144
[2026-08-21 00:20:51] INFO Epoch[105] [222/371]  total=10.3569  loss_ce=0.0561  loss_bbox=0.0257  loss_depth=0.0190  loss_center=0.0088
[2026-08-21 00:21:32] INFO Epoch[105] [259/371]  total=7.8064  loss_ce=0.0792  loss_bbox=0.0049  loss_depth=0.2602  loss_center=0.0019
[2026-08-21 00:22:12] INFO Epoch[105] [296/371]  total=29.5737  loss_ce=0.2862  loss_bbox=0.0374  loss_depth=1.7058  loss_center=0.0189
[2026-08-21 00:22:53] INFO Epoch[105] [333/371]  total=9.0001  loss_ce=0.0822  loss_bbox=0.0097  loss_depth=0.5023  loss_center=0.0048
[2026-08-21 00:23:34] INFO Epoch[105] [370/371]  total=9.1613  loss_ce=0.1029  loss_bbox=0.0146  loss_depth=0.3252  loss_center=0.0073
[2026-08-21 00:23:35] INFO Epoch [105/249] avg_loss=12.0134  time=409.4s  lr=2.00e-05
[2026-08-21 00:23:35] INFO Checkpoint saved after epoch 105
[2026-08-21 00:29:12] INFO ==> Loading detections and GTs...
[2026-08-21 00:29:12] INFO ==> Evaluating (official)...
[2026-08-21 00:31:06] INFO Pedestrian AP@0.50, 0.50, 0.50:
bbox AP:61.5155, 54.3008, 47.2607
bev  AP:13.8293, 12.2673, 12.0265
3d   AP:13.2486, 12.0587, 11.4145
aos  AP:52.80, 46.47, 40.29
Pedestrian AP_R40@0.50, 0.50, 0.50:
bbox AP:60.6939, 52.7434, 46.2261
bev  AP:7.0214, 5.8819, 4.9112
3d   AP:5.8431, 5.0986, 4.1953
aos  AP:51.03, 44.11, 38.28
Pedestrian AP@0.50, 0.25, 0.25:
bbox AP:61.5155, 54.3008, 47.2607
bev  AP:28.3587, 24.9396, 20.0745
3d   AP:25.2551, 24.2751, 19.7224
aos  AP:52.80, 46.47, 40.29
Pedestrian AP_R40@0.50, 0.25, 0.25:
bbox AP:60.6939, 52.7434, 46.2261
bev  AP:23.3974, 20.3546, 16.2839
3d   AP:21.8695, 18.9652, 15.8670
aos  AP:51.03, 44.11, 38.28

[2026-08-21 00:33:00] INFO Car AP@0.70, 0.70, 0.70:
bbox AP:77.5587, 71.0962, 64.1206
bev  AP:24.3889, 18.3749, 16.8451
3d   AP:12.4526, 14.1942, 12.5409
aos  AP:76.27, 68.91, 61.22
Car AP_R40@0.70, 0.70, 0.70:
bbox AP:78.1660, 72.3939, 66.5730
bev  AP:19.2958, 13.6267, 11.4932
3d   AP:10.3883, 7.6400, 6.3084
aos  AP:76.79, 69.95, 63.11
Car AP@0.70, 0.50, 0.50:
bbox AP:77.5587, 71.0962, 64.1206
bev  AP:46.7640, 34.8939, 32.3700
3d   AP:43.0371, 32.5003, 27.4213
aos  AP:76.27, 68.91, 61.22
Car AP_R40@0.70, 0.50, 0.50:
bbox AP:78.1660, 72.3939, 66.5730
bev  AP:45.7399, 32.9674, 28.7029
3d   AP:40.5656, 29.4520, 24.7036
aos  AP:76.79, 69.95, 63.11

[2026-08-21 00:34:54] INFO Cyclist AP@0.50, 0.50, 0.50:
bbox AP:43.4025, 28.7997, 26.1611
bev  AP:11.8233, 9.8664, 9.7660
3d   AP:11.0550, 9.7094, 9.7311
aos  AP:33.15, 21.28, 19.39
Cyclist AP_R40@0.50, 0.50, 0.50:
bbox AP:41.9525, 24.2892, 23.0791
bev  AP:3.5459, 2.0864, 1.7547
3d   AP:3.1219, 1.6705, 1.4965
aos  AP:31.55, 18.12, 17.14
Cyclist AP@0.50, 0.25, 0.25:
bbox AP:43.4025, 28.7997, 26.1611
bev  AP:17.8359, 13.7692, 13.7872
3d   AP:17.6593, 13.7152, 12.6560
aos  AP:33.15, 21.28, 19.39
Cyclist AP_R40@0.50, 0.25, 0.25:
bbox AP:41.9525, 24.2892, 23.0791
bev  AP:11.4480, 6.3777, 6.0283
3d   AP:11.1100, 6.2032, 5.4253
aos  AP:31.55, 18.12, 17.14

[2026-08-21 00:34:54] INFO   Val Car Moderate mAP: 7.6400
[2026-08-21 00:34:55] INFO   Best: 7.6400 @ epoch 105
[2026-08-21 00:35:35] INFO Epoch[106] [37/371]  total=8.2134  loss_ce=0.0687  loss_bbox=0.0122  loss_depth=0.1914  loss_center=0.0046
[2026-08-21 00:36:16] INFO Epoch[106] [74/371]  total=4.4447  loss_ce=0.0438  loss_bbox=0.0075  loss_depth=0.0625  loss_center=0.0023
[2026-08-21 00:36:56] INFO Epoch[106] [111/371]  total=10.6770  loss_ce=0.1210  loss_bbox=0.0072  loss_depth=0.7849  loss_center=0.0033
[2026-08-21 00:37:37] INFO Epoch[106] [148/371]  total=6.3700  loss_ce=0.0293  loss_bbox=0.0059  loss_depth=0.2039  loss_center=0.0034
[2026-08-21 00:38:18] INFO Epoch[106] [185/371]  total=4.1954  loss_ce=0.0223  loss_bbox=0.0052  loss_depth=0.2049  loss_center=0.0019
[2026-08-21 00:38:59] INFO Epoch[106] [222/371]  total=12.9132  loss_ce=0.0363  loss_bbox=0.0074  loss_depth=0.8821  loss_center=0.0033
[2026-08-21 00:39:39] INFO Epoch[106] [259/371]  total=4.5999  loss_ce=0.0354  loss_bbox=0.0078  loss_depth=-0.0400  loss_center=0.0040
[2026-08-21 00:40:20] INFO Epoch[106] [296/371]  total=5.2938  loss_ce=0.0482  loss_bbox=0.0125  loss_depth=0.0221  loss_center=0.0058
[2026-08-21 00:41:00] INFO Epoch[106] [333/371]  total=14.0115  loss_ce=0.1116  loss_bbox=0.0184  loss_depth=0.7836  loss_center=0.0089
[2026-08-21 00:41:41] INFO Epoch[106] [370/371]  total=13.2126  loss_ce=0.0997  loss_bbox=0.0277  loss_depth=0.4368  loss_center=0.0177
[2026-08-21 00:41:42] INFO Epoch [106/249] avg_loss=11.5389  time=407.3s  lr=2.00e-05
[2026-08-21 00:41:43] INFO Checkpoint saved after epoch 106
[2026-08-21 00:47:17] INFO ==> Loading detections and GTs...
[2026-08-21 00:47:18] INFO ==> Evaluating (official)...
[2026-08-21 00:49:08] INFO Pedestrian AP@0.50, 0.50, 0.50:
bbox AP:60.6769, 53.7116, 46.6462
bev  AP:14.0812, 14.0501, 12.1781
3d   AP:13.2093, 12.0982, 11.6900
aos  AP:51.69, 45.58, 39.31
Pedestrian AP_R40@0.50, 0.50, 0.50:
bbox AP:59.8182, 52.0028, 44.0261
bev  AP:7.0298, 6.4274, 4.8992
3d   AP:5.8589, 5.1470, 4.3600
aos  AP:49.91, 43.09, 36.05
Pedestrian AP@0.50, 0.25, 0.25:
bbox AP:60.6769, 53.7116, 46.6462
bev  AP:28.9193, 25.0969, 23.3040
3d   AP:27.9885, 24.5795, 19.9747
aos  AP:51.69, 45.58, 39.31
Pedestrian AP_R40@0.50, 0.25, 0.25:
bbox AP:59.8182, 52.0028, 44.0261
bev  AP:24.5933, 20.8530, 17.4035
3d   AP:23.1584, 20.2314, 16.0703
aos  AP:49.91, 43.09, 36.05

[2026-08-21 00:50:58] INFO Car AP@0.70, 0.70, 0.70:
bbox AP:78.4241, 72.0882, 65.0402
bev  AP:23.9029, 18.2069, 16.6988
3d   AP:12.2496, 14.2225, 12.5231
aos  AP:77.13, 69.74, 61.97
Car AP_R40@0.70, 0.70, 0.70:
bbox AP:79.0436, 73.4753, 67.5922
bev  AP:18.1528, 13.2516, 10.8175
3d   AP:10.1424, 7.5843, 6.3527
aos  AP:77.62, 70.85, 63.95
Car AP@0.70, 0.50, 0.50:
bbox AP:78.4241, 72.0882, 65.0402
bev  AP:46.3348, 34.6218, 32.4344
3d   AP:42.1837, 32.2839, 27.4052
aos  AP:77.13, 69.74, 61.97
Car AP_R40@0.70, 0.50, 0.50:
bbox AP:79.0436, 73.4753, 67.5922
bev  AP:44.4339, 32.6816, 28.6924
3d   AP:38.8321, 28.3543, 24.6279
aos  AP:77.62, 70.85, 63.95

[2026-08-21 00:52:48] INFO Cyclist AP@0.50, 0.50, 0.50:
bbox AP:44.6639, 27.8509, 27.1526
bev  AP:6.9736, 5.3077, 5.1634
3d   AP:6.9629, 5.2717, 5.1529
aos  AP:36.21, 23.56, 22.85
Cyclist AP_R40@0.50, 0.50, 0.50:
bbox AP:42.2681, 24.4417, 23.2206
bev  AP:3.2596, 1.8511, 1.5628
3d   AP:3.1927, 1.8382, 1.5515
aos  AP:32.22, 18.67, 17.80
Cyclist AP@0.50, 0.25, 0.25:
bbox AP:44.6639, 27.8509, 27.1526
bev  AP:12.9682, 8.8993, 8.9896
3d   AP:12.7191, 8.8557, 8.9187
aos  AP:36.21, 23.56, 22.85
Cyclist AP_R40@0.50, 0.25, 0.25:
bbox AP:42.2681, 24.4417, 23.2206
bev  AP:10.7783, 5.8235, 5.7420
3d   AP:10.4731, 5.6674, 5.5393
aos  AP:32.22, 18.67, 17.80

[2026-08-21 00:52:48] INFO   Val Car Moderate mAP: 7.5843
[2026-08-21 00:52:49] INFO   Best: 7.6400 @ epoch 105
[2026-08-21 00:53:29] INFO Epoch[107] [37/371]  total=11.5678  loss_ce=0.0465  loss_bbox=0.0118  loss_depth=1.0378  loss_center=0.0080
[2026-08-21 00:54:10] INFO Epoch[107] [74/371]  total=12.2645  loss_ce=0.1123  loss_bbox=0.0218  loss_depth=0.4232  loss_center=0.0105
[2026-08-21 00:54:51] INFO Epoch[107] [111/371]  total=6.8887  loss_ce=0.0356  loss_bbox=0.0045  loss_depth=0.5274  loss_center=0.0018
[2026-08-21 00:55:32] INFO Epoch[107] [148/371]  total=13.0687  loss_ce=0.0852  loss_bbox=0.0091  loss_depth=0.6842  loss_center=0.0070
[2026-08-21 00:56:12] INFO Epoch[107] [185/371]  total=12.5300  loss_ce=0.0806  loss_bbox=0.0206  loss_depth=0.5471  loss_center=0.0101
[2026-08-21 00:56:53] INFO Epoch[107] [222/371]  total=19.2082  loss_ce=0.0814  loss_bbox=0.0148  loss_depth=0.9799  loss_center=0.0076
[2026-08-21 00:57:34] INFO Epoch[107] [259/371]  total=11.0616  loss_ce=0.1002  loss_bbox=0.0137  loss_depth=0.7694  loss_center=0.0068
[2026-08-21 00:58:14] INFO Epoch[107] [296/371]  total=6.7496  loss_ce=0.0424  loss_bbox=0.0077  loss_depth=0.3421  loss_center=0.0049
[2026-08-21 00:58:55] INFO Epoch[107] [333/371]  total=12.8528  loss_ce=0.0769  loss_bbox=0.0114  loss_depth=0.6646  loss_center=0.0069
[2026-08-21 00:59:36] INFO Epoch[107] [370/371]  total=2.2384  loss_ce=0.0137  loss_bbox=0.0071  loss_depth=0.1205  loss_center=0.0027
[2026-08-21 00:59:37] INFO Epoch [107/249] avg_loss=11.7917  time=408.0s  lr=2.00e-05
[2026-08-21 00:59:37] INFO Checkpoint saved after epoch 107
[2026-08-21 01:05:14] INFO ==> Loading detections and GTs...
[2026-08-21 01:05:14] INFO ==> Evaluating (official)...
[2026-08-21 01:07:07] INFO Pedestrian AP@0.50, 0.50, 0.50:
bbox AP:59.9392, 52.7956, 46.1726
bev  AP:11.5837, 10.8952, 7.9853
3d   AP:9.2534, 8.0558, 7.3239
aos  AP:51.56, 45.26, 39.37
Pedestrian AP_R40@0.50, 0.50, 0.50:
bbox AP:58.7937, 49.8544, 43.4768
bev  AP:8.5107, 7.3922, 5.6860
3d   AP:7.1834, 5.9473, 4.8219
aos  AP:49.54, 41.89, 36.14
Pedestrian AP@0.50, 0.25, 0.25:
bbox AP:59.9392, 52.7956, 46.1726
bev  AP:28.9549, 25.3353, 20.3133
3d   AP:25.9898, 24.4333, 20.0758
aos  AP:51.56, 45.26, 39.37
Pedestrian AP_R40@0.50, 0.25, 0.25:
bbox AP:58.7937, 49.8544, 43.4768
bev  AP:24.2268, 21.1399, 16.8035
3d   AP:22.9681, 19.6965, 16.3369
aos  AP:49.54, 41.89, 36.14

[2026-08-21 01:08:59] INFO Car AP@0.70, 0.70, 0.70:
bbox AP:77.3139, 71.1624, 64.2815
bev  AP:22.0327, 17.2735, 16.1416
3d   AP:15.6209, 13.6563, 12.1011
aos  AP:75.93, 68.86, 61.30
Car AP_R40@0.70, 0.70, 0.70:
bbox AP:77.9361, 72.3920, 66.6233
bev  AP:15.7647, 11.9121, 9.8029
3d   AP:8.5371, 6.6279, 5.5718
aos  AP:76.43, 69.76, 63.04
Car AP@0.70, 0.50, 0.50:
bbox AP:77.3139, 71.1624, 64.2815
bev  AP:44.9930, 34.1657, 32.1774
3d   AP:41.1863, 31.9433, 29.8603
aos  AP:75.93, 68.86, 61.30
Car AP_R40@0.70, 0.50, 0.50:
bbox AP:77.9361, 72.3920, 66.6233
bev  AP:43.1378, 31.9893, 28.1909
3d   AP:38.5185, 28.5189, 24.9395
aos  AP:76.43, 69.76, 63.04

[2026-08-21 01:10:51] INFO Cyclist AP@0.50, 0.50, 0.50:
bbox AP:41.3992, 27.6714, 27.3422
bev  AP:11.8665, 9.9884, 9.8657
3d   AP:10.7020, 9.7902, 9.8140
aos  AP:31.16, 20.71, 20.37
Cyclist AP_R40@0.50, 0.50, 0.50:
bbox AP:39.5409, 23.2555, 22.9846
bev  AP:3.5374, 2.1655, 1.7026
3d   AP:2.8899, 1.5348, 1.4519
aos  AP:29.75, 17.52, 17.32
Cyclist AP@0.50, 0.25, 0.25:
bbox AP:41.3992, 27.6714, 27.3422
bev  AP:17.2298, 13.4828, 12.1901
3d   AP:16.8521, 13.2050, 11.8738
aos  AP:31.16, 20.71, 20.37
Cyclist AP_R40@0.50, 0.25, 0.25:
bbox AP:39.5409, 23.2555, 22.9846
bev  AP:10.4014, 6.0099, 5.2819
3d   AP:9.6852, 5.4947, 4.9712
aos  AP:29.75, 17.52, 17.32

[2026-08-21 01:10:51] INFO   Val Car Moderate mAP: 6.6279
[2026-08-21 01:10:51] INFO   Best: 7.6400 @ epoch 105
[2026-08-21 01:11:32] INFO Epoch[108] [37/371]  total=13.2966  loss_ce=0.1009  loss_bbox=0.0186  loss_depth=0.8598  loss_center=0.0094
[2026-08-21 01:12:12] INFO Epoch[108] [74/371]  total=10.8921  loss_ce=0.0882  loss_bbox=0.0203  loss_depth=0.3697  loss_center=0.0139
[2026-08-21 01:12:53] INFO Epoch[108] [111/371]  total=14.5682  loss_ce=0.1574  loss_bbox=0.0310  loss_depth=-0.0268  loss_center=0.0108
[2026-08-21 01:13:33] INFO Epoch[108] [148/371]  total=15.2437  loss_ce=0.1533  loss_bbox=0.0204  loss_depth=0.6209  loss_center=0.0128
[2026-08-21 01:14:14] INFO Epoch[108] [185/371]  total=5.1231  loss_ce=0.0351  loss_bbox=0.0037  loss_depth=0.2960  loss_center=0.0015
[2026-08-21 01:14:55] INFO Epoch[108] [222/371]  total=2.5191  loss_ce=0.0179  loss_bbox=0.0051  loss_depth=-0.0161  loss_center=0.0028
[2026-08-21 01:15:35] INFO Epoch[108] [259/371]  total=17.2035  loss_ce=0.1018  loss_bbox=0.0179  loss_depth=1.4184  loss_center=0.0088
[2026-08-21 01:16:16] INFO Epoch[108] [296/371]  total=18.6126  loss_ce=0.0662  loss_bbox=0.0115  loss_depth=1.6884  loss_center=0.0072
[2026-08-21 01:16:56] INFO Epoch[108] [333/371]  total=2.1939  loss_ce=0.0140  loss_bbox=0.0051  loss_depth=-0.0067  loss_center=0.0035
[2026-08-21 01:17:37] INFO Epoch[108] [370/371]  total=36.5457  loss_ce=0.2804  loss_bbox=0.0473  loss_depth=2.2364  loss_center=0.0236
[2026-08-21 01:17:38] INFO Epoch [108/249] avg_loss=11.8655  time=406.8s  lr=2.00e-05
[2026-08-21 01:17:38] INFO Checkpoint saved after epoch 108
[2026-08-21 01:23:13] INFO ==> Loading detections and GTs...
[2026-08-21 01:23:14] INFO ==> Evaluating (official)...
[2026-08-21 01:25:05] INFO Pedestrian AP@0.50, 0.50, 0.50:
bbox AP:60.3473, 53.1564, 46.2523
bev  AP:11.2285, 9.8489, 7.8778
3d   AP:9.2646, 7.7154, 7.1242
aos  AP:51.55, 45.17, 39.08
Pedestrian AP_R40@0.50, 0.50, 0.50:
bbox AP:59.2727, 51.5907, 45.2050
bev  AP:8.7062, 7.2415, 6.1367
3d   AP:6.9172, 5.5537, 4.6541
aos  AP:49.66, 42.88, 37.19
Pedestrian AP@0.50, 0.25, 0.25:
bbox AP:60.3473, 53.1564, 46.2523
bev  AP:29.2180, 25.4361, 23.1631
3d   AP:27.9555, 24.3821, 19.7862
aos  AP:51.55, 45.17, 39.08
Pedestrian AP_R40@0.50, 0.25, 0.25:
bbox AP:59.2727, 51.5907, 45.2050
bev  AP:24.8756, 21.0894, 17.4628
3d   AP:23.0102, 20.1559, 15.9132
aos  AP:49.66, 42.88, 37.19

[2026-08-21 01:26:58] INFO Car AP@0.70, 0.70, 0.70:
bbox AP:79.1515, 72.0405, 65.0233
bev  AP:23.7934, 18.2829, 17.1160
3d   AP:16.5510, 14.1417, 12.5338
aos  AP:77.69, 69.62, 61.86
Car AP_R40@0.70, 0.70, 0.70:
bbox AP:80.3356, 71.9565, 67.5959
bev  AP:18.6635, 13.4068, 11.5448
3d   AP:9.9772, 7.2553, 6.1984
aos  AP:78.76, 69.33, 63.84
Car AP@0.70, 0.50, 0.50:
bbox AP:79.1515, 72.0405, 65.0233
bev  AP:47.7355, 35.5133, 33.5827
3d   AP:44.5353, 33.6590, 31.3547
aos  AP:77.69, 69.62, 61.86
Car AP_R40@0.70, 0.50, 0.50:
bbox AP:80.3356, 71.9565, 67.5959
bev  AP:47.1799, 33.8628, 29.8401
3d   AP:42.0768, 30.6422, 26.8136
aos  AP:78.76, 69.33, 63.84

[2026-08-21 01:28:49] INFO Cyclist AP@0.50, 0.50, 0.50:
bbox AP:42.4506, 28.0034, 27.9541
bev  AP:5.7746, 3.7169, 3.7033
3d   AP:4.9442, 3.6332, 3.6442
aos  AP:34.63, 23.19, 23.29
Cyclist AP_R40@0.50, 0.50, 0.50:
bbox AP:40.6147, 23.6191, 23.4994
bev  AP:3.3120, 1.9864, 1.7752
3d   AP:2.7578, 1.6101, 1.4752
aos  AP:30.99, 17.90, 17.92
Cyclist AP@0.50, 0.25, 0.25:
bbox AP:42.4506, 28.0034, 27.9541
bev  AP:13.1301, 8.6404, 8.8294
3d   AP:12.6413, 8.4742, 7.5339
aos  AP:34.63, 23.19, 23.29
Cyclist AP_R40@0.50, 0.25, 0.25:
bbox AP:40.6147, 23.6191, 23.4994
bev  AP:11.8795, 6.6048, 6.3309
3d   AP:11.3850, 6.2761, 5.7670
aos  AP:30.99, 17.90, 17.92

[2026-08-21 01:28:49] INFO   Val Car Moderate mAP: 7.2553
[2026-08-21 01:28:50] INFO   Best: 7.6400 @ epoch 105
[2026-08-21 01:29:30] INFO Epoch[109] [37/371]  total=16.7470  loss_ce=0.1350  loss_bbox=0.0263  loss_depth=0.9912  loss_center=0.0122
[2026-08-21 01:30:11] INFO Epoch[109] [74/371]  total=7.7260  loss_ce=0.0361  loss_bbox=0.0083  loss_depth=0.2695  loss_center=0.0021
[2026-08-21 01:30:51] INFO Epoch[109] [111/371]  total=13.3281  loss_ce=0.0814  loss_bbox=0.0182  loss_depth=0.5511  loss_center=0.0094
[2026-08-21 01:31:32] INFO Epoch[109] [148/371]  total=14.4255  loss_ce=0.0749  loss_bbox=0.0179  loss_depth=0.5383  loss_center=0.0099
[2026-08-21 01:32:12] INFO Epoch[109] [185/371]  total=20.0129  loss_ce=0.1477  loss_bbox=0.0378  loss_depth=0.5426  loss_center=0.0176
[2026-08-21 01:32:53] INFO Epoch[109] [222/371]  total=2.1357  loss_ce=0.0254  loss_bbox=0.0110  loss_depth=-0.1991  loss_center=0.0041
[2026-08-21 01:33:34] INFO Epoch[109] [259/371]  total=14.5175  loss_ce=0.1129  loss_bbox=0.0156  loss_depth=0.6953  loss_center=0.0092
[2026-08-21 01:34:14] INFO Epoch[109] [296/371]  total=30.7781  loss_ce=0.2209  loss_bbox=0.0365  loss_depth=1.6536  loss_center=0.0213
[2026-08-21 01:34:55] INFO Epoch[109] [333/371]  total=7.0070  loss_ce=0.0653  loss_bbox=0.0235  loss_depth=0.0050  loss_center=0.0090
[2026-08-21 01:35:35] INFO Epoch[109] [370/371]  total=4.4393  loss_ce=0.0353  loss_bbox=0.0086  loss_depth=0.1788  loss_center=0.0035
[2026-08-21 01:35:37] INFO Epoch [109/249] avg_loss=11.7379  time=406.8s  lr=2.00e-05
[2026-08-21 01:35:37] INFO Checkpoint saved after epoch 109
[2026-08-21 01:41:13] INFO ==> Loading detections and GTs...
[2026-08-21 01:41:14] INFO ==> Evaluating (official)...
[2026-08-21 01:43:02] INFO Pedestrian AP@0.50, 0.50, 0.50:
bbox AP:60.6944, 53.6568, 46.5629
bev  AP:7.7434, 6.3909, 6.1414
3d   AP:7.0419, 6.0896, 5.5882
aos  AP:51.56, 45.48, 39.45
Pedestrian AP_R40@0.50, 0.50, 0.50:
bbox AP:59.8602, 52.0553, 45.5755
bev  AP:6.3592, 5.3211, 4.5039
3d   AP:5.3422, 4.4045, 3.5532
aos  AP:49.75, 43.04, 37.36
Pedestrian AP@0.50, 0.25, 0.25:
bbox AP:60.6944, 53.6568, 46.5629
bev  AP:27.0800, 24.0934, 19.4837
3d   AP:26.4423, 23.6290, 19.2336
aos  AP:51.56, 45.48, 39.45
Pedestrian AP_R40@0.50, 0.25, 0.25:
bbox AP:59.8602, 52.0553, 45.5755
bev  AP:21.7836, 18.4735, 15.2762
3d   AP:21.1097, 18.0041, 14.9549
aos  AP:49.75, 43.04, 37.36

[2026-08-21 01:44:50] INFO Car AP@0.70, 0.70, 0.70:
bbox AP:80.0520, 72.2587, 65.1355
bev  AP:20.6216, 17.1671, 15.8353
3d   AP:14.7746, 13.6799, 11.9975
aos  AP:78.60, 69.75, 61.99
Car AP_R40@0.70, 0.70, 0.70:
bbox AP:81.0433, 73.8549, 67.8311
bev  AP:15.3490, 11.3256, 9.6630
3d   AP:8.1527, 6.4641, 5.0872
aos  AP:79.49, 71.07, 64.07
Car AP@0.70, 0.50, 0.50:
bbox AP:80.0520, 72.2587, 65.1355
bev  AP:45.8984, 34.3732, 32.0225
3d   AP:41.9882, 31.7351, 26.9969
aos  AP:78.60, 69.75, 61.99
Car AP_R40@0.70, 0.50, 0.50:
bbox AP:81.0433, 73.8549, 67.8311
bev  AP:44.4529, 32.4274, 27.5956
3d   AP:38.7101, 27.9491, 24.2336
aos  AP:79.49, 71.07, 64.07

[2026-08-21 01:46:38] INFO Cyclist AP@0.50, 0.50, 0.50:
bbox AP:42.3100, 28.3916, 27.7650
bev  AP:4.9020, 3.5797, 3.5894
3d   AP:4.8616, 3.5693, 3.5791
aos  AP:34.73, 23.70, 23.13
Cyclist AP_R40@0.50, 0.50, 0.50:
bbox AP:41.1167, 24.2647, 23.0904
bev  AP:2.9433, 1.6596, 1.5368
3d   AP:2.8400, 1.5475, 1.4830
aos  AP:31.52, 18.60, 17.75
Cyclist AP@0.50, 0.25, 0.25:
bbox AP:42.3100, 28.3916, 27.7650
bev  AP:11.3840, 7.9197, 7.7344
3d   AP:10.8411, 7.7819, 6.5535
aos  AP:34.73, 23.70, 23.13
Cyclist AP_R40@0.50, 0.25, 0.25:
bbox AP:41.1167, 24.2647, 23.0904
bev  AP:10.1867, 5.8250, 5.5731
3d   AP:9.2123, 5.5761, 4.8834
aos  AP:31.52, 18.60, 17.75

[2026-08-21 01:46:38] INFO   Val Car Moderate mAP: 6.4641
[2026-08-21 01:46:38] INFO   Best: 7.6400 @ epoch 105
[2026-08-21 01:47:19] INFO Epoch[110] [37/371]  total=0.8480  loss_ce=0.0039  loss_bbox=0.0018  loss_depth=-0.0393  loss_center=0.0004
[2026-08-21 01:47:59] INFO Epoch[110] [74/371]  total=3.9861  loss_ce=0.0370  loss_bbox=0.0087  loss_depth=-0.1552  loss_center=0.0024
[2026-08-21 01:48:40] INFO Epoch[110] [111/371]  total=4.8712  loss_ce=0.0292  loss_bbox=0.0040  loss_depth=0.2617  loss_center=0.0029
[2026-08-21 01:49:21] INFO Epoch[110] [148/371]  total=12.1683  loss_ce=0.0716  loss_bbox=0.0088  loss_depth=0.6715  loss_center=0.0062
[2026-08-21 01:50:01] INFO Epoch[110] [185/371]  total=26.9253  loss_ce=0.1635  loss_bbox=0.0309  loss_depth=1.9666  loss_center=0.0167
[2026-08-21 01:50:42] INFO Epoch[110] [222/371]  total=6.2769  loss_ce=0.0483  loss_bbox=0.0107  loss_depth=0.0581  loss_center=0.0056
[2026-08-21 01:51:23] INFO Epoch[110] [259/371]  total=33.1364  loss_ce=0.2146  loss_bbox=0.0468  loss_depth=1.8769  loss_center=0.0248
[2026-08-21 01:52:03] INFO Epoch[110] [296/371]  total=12.2247  loss_ce=0.1491  loss_bbox=0.0170  loss_depth=0.4263  loss_center=0.0078
[2026-08-21 01:52:44] INFO Epoch[110] [333/371]  total=12.7163  loss_ce=0.0578  loss_bbox=0.0085  loss_depth=0.9184  loss_center=0.0066
[2026-08-21 01:53:25] INFO Epoch[110] [370/371]  total=5.6449  loss_ce=0.0237  loss_bbox=0.0046  loss_depth=0.2498  loss_center=0.0037
[2026-08-21 01:53:26] INFO Epoch [110/249] avg_loss=11.9607  time=407.8s  lr=2.00e-05
[2026-08-21 01:53:26] INFO Checkpoint saved after epoch 110
[2026-08-21 01:59:02] INFO ==> Loading detections and GTs...
[2026-08-21 01:59:02] INFO ==> Evaluating (official)...
[2026-08-21 02:00:51] INFO Pedestrian AP@0.50, 0.50, 0.50:
bbox AP:62.1872, 54.6201, 47.4260
bev  AP:15.7878, 14.6048, 12.5701
3d   AP:13.8504, 12.1744, 11.8538
aos  AP:53.00, 46.36, 40.11
Pedestrian AP_R40@0.50, 0.50, 0.50:
bbox AP:61.3600, 53.1961, 45.0361
bev  AP:9.0802, 7.7053, 6.3906
3d   AP:6.6965, 5.7999, 4.6764
aos  AP:51.10, 43.98, 37.07
Pedestrian AP@0.50, 0.25, 0.25:
bbox AP:62.1872, 54.6201, 47.4260
bev  AP:29.7330, 26.0885, 24.1200
3d   AP:28.9717, 25.8373, 23.9142
aos  AP:53.00, 46.36, 40.11
Pedestrian AP_R40@0.50, 0.25, 0.25:
bbox AP:61.3600, 53.1961, 45.0361
bev  AP:26.3217, 22.2390, 18.4872
3d   AP:25.1036, 21.9398, 18.1682
aos  AP:51.10, 43.98, 37.07

[2026-08-21 02:02:39] INFO Car AP@0.70, 0.70, 0.70:
bbox AP:80.8535, 72.6592, 65.5324
bev  AP:25.9933, 20.8016, 17.8216
3d   AP:17.7263, 14.7661, 12.7648
aos  AP:79.39, 70.03, 62.20
Car AP_R40@0.70, 0.70, 0.70:
bbox AP:82.0087, 72.6928, 68.2502
bev  AP:20.9677, 15.3742, 12.5932
3d   AP:11.1099, 8.4931, 6.7298
aos  AP:80.45, 69.91, 64.28
Car AP@0.70, 0.50, 0.50:
bbox AP:80.8535, 72.6592, 65.5324
bev  AP:49.1330, 39.1448, 34.0914
3d   AP:46.4470, 34.3580, 31.9162
aos  AP:79.39, 70.03, 62.20
Car AP_R40@0.70, 0.50, 0.50:
bbox AP:82.0087, 72.6928, 68.2502
bev  AP:48.6929, 35.6599, 30.5039
3d   AP:44.7146, 31.7565, 27.5483
aos  AP:80.45, 69.91, 64.28

[2026-08-21 02:04:28] INFO Cyclist AP@0.50, 0.50, 0.50:
bbox AP:44.4503, 29.5376, 29.0930
bev  AP:5.3656, 3.8885, 3.9172
3d   AP:5.1693, 3.8464, 3.8612
aos  AP:36.21, 24.70, 24.18
Cyclist AP_R40@0.50, 0.50, 0.50:
bbox AP:43.4726, 25.3468, 24.1214
bev  AP:3.7106, 1.9320, 1.9238
3d   AP:3.2906, 1.8414, 1.7324
aos  AP:33.27, 19.34, 18.41
Cyclist AP@0.50, 0.25, 0.25:
bbox AP:44.4503, 29.5376, 29.0930
bev  AP:14.0401, 9.4170, 8.9989
3d   AP:12.5340, 8.5084, 8.3717
aos  AP:36.21, 24.70, 24.18
Cyclist AP_R40@0.50, 0.25, 0.25:
bbox AP:43.4726, 25.3468, 24.1214
bev  AP:13.1608, 7.1829, 6.5947
3d   AP:11.3676, 6.3190, 6.0081
aos  AP:33.27, 19.34, 18.41

[2026-08-21 02:04:28] INFO   Val Car Moderate mAP: 8.4931
[2026-08-21 02:04:29] INFO   Best: 8.4931 @ epoch 110
[2026-08-21 02:05:09] INFO Epoch[111] [37/371]  total=17.5543  loss_ce=0.1407  loss_bbox=0.0167  loss_depth=1.1761  loss_center=0.0106
[2026-08-21 02:05:49] INFO Epoch[111] [74/371]  total=17.9616  loss_ce=0.1464  loss_bbox=0.0202  loss_depth=0.8918  loss_center=0.0131
[2026-08-21 02:06:30] INFO Epoch[111] [111/371]  total=18.3211  loss_ce=0.1661  loss_bbox=0.0239  loss_depth=0.9613  loss_center=0.0134
[2026-08-21 02:07:11] INFO Epoch[111] [148/371]  total=3.7674  loss_ce=0.0258  loss_bbox=0.0024  loss_depth=0.1307  loss_center=0.0031
[2026-08-21 02:07:51] INFO Epoch[111] [185/371]  total=2.2648  loss_ce=0.0258  loss_bbox=0.0045  loss_depth=-0.1532  loss_center=0.0030
[2026-08-21 02:08:32] INFO Epoch[111] [222/371]  total=2.2724  loss_ce=0.0037  loss_bbox=0.0025  loss_depth=0.1795  loss_center=0.0018
[2026-08-21 02:09:13] INFO Epoch[111] [259/371]  total=11.7016  loss_ce=0.1088  loss_bbox=0.0179  loss_depth=0.6136  loss_center=0.0073
[2026-08-21 02:09:53] INFO Epoch[111] [296/371]  total=3.4943  loss_ce=0.0223  loss_bbox=0.0037  loss_depth=-0.0687  loss_center=0.0029
[2026-08-21 02:10:34] INFO Epoch[111] [333/371]  total=4.2176  loss_ce=0.0329  loss_bbox=0.0050  loss_depth=0.1163  loss_center=0.0015
[2026-08-21 02:11:14] INFO Epoch[111] [370/371]  total=3.7012  loss_ce=0.0341  loss_bbox=0.0053  loss_depth=0.0748  loss_center=0.0057
[2026-08-21 02:11:16] INFO Epoch [111/249] avg_loss=11.7423  time=407.0s  lr=2.00e-05
[2026-08-21 02:11:16] INFO Checkpoint saved after epoch 111
[2026-08-21 02:16:50] INFO ==> Loading detections and GTs...
[2026-08-21 02:16:51] INFO ==> Evaluating (official)...
[2026-08-21 02:18:47] INFO Pedestrian AP@0.50, 0.50, 0.50:
bbox AP:60.0638, 52.7783, 45.7760
bev  AP:14.7498, 13.8918, 12.1589
3d   AP:8.8840, 7.3853, 7.0521
aos  AP:51.65, 45.29, 39.08
Pedestrian AP_R40@0.50, 0.50, 0.50:
bbox AP:59.8831, 52.4528, 46.0885
bev  AP:7.8858, 6.4495, 4.9219
3d   AP:6.3522, 5.2364, 4.2599
aos  AP:50.39, 43.80, 38.12
Pedestrian AP@0.50, 0.25, 0.25:
bbox AP:60.0638, 52.7783, 45.7760
bev  AP:27.8762, 24.8127, 22.7959
3d   AP:27.5711, 24.4779, 19.9716
aos  AP:51.65, 45.29, 39.08
Pedestrian AP_R40@0.50, 0.25, 0.25:
bbox AP:59.8831, 52.4528, 46.0885
bev  AP:23.2695, 20.2905, 16.9301
3d   AP:22.7975, 19.7814, 15.8118
aos  AP:50.39, 43.80, 38.12

[2026-08-21 02:20:42] INFO Car AP@0.70, 0.70, 0.70:
bbox AP:78.9784, 71.8908, 64.6425
bev  AP:21.9735, 17.4782, 16.4223
3d   AP:15.8135, 13.8377, 12.3154
aos  AP:77.66, 69.67, 61.69
Car AP_R40@0.70, 0.70, 0.70:
bbox AP:80.9051, 73.3034, 67.2149
bev  AP:15.8883, 12.1567, 10.5454
3d   AP:8.6108, 6.8623, 5.7922
aos  AP:79.46, 70.84, 63.71
Car AP@0.70, 0.50, 0.50:
bbox AP:78.9784, 71.8908, 64.6425
bev  AP:46.7801, 38.0092, 33.1009
3d   AP:43.1764, 32.9545, 30.5797
aos  AP:77.66, 69.67, 61.69
Car AP_R40@0.70, 0.50, 0.50:
bbox AP:80.9051, 73.3034, 67.2149
bev  AP:46.0345, 34.3888, 30.2159
3d   AP:40.3874, 29.8122, 25.9648
aos  AP:79.46, 70.84, 63.71

[2026-08-21 02:22:38] INFO Cyclist AP@0.50, 0.50, 0.50:
bbox AP:44.7222, 28.3610, 27.3358
bev  AP:11.9946, 10.2246, 9.8624
3d   AP:11.8465, 9.9723, 9.9722
aos  AP:35.27, 22.02, 21.17
Cyclist AP_R40@0.50, 0.50, 0.50:
bbox AP:42.1326, 24.5657, 23.8477
bev  AP:3.9863, 2.2843, 1.8705
3d   AP:3.5658, 2.1971, 1.7524
aos  AP:33.34, 19.22, 18.68
Cyclist AP@0.50, 0.25, 0.25:
bbox AP:44.7222, 28.3610, 27.3358
bev  AP:17.8811, 13.7569, 13.8417
3d   AP:17.4271, 13.6616, 13.6243
aos  AP:35.27, 22.02, 21.17
Cyclist AP_R40@0.50, 0.25, 0.25:
bbox AP:42.1326, 24.5657, 23.8477
bev  AP:11.6702, 6.3941, 6.2869
3d   AP:10.8813, 6.1746, 5.8882
aos  AP:33.34, 19.22, 18.68

[2026-08-21 02:22:38] INFO   Val Car Moderate mAP: 6.8623
[2026-08-21 02:22:38] INFO   Best: 8.4931 @ epoch 110
[2026-08-21 02:23:19] INFO Epoch[112] [37/371]  total=1.3818  loss_ce=0.0072  loss_bbox=0.0014  loss_depth=0.0060  loss_center=0.0007
[2026-08-21 02:23:59] INFO Epoch[112] [74/371]  total=42.9998  loss_ce=0.3297  loss_bbox=0.0615  loss_depth=2.6165  loss_center=0.0247
[2026-08-21 02:24:39] INFO Epoch[112] [111/371]  total=19.8549  loss_ce=0.0959  loss_bbox=0.0255  loss_depth=0.6278  loss_center=0.0122
[2026-08-21 02:25:20] INFO Epoch[112] [148/371]  total=6.3124  loss_ce=0.0590  loss_bbox=0.0089  loss_depth=0.1336  loss_center=0.0042
[2026-08-21 02:26:01] INFO Epoch[112] [185/371]  total=19.4753  loss_ce=0.1624  loss_bbox=0.0200  loss_depth=1.4392  loss_center=0.0081
[2026-08-21 02:26:41] INFO Epoch[112] [222/371]  total=7.6727  loss_ce=0.0589  loss_bbox=0.0169  loss_depth=0.1986  loss_center=0.0077
[2026-08-21 02:27:22] INFO Epoch[112] [259/371]  total=23.5676  loss_ce=0.1255  loss_bbox=0.0233  loss_depth=1.7786  loss_center=0.0124
[2026-08-21 02:28:03] INFO Epoch[112] [296/371]  total=8.6462  loss_ce=0.0292  loss_bbox=0.0063  loss_depth=0.6013  loss_center=0.0046
[2026-08-21 02:28:43] INFO Epoch[112] [333/371]  total=3.6200  loss_ce=0.0090  loss_bbox=0.0013  loss_depth=0.5459  loss_center=0.0003
[2026-08-21 02:29:23] INFO Epoch[112] [370/371]  total=27.4131  loss_ce=0.1310  loss_bbox=0.0391  loss_depth=1.7235  loss_center=0.0216
[2026-08-21 02:29:25] INFO Epoch [112/249] avg_loss=12.3242  time=406.5s  lr=2.00e-05
[2026-08-21 02:29:25] INFO Checkpoint saved after epoch 112
[2026-08-21 02:35:00] INFO ==> Loading detections and GTs...
[2026-08-21 02:35:01] INFO ==> Evaluating (official)...
[2026-08-21 02:36:54] INFO Pedestrian AP@0.50, 0.50, 0.50:
bbox AP:61.0870, 53.5955, 46.5537
bev  AP:15.2980, 14.4277, 12.6074
3d   AP:14.3249, 12.2865, 11.8891
aos  AP:52.60, 46.12, 39.94
Pedestrian AP_R40@0.50, 0.50, 0.50:
bbox AP:61.3771, 53.5099, 45.5701
bev  AP:8.7502, 7.3951, 6.1848
3d   AP:7.0128, 5.7116, 4.6060
aos  AP:51.95, 45.01, 38.09
Pedestrian AP@0.50, 0.25, 0.25:
bbox AP:61.0870, 53.5955, 46.5537
bev  AP:30.6674, 26.2736, 23.8794
3d   AP:30.1147, 26.0175, 23.8008
aos  AP:52.60, 46.12, 39.94
Pedestrian AP_R40@0.50, 0.25, 0.25:
bbox AP:61.3771, 53.5099, 45.5701
bev  AP:27.7680, 23.4312, 18.7533
3d   AP:27.2408, 23.0945, 18.5320
aos  AP:51.95, 45.01, 38.09

[2026-08-21 02:38:47] INFO Car AP@0.70, 0.70, 0.70:
bbox AP:80.0162, 72.5751, 65.3487
bev  AP:26.1339, 21.0342, 18.1066
3d   AP:13.8292, 15.2765, 14.3961
aos  AP:78.61, 70.02, 62.11
Car AP_R40@0.70, 0.70, 0.70:
bbox AP:82.1346, 74.0311, 67.9940
bev  AP:21.5975, 15.5842, 13.4573
3d   AP:11.9247, 8.8293, 7.4982
aos  AP:80.57, 71.21, 64.14
Car AP@0.70, 0.50, 0.50:
bbox AP:80.0162, 72.5751, 65.3487
bev  AP:51.8236, 39.6866, 34.7411
3d   AP:46.6971, 34.7021, 32.7186
aos  AP:78.61, 70.02, 62.11
Car AP_R40@0.70, 0.50, 0.50:
bbox AP:82.1346, 74.0311, 67.9940
bev  AP:49.4484, 37.0600, 32.0258
3d   AP:45.6084, 33.0098, 29.0000
aos  AP:80.57, 71.21, 64.14

[2026-08-21 02:40:39] INFO Cyclist AP@0.50, 0.50, 0.50:
bbox AP:46.0991, 29.0341, 28.5186
bev  AP:12.2367, 10.5097, 10.2819
3d   AP:12.0848, 10.0708, 9.9472
aos  AP:35.58, 22.07, 21.75
Cyclist AP_R40@0.50, 0.50, 0.50:
bbox AP:43.5882, 25.2324, 24.0761
bev  AP:4.4265, 2.4702, 2.3333
3d   AP:3.8607, 2.2420, 1.8603
aos  AP:33.79, 19.53, 18.70
Cyclist AP@0.50, 0.25, 0.25:
bbox AP:46.0991, 29.0341, 28.5186
bev  AP:19.1288, 14.4768, 14.2056
3d   AP:18.7624, 14.0656, 14.0679
aos  AP:35.58, 22.07, 21.75
Cyclist AP_R40@0.50, 0.25, 0.25:
bbox AP:43.5882, 25.2324, 24.0761
bev  AP:13.3199, 7.5556, 7.0123
3d   AP:12.9523, 6.9604, 6.7245
aos  AP:33.79, 19.53, 18.70

[2026-08-21 02:40:39] INFO   Val Car Moderate mAP: 8.8293
[2026-08-21 02:40:40] INFO   Best: 8.8293 @ epoch 112
[2026-08-21 02:41:20] INFO Epoch[113] [37/371]  total=4.6581  loss_ce=0.0398  loss_bbox=0.0067  loss_depth=0.0765  loss_center=0.0049
[2026-08-21 02:42:01] INFO Epoch[113] [74/371]  total=6.5239  loss_ce=0.0379  loss_bbox=0.0078  loss_depth=0.1793  loss_center=0.0027
[2026-08-21 02:42:41] INFO Epoch[113] [111/371]  total=8.9854  loss_ce=0.0555  loss_bbox=0.0138  loss_depth=0.2686  loss_center=0.0073
[2026-08-21 02:43:22] INFO Epoch[113] [148/371]  total=9.9231  loss_ce=0.0873  loss_bbox=0.0171  loss_depth=0.1876  loss_center=0.0094
[2026-08-21 02:44:03] INFO Epoch[113] [185/371]  total=15.9547  loss_ce=0.0728  loss_bbox=0.0123  loss_depth=1.3190  loss_center=0.0076
[2026-08-21 02:44:43] INFO Epoch[113] [222/371]  total=4.9984  loss_ce=0.0385  loss_bbox=0.0027  loss_depth=0.3060  loss_center=0.0020
[2026-08-21 02:45:24] INFO Epoch[113] [259/371]  total=23.1122  loss_ce=0.1302  loss_bbox=0.0167  loss_depth=1.8156  loss_center=0.0151
[2026-08-21 02:46:05] INFO Epoch[113] [296/371]  total=2.5790  loss_ce=0.0263  loss_bbox=0.0026  loss_depth=-0.1073  loss_center=0.0027
[2026-08-21 02:46:47] INFO Epoch[113] [333/371]  total=28.5911  loss_ce=0.1486  loss_bbox=0.0261  loss_depth=2.2086  loss_center=0.0129
[2026-08-21 02:47:28] INFO Epoch[113] [370/371]  total=3.1463  loss_ce=0.0056  loss_bbox=0.0016  loss_depth=0.1336  loss_center=0.0012
[2026-08-21 02:47:29] INFO Epoch [113/249] avg_loss=11.0646  time=409.2s  lr=2.00e-05
[2026-08-21 02:47:29] INFO Checkpoint saved after epoch 113
[2026-08-21 02:53:04] INFO ==> Loading detections and GTs...
[2026-08-21 02:53:05] INFO ==> Evaluating (official)...
[2026-08-21 02:54:57] INFO Pedestrian AP@0.50, 0.50, 0.50:
bbox AP:62.7850, 55.3163, 47.8379
bev  AP:15.3375, 14.1514, 12.4176
3d   AP:13.2928, 12.1624, 11.6764
aos  AP:54.29, 47.74, 41.16
Pedestrian AP_R40@0.50, 0.50, 0.50:
bbox AP:61.9802, 53.6753, 46.9329
bev  AP:8.2771, 7.4375, 6.1105
3d   AP:6.3451, 5.6991, 4.6112
aos  AP:52.75, 45.46, 39.37
Pedestrian AP@0.50, 0.25, 0.25:
bbox AP:62.7850, 55.3163, 47.8379
bev  AP:29.4328, 25.8667, 23.7270
3d   AP:28.9098, 25.3179, 20.3508
aos  AP:54.29, 47.74, 41.16
Pedestrian AP_R40@0.50, 0.25, 0.25:
bbox AP:61.9802, 53.6753, 46.9329
bev  AP:25.7271, 21.8094, 18.2527
3d   AP:24.5016, 21.2828, 16.9559
aos  AP:52.75, 45.46, 39.37

[2026-08-21 02:56:48] INFO Car AP@0.70, 0.70, 0.70:
bbox AP:83.5229, 74.2537, 66.6035
bev  AP:24.3288, 18.4128, 17.0696
3d   AP:16.4769, 14.1739, 12.5735
aos  AP:81.89, 71.59, 63.21
Car AP_R40@0.70, 0.70, 0.70:
bbox AP:85.9633, 76.0122, 69.4764
bev  AP:18.8967, 13.4555, 11.5377
3d   AP:9.8914, 7.4129, 6.3261
aos  AP:84.11, 73.04, 65.45
Car AP@0.70, 0.50, 0.50:
bbox AP:83.5229, 74.2537, 66.6035
bev  AP:49.9334, 39.3578, 34.3072
3d   AP:46.0501, 34.2541, 31.7332
aos  AP:81.89, 71.59, 63.21
Car AP_R40@0.70, 0.50, 0.50:
bbox AP:85.9633, 76.0122, 69.4764
bev  AP:49.4649, 35.9148, 31.6134
3d   AP:44.1606, 31.3688, 27.3122
aos  AP:84.11, 73.04, 65.45

[2026-08-21 02:58:39] INFO Cyclist AP@0.50, 0.50, 0.50:
bbox AP:44.5391, 29.6844, 29.3443
bev  AP:12.1118, 10.1444, 9.8328
3d   AP:11.3316, 9.9422, 9.9712
aos  AP:35.11, 23.11, 22.57
Cyclist AP_R40@0.50, 0.50, 0.50:
bbox AP:43.5206, 25.0101, 24.5916
bev  AP:4.1302, 2.4976, 2.0222
3d   AP:3.6083, 1.8756, 1.8724
aos  AP:34.09, 19.62, 19.29
Cyclist AP@0.50, 0.25, 0.25:
bbox AP:44.5391, 29.6844, 29.3443
bev  AP:19.4631, 14.5347, 14.2796
3d   AP:18.9378, 14.2937, 14.1614
aos  AP:35.11, 23.11, 22.57
Cyclist AP_R40@0.50, 0.25, 0.25:
bbox AP:43.5206, 25.0101, 24.5916
bev  AP:13.7332, 7.8791, 7.0744
3d   AP:12.8909, 7.2499, 6.7143
aos  AP:34.09, 19.62, 19.29

[2026-08-21 02:58:39] INFO   Val Car Moderate mAP: 7.4129
[2026-08-21 02:58:39] INFO   Best: 8.8293 @ epoch 112
[2026-08-21 02:59:20] INFO Epoch[114] [37/371]  total=8.6424  loss_ce=0.0595  loss_bbox=0.0124  loss_depth=0.3113  loss_center=0.0067
[2026-08-21 03:00:00] INFO Epoch[114] [74/371]  total=7.7977  loss_ce=0.0357  loss_bbox=0.0074  loss_depth=0.2428  loss_center=0.0043
[2026-08-21 03:00:41] INFO Epoch[114] [111/371]  total=4.2442  loss_ce=0.0198  loss_bbox=0.0062  loss_depth=0.1597  loss_center=0.0021
[2026-08-21 03:01:21] INFO Epoch[114] [148/371]  total=50.4288  loss_ce=0.2434  loss_bbox=0.0689  loss_depth=3.0298  loss_center=0.0303
[2026-08-21 03:02:02] INFO Epoch[114] [185/371]  total=33.8288  loss_ce=0.2109  loss_bbox=0.0409  loss_depth=1.7948  loss_center=0.0200
[2026-08-21 03:02:43] INFO Epoch[114] [222/371]  total=6.7478  loss_ce=0.0349  loss_bbox=0.0067  loss_depth=0.3859  loss_center=0.0032
[2026-08-21 03:03:24] INFO Epoch[114] [259/371]  total=34.6479  loss_ce=0.2891  loss_bbox=0.0282  loss_depth=2.0149  loss_center=0.0230
[2026-08-21 03:04:05] INFO Epoch[114] [296/371]  total=18.5546  loss_ce=0.1194  loss_bbox=0.0200  loss_depth=1.2155  loss_center=0.0134
[2026-08-21 03:04:46] INFO Epoch[114] [333/371]  total=10.1031  loss_ce=0.0548  loss_bbox=0.0123  loss_depth=0.5151  loss_center=0.0080
[2026-08-21 03:05:26] INFO Epoch[114] [370/371]  total=6.9858  loss_ce=0.0554  loss_bbox=0.0288  loss_depth=-0.3888  loss_center=0.0118
[2026-08-21 03:05:28] INFO Epoch [114/249] avg_loss=11.5636  time=408.5s  lr=2.00e-05
[2026-08-21 03:05:28] INFO Checkpoint saved after epoch 114
[2026-08-21 03:11:04] INFO ==> Loading detections and GTs...
[2026-08-21 03:11:04] INFO ==> Evaluating (official)...
[2026-08-21 03:12:57] INFO Pedestrian AP@0.50, 0.50, 0.50:
bbox AP:62.6047, 55.3568, 47.7631
bev  AP:15.0848, 14.3727, 12.3624
3d   AP:13.7714, 12.2736, 11.7822
aos  AP:53.25, 46.96, 40.39
Pedestrian AP_R40@0.50, 0.50, 0.50:
bbox AP:61.9085, 53.7923, 45.3477
bev  AP:7.9354, 7.2699, 6.0138
3d   AP:6.7463, 5.7224, 4.7854
aos  AP:51.63, 44.53, 37.33
Pedestrian AP@0.50, 0.25, 0.25:
bbox AP:62.6047, 55.3568, 47.7631
bev  AP:29.7380, 25.6741, 20.7562
3d   AP:29.5226, 25.3448, 20.5386
aos  AP:53.25, 46.96, 40.39
Pedestrian AP_R40@0.50, 0.25, 0.25:
bbox AP:61.9085, 53.7923, 45.3477
bev  AP:25.3648, 21.8796, 17.4460
3d   AP:25.0516, 20.7439, 17.1834
aos  AP:51.63, 44.53, 37.33

[2026-08-21 03:14:51] INFO Car AP@0.70, 0.70, 0.70:
bbox AP:79.8018, 72.7493, 71.5075
bev  AP:24.8870, 20.2950, 17.3928
3d   AP:12.6582, 14.6524, 13.9482
aos  AP:78.40, 70.31, 67.66
Car AP_R40@0.70, 0.70, 0.70:
bbox AP:82.0124, 74.1584, 69.7653
bev  AP:19.8048, 14.5125, 12.0431
3d   AP:10.5431, 8.0678, 6.8437
aos  AP:80.43, 71.43, 65.82
Car AP@0.70, 0.50, 0.50:
bbox AP:79.8018, 72.7493, 71.5075
bev  AP:48.0086, 38.7553, 33.9564
3d   AP:44.8348, 33.8120, 31.4896
aos  AP:78.40, 70.31, 67.66
Car AP_R40@0.70, 0.50, 0.50:
bbox AP:82.0124, 74.1584, 69.7653
bev  AP:47.5931, 35.2463, 31.1404
3d   AP:43.0172, 31.6673, 27.8219
aos  AP:80.43, 71.43, 65.82

[2026-08-21 03:16:44] INFO Cyclist AP@0.50, 0.50, 0.50:
bbox AP:42.9785, 28.5053, 27.9080
bev  AP:11.0641, 9.6644, 9.6843
3d   AP:11.0193, 9.6207, 9.6306
aos  AP:33.21, 21.63, 21.25
Cyclist AP_R40@0.50, 0.50, 0.50:
bbox AP:41.6463, 23.8240, 23.3177
bev  AP:3.1982, 1.7519, 1.6489
3d   AP:2.8525, 1.4821, 1.3610
aos  AP:32.24, 18.51, 18.12
Cyclist AP@0.50, 0.25, 0.25:
bbox AP:42.9785, 28.5053, 27.9080
bev  AP:18.4311, 13.9532, 13.8130
3d   AP:17.5170, 13.8716, 13.6485
aos  AP:33.21, 21.63, 21.25
Cyclist AP_R40@0.50, 0.25, 0.25:
bbox AP:41.6463, 23.8240, 23.3177
bev  AP:11.5890, 6.4869, 6.1116
3d   AP:10.8153, 6.2969, 5.8193
aos  AP:32.24, 18.51, 18.12

[2026-08-21 03:16:44] INFO   Val Car Moderate mAP: 8.0678
[2026-08-21 03:16:44] INFO   Best: 8.8293 @ epoch 112
[2026-08-21 03:17:25] INFO Epoch[115] [37/371]  total=14.6538  loss_ce=0.0918  loss_bbox=0.0177  loss_depth=1.0771  loss_center=0.0089
[2026-08-21 03:18:05] INFO Epoch[115] [74/371]  total=3.9439  loss_ce=0.0257  loss_bbox=0.0060  loss_depth=-0.0751  loss_center=0.0025
[2026-08-21 03:18:46] INFO Epoch[115] [111/371]  total=8.1819  loss_ce=0.0360  loss_bbox=0.0102  loss_depth=0.3645  loss_center=0.0040
[2026-08-21 03:19:26] INFO Epoch[115] [148/371]  total=8.3759  loss_ce=0.0408  loss_bbox=0.0089  loss_depth=0.3060  loss_center=0.0044
[2026-08-21 03:20:07] INFO Epoch[115] [185/371]  total=4.4201  loss_ce=0.0254  loss_bbox=0.0087  loss_depth=0.3084  loss_center=0.0021
[2026-08-21 03:20:48] INFO Epoch[115] [222/371]  total=1.3185  loss_ce=0.0094  loss_bbox=0.0048  loss_depth=-0.1800  loss_center=0.0026
[2026-08-21 03:21:28] INFO Epoch[115] [259/371]  total=13.6163  loss_ce=0.0976  loss_bbox=0.0263  loss_depth=0.5766  loss_center=0.0094
[2026-08-21 03:22:09] INFO Epoch[115] [296/371]  total=7.0422  loss_ce=0.0436  loss_bbox=0.0069  loss_depth=0.2660  loss_center=0.0037
[2026-08-21 03:22:49] INFO Epoch[115] [333/371]  total=13.6759  loss_ce=0.0497  loss_bbox=0.0038  loss_depth=1.6954  loss_center=0.0030
[2026-08-21 03:23:29] INFO Epoch[115] [370/371]  total=5.5249  loss_ce=0.0093  loss_bbox=0.0023  loss_depth=0.3075  loss_center=0.0012
[2026-08-21 03:23:31] INFO Epoch [115/249] avg_loss=12.1758  time=406.2s  lr=2.00e-05
[2026-08-21 03:23:31] INFO Checkpoint saved after epoch 115
[2026-08-21 03:29:06] INFO ==> Loading detections and GTs...
[2026-08-21 03:29:06] INFO ==> Evaluating (official)...
[2026-08-21 03:30:58] INFO Pedestrian AP@0.50, 0.50, 0.50:
bbox AP:62.3004, 54.8702, 47.5267
bev  AP:10.8250, 10.0442, 8.0247
3d   AP:8.7470, 7.5077, 7.1411
aos  AP:53.03, 46.61, 40.43
Pedestrian AP_R40@0.50, 0.50, 0.50:
bbox AP:61.3968, 53.3583, 46.6194
bev  AP:8.6052, 7.4452, 6.1696
3d   AP:6.4441, 5.5130, 4.5374
aos  AP:51.12, 44.23, 38.39
Pedestrian AP@0.50, 0.25, 0.25:
bbox AP:62.3004, 54.8702, 47.5267
bev  AP:25.9308, 23.2202, 21.1723
3d   AP:25.6510, 22.9055, 18.1200
aos  AP:53.03, 46.61, 40.43
Pedestrian AP_R40@0.50, 0.25, 0.25:
bbox AP:61.3968, 53.3583, 46.6194
bev  AP:23.5662, 20.7392, 17.3803
3d   AP:23.1995, 19.5009, 16.2893
aos  AP:51.12, 44.23, 38.39

[2026-08-21 03:32:50] INFO Car AP@0.70, 0.70, 0.70:
bbox AP:81.2997, 73.1316, 65.7286
bev  AP:25.0733, 20.4228, 17.3271
3d   AP:17.1500, 14.2152, 12.5066
aos  AP:79.78, 70.64, 62.59
Car AP_R40@0.70, 0.70, 0.70:
bbox AP:83.6732, 74.7063, 68.4001
bev  AP:19.9513, 14.5612, 11.9806
3d   AP:10.5301, 7.5167, 6.3344
aos  AP:81.98, 71.93, 64.68
Car AP@0.70, 0.50, 0.50:
bbox AP:81.2997, 73.1316, 65.7286
bev  AP:49.0841, 38.9921, 33.8323
3d   AP:45.6757, 34.0784, 31.4688
aos  AP:79.78, 70.64, 62.59
Car AP_R40@0.70, 0.50, 0.50:
bbox AP:83.6732, 74.7063, 68.4001
bev  AP:48.6750, 35.5912, 30.2270
3d   AP:44.0326, 31.2521, 27.0916
aos  AP:81.98, 71.93, 64.68

[2026-08-21 03:34:42] INFO Cyclist AP@0.50, 0.50, 0.50:
bbox AP:44.0542, 29.0094, 25.8326
bev  AP:12.1279, 9.9917, 9.7547
3d   AP:11.3043, 9.6767, 9.6977
aos  AP:33.56, 21.67, 19.54
Cyclist AP_R40@0.50, 0.50, 0.50:
bbox AP:42.5679, 24.5017, 23.2982
bev  AP:4.0286, 2.2316, 1.9311
3d   AP:3.4417, 1.8522, 1.6598
aos  AP:32.37, 18.58, 17.67
Cyclist AP@0.50, 0.25, 0.25:
bbox AP:44.0542, 29.0094, 25.8326
bev  AP:19.1261, 14.1593, 14.3161
3d   AP:18.1732, 13.9088, 12.8015
aos  AP:33.56, 21.67, 19.54
Cyclist AP_R40@0.50, 0.25, 0.25:
bbox AP:42.5679, 24.5017, 23.2982
bev  AP:13.0696, 7.1624, 6.7651
3d   AP:11.0421, 6.3810, 5.7853
aos  AP:32.37, 18.58, 17.67

[2026-08-21 03:34:42] INFO   Val Car Moderate mAP: 7.5167
[2026-08-21 03:34:43] INFO   Best: 8.8293 @ epoch 112
[2026-08-21 03:35:23] INFO Epoch[116] [37/371]  total=23.0821  loss_ce=0.1215  loss_bbox=0.0343  loss_depth=0.8043  loss_center=0.0211
[2026-08-21 03:36:04] INFO Epoch[116] [74/371]  total=4.1240  loss_ce=0.0134  loss_bbox=0.0038  loss_depth=0.0918  loss_center=0.0027
[2026-08-21 03:36:45] INFO Epoch[116] [111/371]  total=3.9615  loss_ce=0.0177  loss_bbox=0.0025  loss_depth=0.3666  loss_center=0.0025
[2026-08-21 03:37:25] INFO Epoch[116] [148/371]  total=33.6529  loss_ce=0.1469  loss_bbox=0.0272  loss_depth=2.2123  loss_center=0.0165
[2026-08-21 03:38:06] INFO Epoch[116] [185/371]  total=22.1208  loss_ce=0.1569  loss_bbox=0.0280  loss_depth=1.4074  loss_center=0.0158
[2026-08-21 03:38:46] INFO Epoch[116] [222/371]  total=15.6717  loss_ce=0.1575  loss_bbox=0.0172  loss_depth=0.9260  loss_center=0.0088
[2026-08-21 03:39:27] INFO Epoch[116] [259/371]  total=5.1258  loss_ce=0.0398  loss_bbox=0.0083  loss_depth=0.0369  loss_center=0.0037
[2026-08-21 03:40:07] INFO Epoch[116] [296/371]  total=22.7438  loss_ce=0.1247  loss_bbox=0.0362  loss_depth=1.0695  loss_center=0.0183
[2026-08-21 03:40:48] INFO Epoch[116] [333/371]  total=0.6196  loss_ce=0.0063  loss_bbox=0.0009  loss_depth=0.0018  loss_center=0.0004
[2026-08-21 03:41:28] INFO Epoch[116] [370/371]  total=10.9705  loss_ce=0.0693  loss_bbox=0.0110  loss_depth=0.3160  loss_center=0.0067
[2026-08-21 03:41:29] INFO Epoch [116/249] avg_loss=12.0402  time=406.7s  lr=2.00e-05
[2026-08-21 03:41:30] INFO Checkpoint saved after epoch 116
[2026-08-21 03:47:04] INFO ==> Loading detections and GTs...
[2026-08-21 03:47:05] INFO ==> Evaluating (official)...
[2026-08-21 03:48:57] INFO Pedestrian AP@0.50, 0.50, 0.50:
bbox AP:62.2666, 54.8380, 47.4156
bev  AP:8.4513, 7.2191, 6.6650
3d   AP:7.5695, 6.4151, 5.6842
aos  AP:53.94, 47.06, 40.66
Pedestrian AP_R40@0.50, 0.50, 0.50:
bbox AP:61.4802, 53.3239, 46.5963
bev  AP:6.6876, 5.5682, 4.6431
3d   AP:5.5297, 4.4320, 3.5976
aos  AP:52.30, 44.89, 38.97
Pedestrian AP@0.50, 0.25, 0.25:
bbox AP:62.2666, 54.8380, 47.4156
bev  AP:27.5549, 24.2237, 19.9359
3d   AP:24.6505, 23.6406, 19.5170
aos  AP:53.94, 47.06, 40.66
Pedestrian AP_R40@0.50, 0.25, 0.25:
bbox AP:61.4802, 53.3239, 46.5963
bev  AP:22.4120, 19.2402, 16.0300
3d   AP:20.9879, 18.6056, 15.4032
aos  AP:52.30, 44.89, 38.97

[2026-08-21 03:50:51] INFO Car AP@0.70, 0.70, 0.70:
bbox AP:80.2420, 72.2707, 65.0504
bev  AP:24.4388, 18.5603, 17.0234
3d   AP:16.5797, 14.1541, 12.4638
aos  AP:78.83, 70.02, 61.97
Car AP_R40@0.70, 0.70, 0.70:
bbox AP:82.3827, 73.7842, 67.6580
bev  AP:19.1321, 13.7646, 11.6658
3d   AP:10.1440, 7.5194, 6.2761
aos  AP:80.80, 71.26, 64.00
Car AP@0.70, 0.50, 0.50:
bbox AP:80.2420, 72.2707, 65.0504
bev  AP:47.9316, 38.5423, 33.3492
3d   AP:44.6529, 33.7047, 31.0568
aos  AP:78.83, 70.02, 61.97
Car AP_R40@0.70, 0.50, 0.50:
bbox AP:82.3827, 73.7842, 67.6580
bev  AP:47.3375, 34.9602, 29.6872
3d   AP:42.8469, 30.6826, 26.5490
aos  AP:80.80, 71.26, 64.00

[2026-08-21 03:52:43] INFO Cyclist AP@0.50, 0.50, 0.50:
bbox AP:45.1966, 28.7173, 27.6093
bev  AP:11.1111, 9.5779, 9.5870
3d   AP:11.0490, 9.5679, 9.5769
aos  AP:35.71, 21.72, 20.97
Cyclist AP_R40@0.50, 0.50, 0.50:
bbox AP:42.8756, 25.1981, 24.0159
bev  AP:2.9181, 1.5825, 1.5791
3d   AP:2.7922, 1.4819, 1.4669
aos  AP:33.35, 19.32, 18.49
Cyclist AP@0.50, 0.25, 0.25:
bbox AP:45.1966, 28.7173, 27.6093
bev  AP:18.3063, 13.8858, 13.9167
3d   AP:17.9970, 13.8165, 13.8116
aos  AP:35.71, 21.72, 20.97
Cyclist AP_R40@0.50, 0.25, 0.25:
bbox AP:42.8756, 25.1981, 24.0159
bev  AP:12.0490, 6.4416, 6.2822
3d   AP:11.7860, 6.3560, 6.0874
aos  AP:33.35, 19.32, 18.49

[2026-08-21 03:52:43] INFO   Val Car Moderate mAP: 7.5194
[2026-08-21 03:52:43] INFO   Best: 8.8293 @ epoch 112
[2026-08-21 03:53:24] INFO Epoch[117] [37/371]  total=20.2686  loss_ce=0.2178  loss_bbox=0.0123  loss_depth=1.4832  loss_center=0.0137
[2026-08-21 03:54:05] INFO Epoch[117] [74/371]  total=18.3807  loss_ce=0.1041  loss_bbox=0.0353  loss_depth=1.0596  loss_center=0.0167
[2026-08-21 03:54:46] INFO Epoch[117] [111/371]  total=5.8121  loss_ce=0.0363  loss_bbox=0.0065  loss_depth=0.3073  loss_center=0.0047
[2026-08-21 03:55:27] INFO Epoch[117] [148/371]  total=1.5978  loss_ce=0.0069  loss_bbox=0.0044  loss_depth=-0.1126  loss_center=0.0031
[2026-08-21 03:56:08] INFO Epoch[117] [185/371]  total=3.0679  loss_ce=0.0129  loss_bbox=0.0072  loss_depth=0.0245  loss_center=0.0019
[2026-08-21 03:56:49] INFO Epoch[117] [222/371]  total=11.8387  loss_ce=0.0406  loss_bbox=0.0129  loss_depth=0.5388  loss_center=0.0043
[2026-08-21 03:57:30] INFO Epoch[117] [259/371]  total=25.2030  loss_ce=0.1928  loss_bbox=0.0439  loss_depth=1.1401  loss_center=0.0170
[2026-08-21 03:58:11] INFO Epoch[117] [296/371]  total=9.5742  loss_ce=0.0439  loss_bbox=0.0061  loss_depth=0.4657  loss_center=0.0036
[2026-08-21 03:58:52] INFO Epoch[117] [333/371]  total=3.4979  loss_ce=0.0149  loss_bbox=0.0036  loss_depth=0.0921  loss_center=0.0019
[2026-08-21 03:59:33] INFO Epoch[117] [370/371]  total=19.0451  loss_ce=0.0929  loss_bbox=0.0115  loss_depth=1.3494  loss_center=0.0074
[2026-08-21 03:59:34] INFO Epoch [117/249] avg_loss=11.5686  time=410.6s  lr=2.00e-05
[2026-08-21 03:59:35] INFO Checkpoint saved after epoch 117
[2026-08-21 04:05:11] INFO ==> Loading detections and GTs...
[2026-08-21 04:05:11] INFO ==> Evaluating (official)...
[2026-08-21 04:06:54] INFO Pedestrian AP@0.50, 0.50, 0.50:
bbox AP:63.0611, 55.3304, 47.7458
bev  AP:13.5518, 12.2736, 11.7604
3d   AP:7.5055, 5.8238, 5.3181
aos  AP:54.59, 47.73, 41.13
Pedestrian AP_R40@0.50, 0.50, 0.50:
bbox AP:62.0146, 53.6937, 45.3902
bev  AP:6.7726, 5.5762, 4.6021
3d   AP:5.2951, 4.1817, 3.3782
aos  AP:52.84, 45.47, 38.28
Pedestrian AP@0.50, 0.25, 0.25:
bbox AP:63.0611, 55.3304, 47.7458
bev  AP:27.8548, 24.6389, 20.0370
3d   AP:27.5228, 24.1219, 19.7862
aos  AP:54.59, 47.73, 41.13
Pedestrian AP_R40@0.50, 0.25, 0.25:
bbox AP:62.0146, 53.6937, 45.3902
bev  AP:22.6236, 19.3481, 16.2526
3d   AP:21.9829, 18.7945, 15.8003
aos  AP:52.84, 45.47, 38.28

[2026-08-21 04:08:36] INFO Car AP@0.70, 0.70, 0.70:
bbox AP:82.3876, 74.2078, 66.7218
bev  AP:20.3467, 16.8927, 15.8176
3d   AP:14.7373, 13.6258, 11.9764
aos  AP:80.73, 71.56, 63.28
Car AP_R40@0.70, 0.70, 0.70:
bbox AP:83.5616, 76.0407, 69.6775
bev  AP:14.9290, 11.1319, 9.5611
3d   AP:8.1018, 6.2970, 5.0627
aos  AP:81.78, 73.11, 65.57
Car AP@0.70, 0.50, 0.50:
bbox AP:82.3876, 74.2078, 66.7218
bev  AP:47.0102, 35.0459, 32.8226
3d   AP:42.3651, 32.4171, 27.2979
aos  AP:80.73, 71.56, 63.28
Car AP_R40@0.70, 0.50, 0.50:
bbox AP:83.5616, 76.0407, 69.6775
bev  AP:45.5526, 33.3460, 29.2261
3d   AP:39.1026, 28.4970, 24.7098
aos  AP:81.78, 73.11, 65.57

[2026-08-21 04:10:19] INFO Cyclist AP@0.50, 0.50, 0.50:
bbox AP:43.6029, 26.0183, 26.0792
bev  AP:11.1604, 9.7543, 9.7657
3d   AP:10.9489, 9.7052, 9.7166
aos  AP:33.97, 20.26, 20.31
Cyclist AP_R40@0.50, 0.50, 0.50:
bbox AP:41.8048, 23.6798, 23.3111
bev  AP:3.1487, 1.6620, 1.6595
3d   AP:2.8558, 1.5810, 1.5037
aos  AP:32.38, 18.36, 18.15
Cyclist AP@0.50, 0.25, 0.25:
bbox AP:43.6029, 26.0183, 26.0792
bev  AP:18.6942, 14.2409, 14.2321
3d   AP:18.4349, 14.0701, 12.7273
aos  AP:33.97, 20.26, 20.31
Cyclist AP_R40@0.50, 0.25, 0.25:
bbox AP:41.8048, 23.6798, 23.3111
bev  AP:12.0808, 6.8423, 6.5698
3d   AP:11.5954, 6.3374, 5.9122
aos  AP:32.38, 18.36, 18.15

[2026-08-21 04:10:19] INFO   Val Car Moderate mAP: 6.2970
[2026-08-21 04:10:19] INFO   Best: 8.8293 @ epoch 112
[2026-08-21 04:11:00] INFO Epoch[118] [37/371]  total=19.5939  loss_ce=0.0921  loss_bbox=0.0213  loss_depth=1.3163  loss_center=0.0158
[2026-08-21 04:11:40] INFO Epoch[118] [74/371]  total=3.2883  loss_ce=0.0821  loss_bbox=0.0188  loss_depth=-0.2142  loss_center=0.0061
[2026-08-21 04:12:21] INFO Epoch[118] [111/371]  total=10.1754  loss_ce=0.0320  loss_bbox=0.0111  loss_depth=0.7356  loss_center=0.0063
[2026-08-21 04:13:02] INFO Epoch[118] [148/371]  total=10.8721  loss_ce=0.0733  loss_bbox=0.0144  loss_depth=0.5323  loss_center=0.0080
[2026-08-21 04:13:43] INFO Epoch[118] [185/371]  total=18.0818  loss_ce=0.0839  loss_bbox=0.0287  loss_depth=0.7018  loss_center=0.0144
[2026-08-21 04:14:23] INFO Epoch[118] [222/371]  total=7.4612  loss_ce=0.0135  loss_bbox=0.0034  loss_depth=0.7234  loss_center=0.0020
[2026-08-21 04:15:04] INFO Epoch[118] [259/371]  total=32.4426  loss_ce=0.1743  loss_bbox=0.0439  loss_depth=1.6551  loss_center=0.0231
[2026-08-21 04:15:44] INFO Epoch[118] [296/371]  total=14.2814  loss_ce=0.0596  loss_bbox=0.0184  loss_depth=0.3700  loss_center=0.0099
[2026-08-21 04:16:25] INFO Epoch[118] [333/371]  total=31.7994  loss_ce=0.2179  loss_bbox=0.0286  loss_depth=3.0324  loss_center=0.0133
[2026-08-21 04:17:05] INFO Epoch[118] [370/371]  total=8.9675  loss_ce=0.0595  loss_bbox=0.0061  loss_depth=0.4901  loss_center=0.0032
[2026-08-21 04:17:07] INFO Epoch [118/249] avg_loss=12.0914  time=407.5s  lr=2.00e-05
[2026-08-21 04:17:07] INFO Checkpoint saved after epoch 118
[2026-08-21 04:22:42] INFO ==> Loading detections and GTs...
[2026-08-21 04:22:42] INFO ==> Evaluating (official)...
[2026-08-21 04:24:34] INFO Pedestrian AP@0.50, 0.50, 0.50:
bbox AP:62.4498, 55.0843, 47.7771
bev  AP:16.1766, 15.0423, 12.8342
3d   AP:10.1203, 9.1947, 7.3024
aos  AP:54.04, 47.63, 41.23
Pedestrian AP_R40@0.50, 0.50, 0.50:
bbox AP:63.0979, 53.5720, 46.8711
bev  AP:10.1932, 8.4915, 6.6852
3d   AP:8.2679, 7.0019, 5.7687
aos  AP:53.66, 45.34, 39.35
Pedestrian AP@0.50, 0.25, 0.25:
bbox AP:62.4498, 55.0843, 47.7771
bev  AP:30.3550, 26.2181, 23.8647
3d   AP:29.7970, 25.8110, 23.6058
aos  AP:54.04, 47.63, 41.23
Pedestrian AP_R40@0.50, 0.25, 0.25:
bbox AP:63.0979, 53.5720, 46.8711
bev  AP:26.6365, 22.2695, 18.6466
3d   AP:26.0686, 21.8506, 18.3150
aos  AP:53.66, 45.34, 39.35

[2026-08-21 04:26:25] INFO Car AP@0.70, 0.70, 0.70:
bbox AP:81.9998, 73.7809, 66.3006
bev  AP:25.8614, 20.9054, 17.8641
3d   AP:13.1462, 15.1723, 14.2812
aos  AP:80.52, 71.32, 63.01
Car AP_R40@0.70, 0.70, 0.70:
bbox AP:84.3148, 75.5310, 69.1867
bev  AP:21.2558, 15.4151, 12.7212
3d   AP:11.2835, 8.6215, 7.3404
aos  AP:82.66, 72.79, 65.30
Car AP@0.70, 0.50, 0.50:
bbox AP:81.9998, 73.7809, 66.3006
bev  AP:52.5662, 39.6895, 34.8776
3d   AP:46.6509, 34.8458, 32.5438
aos  AP:80.52, 71.32, 63.01
Car AP_R40@0.70, 0.50, 0.50:
bbox AP:84.3148, 75.5310, 69.1867
bev  AP:50.2817, 36.5207, 32.2719
3d   AP:45.1088, 33.1766, 29.0796
aos  AP:82.66, 72.79, 65.30

[2026-08-21 04:28:16] INFO Cyclist AP@0.50, 0.50, 0.50:
bbox AP:43.0155, 28.5804, 28.1722
bev  AP:7.6141, 5.3066, 5.1769
3d   AP:6.8387, 5.1348, 5.1551
aos  AP:34.70, 23.70, 23.39
Cyclist AP_R40@0.50, 0.50, 0.50:
bbox AP:41.4348, 24.1484, 23.6204
bev  AP:3.9444, 2.2009, 1.9036
3d   AP:3.6166, 1.9312, 1.8458
aos  AP:30.75, 17.92, 17.68
Cyclist AP@0.50, 0.25, 0.25:
bbox AP:43.0155, 28.5804, 28.1722
bev  AP:15.4654, 10.1152, 9.9452
3d   AP:15.2228, 9.8074, 9.8492
aos  AP:34.70, 23.70, 23.39
Cyclist AP_R40@0.50, 0.25, 0.25:
bbox AP:41.4348, 24.1484, 23.6204
bev  AP:14.2175, 8.0234, 7.5255
3d   AP:13.8569, 7.8019, 7.1269
aos  AP:30.75, 17.92, 17.68

[2026-08-21 04:28:16] INFO   Val Car Moderate mAP: 8.6215
[2026-08-21 04:28:16] INFO   Best: 8.8293 @ epoch 112
[2026-08-21 04:28:57] INFO Epoch[119] [37/371]  total=6.6438  loss_ce=0.0366  loss_bbox=0.0069  loss_depth=0.2139  loss_center=0.0040
[2026-08-21 04:29:37] INFO Epoch[119] [74/371]  total=5.0767  loss_ce=0.0249  loss_bbox=0.0059  loss_depth=0.2689  loss_center=0.0025
[2026-08-21 04:30:18] INFO Epoch[119] [111/371]  total=6.6526  loss_ce=0.0580  loss_bbox=0.0064  loss_depth=0.2956  loss_center=0.0047
[2026-08-21 04:30:59] INFO Epoch[119] [148/371]  total=5.4346  loss_ce=0.0457  loss_bbox=0.0080  loss_depth=0.2805  loss_center=0.0032
[2026-08-21 04:31:40] INFO Epoch[119] [185/371]  total=3.8602  loss_ce=0.0155  loss_bbox=0.0028  loss_depth=0.2841  loss_center=0.0010
[2026-08-21 04:32:21] INFO Epoch[119] [222/371]  total=10.2622  loss_ce=0.0558  loss_bbox=0.0199  loss_depth=0.4457  loss_center=0.0107
[2026-08-21 04:33:02] INFO Epoch[119] [259/371]  total=5.6647  loss_ce=0.0427  loss_bbox=0.0093  loss_depth=0.0614  loss_center=0.0054
[2026-08-21 04:33:43] INFO Epoch[119] [296/371]  total=0.3156  loss_ce=0.0161  loss_bbox=0.0043  loss_depth=-0.3312  loss_center=0.0025
[2026-08-21 04:34:24] INFO Epoch[119] [333/371]  total=7.8902  loss_ce=0.0493  loss_bbox=0.0104  loss_depth=0.2567  loss_center=0.0078
[2026-08-21 04:35:05] INFO Epoch[119] [370/371]  total=4.7564  loss_ce=0.0181  loss_bbox=0.0019  loss_depth=0.3088  loss_center=0.0012
[2026-08-21 04:35:06] INFO Epoch [119/249] avg_loss=11.5125  time=410.4s  lr=2.00e-05
[2026-08-21 04:35:07] INFO Checkpoint saved after epoch 119
[2026-08-21 04:40:43] INFO ==> Loading detections and GTs...
[2026-08-21 04:40:44] INFO ==> Evaluating (official)...
[2026-08-21 04:42:35] INFO Pedestrian AP@0.50, 0.50, 0.50:
bbox AP:62.6914, 55.1721, 47.6792
bev  AP:11.6340, 10.3678, 8.1878
3d   AP:9.5624, 7.8293, 6.9939
aos  AP:54.06, 47.48, 40.98
Pedestrian AP_R40@0.50, 0.50, 0.50:
bbox AP:63.2130, 55.1266, 46.7592
bev  AP:9.1168, 7.7721, 6.3162
3d   AP:7.3132, 6.1897, 5.0241
aos  AP:53.32, 46.22, 39.02
Pedestrian AP@0.50, 0.25, 0.25:
bbox AP:62.6914, 55.1721, 47.6792
bev  AP:29.4068, 25.4934, 23.4140
3d   AP:28.8496, 25.2925, 23.2006
aos  AP:54.06, 47.48, 40.98
Pedestrian AP_R40@0.50, 0.25, 0.25:
bbox AP:63.2130, 55.1266, 46.7592
bev  AP:25.2950, 21.3872, 17.8460
3d   AP:24.9609, 21.0638, 17.5175
aos  AP:53.32, 46.22, 39.02

[2026-08-21 04:44:27] INFO Car AP@0.70, 0.70, 0.70:
bbox AP:81.9454, 73.3712, 65.9400
bev  AP:25.6501, 20.6905, 17.7416
3d   AP:12.8374, 14.8061, 14.1143
aos  AP:80.40, 70.76, 62.59
Car AP_R40@0.70, 0.70, 0.70:
bbox AP:84.2275, 75.0371, 68.7913
bev  AP:20.6609, 15.1924, 12.5191
3d   AP:11.0095, 8.3747, 7.1624
aos  AP:82.48, 72.13, 64.85
Car AP@0.70, 0.50, 0.50:
bbox AP:81.9454, 73.3712, 65.9400
bev  AP:49.1567, 39.3139, 34.5577
3d   AP:46.0774, 34.4841, 32.1704
aos  AP:80.40, 70.76, 62.59
Car AP_R40@0.70, 0.50, 0.50:
bbox AP:84.2275, 75.0371, 68.7913
bev  AP:48.6431, 35.9951, 31.8718
3d   AP:44.3355, 32.6042, 28.6041
aos  AP:82.48, 72.13, 64.85

[2026-08-21 04:46:17] INFO Cyclist AP@0.50, 0.50, 0.50:
bbox AP:43.9698, 28.5036, 28.6710
bev  AP:11.8056, 9.9417, 9.7085
3d   AP:10.8464, 9.6333, 9.6435
aos  AP:34.12, 21.83, 21.96
Cyclist AP_R40@0.50, 0.50, 0.50:
bbox AP:42.6132, 24.6747, 24.3352
bev  AP:3.5786, 1.9135, 1.6188
3d   AP:2.6992, 1.4144, 1.3571
aos  AP:32.87, 18.90, 18.61
Cyclist AP@0.50, 0.25, 0.25:
bbox AP:43.9698, 28.5036, 28.6710
bev  AP:18.8178, 13.9868, 14.1737
3d   AP:18.7038, 13.9746, 14.1522
aos  AP:34.12, 21.83, 21.96
Cyclist AP_R40@0.50, 0.25, 0.25:
bbox AP:42.6132, 24.6747, 24.3352
bev  AP:12.9927, 6.8528, 6.5323
3d   AP:12.9076, 6.8365, 6.4433
aos  AP:32.87, 18.90, 18.61

[2026-08-21 04:46:17] INFO   Val Car Moderate mAP: 8.3747
[2026-08-21 04:46:18] INFO   Best: 8.8293 @ epoch 112
[2026-08-21 04:46:59] INFO Epoch[120] [37/371]  total=3.1126  loss_ce=0.0219  loss_bbox=0.0057  loss_depth=0.1514  loss_center=0.0021
[2026-08-21 04:47:40] INFO Epoch[120] [74/371]  total=13.4194  loss_ce=0.1202  loss_bbox=0.0158  loss_depth=0.8953  loss_center=0.0056
[2026-08-21 04:48:21] INFO Epoch[120] [111/371]  total=8.1659  loss_ce=0.0688  loss_bbox=0.0168  loss_depth=0.1315  loss_center=0.0073
[2026-08-21 04:49:02] INFO Epoch[120] [148/371]  total=9.7479  loss_ce=0.0778  loss_bbox=0.0116  loss_depth=0.2886  loss_center=0.0056
[2026-08-21 04:49:42] INFO Epoch[120] [185/371]  total=18.9253  loss_ce=0.1404  loss_bbox=0.0207  loss_depth=1.3741  loss_center=0.0096
[2026-08-21 04:50:23] INFO Epoch[120] [222/371]  total=13.6558  loss_ce=0.1017  loss_bbox=0.0152  loss_depth=0.7589  loss_center=0.0079
[2026-08-21 04:51:04] INFO Epoch[120] [259/371]  total=12.0595  loss_ce=0.0610  loss_bbox=0.0148  loss_depth=0.8522  loss_center=0.0072
[2026-08-21 04:51:44] INFO Epoch[120] [296/371]  total=7.2559  loss_ce=0.0259  loss_bbox=0.0085  loss_depth=0.1369  loss_center=0.0050
[2026-08-21 04:52:24] INFO Epoch[120] [333/371]  total=18.5811  loss_ce=0.1221  loss_bbox=0.0279  loss_depth=0.7492  loss_center=0.0162
[2026-08-21 04:53:05] INFO Epoch[120] [370/371]  total=8.8972  loss_ce=0.0477  loss_bbox=0.0052  loss_depth=0.5599  loss_center=0.0024
[2026-08-21 04:53:06] INFO Epoch [120/249] avg_loss=11.9354  time=408.7s  lr=2.00e-05
[2026-08-21 04:53:07] INFO Checkpoint saved after epoch 120
[2026-08-21 04:58:42] INFO ==> Loading detections and GTs...
[2026-08-21 04:58:42] INFO ==> Evaluating (official)...
[2026-08-21 05:00:31] INFO Pedestrian AP@0.50, 0.50, 0.50:
bbox AP:62.6821, 55.3975, 48.0618
bev  AP:15.0526, 12.7867, 12.5217
3d   AP:13.9426, 12.3125, 11.8694
aos  AP:53.92, 47.68, 41.17
Pedestrian AP_R40@0.50, 0.50, 0.50:
bbox AP:60.7060, 52.4057, 45.6279
bev  AP:8.3665, 6.9171, 5.5752
3d   AP:6.9674, 5.9537, 4.7071
aos  AP:51.43, 44.19, 38.21
Pedestrian AP@0.50, 0.25, 0.25:
bbox AP:62.6821, 55.3975, 48.0618
bev  AP:29.6125, 25.4583, 20.9088
3d   AP:29.5384, 25.2096, 20.7503
aos  AP:53.92, 47.68, 41.17
Pedestrian AP_R40@0.50, 0.25, 0.25:
bbox AP:60.7060, 52.4057, 45.6279
bev  AP:25.1257, 20.9116, 17.3077
3d   AP:25.0022, 20.7297, 17.1018
aos  AP:51.43, 44.19, 38.21

[2026-08-21 05:02:19] INFO Car AP@0.70, 0.70, 0.70:
bbox AP:81.3410, 73.5264, 66.1861
bev  AP:23.5507, 18.0443, 16.6408
3d   AP:16.4461, 14.1080, 12.4787
aos  AP:79.90, 71.00, 63.02
Car AP_R40@0.70, 0.70, 0.70:
bbox AP:83.5965, 75.2057, 68.9310
bev  AP:17.9758, 13.1035, 10.6612
3d   AP:9.8312, 7.3315, 6.1644
aos  AP:81.98, 72.40, 65.14
Car AP@0.70, 0.50, 0.50:
bbox AP:81.3410, 73.5264, 66.1861
bev  AP:47.7942, 35.4156, 33.0217
3d   AP:43.8234, 33.2125, 30.8821
aos  AP:79.90, 71.00, 63.02
Car AP_R40@0.70, 0.50, 0.50:
bbox AP:83.5965, 75.2057, 68.9310
bev  AP:47.0851, 33.6578, 29.4967
3d   AP:41.4868, 30.1143, 26.1755
aos  AP:81.98, 72.40, 65.14

[2026-08-21 05:04:07] INFO Cyclist AP@0.50, 0.50, 0.50:
bbox AP:44.7242, 26.6584, 26.3768
bev  AP:6.2092, 5.0743, 4.5455
3d   AP:6.1668, 4.5455, 4.5455
aos  AP:35.65, 22.46, 22.08
Cyclist AP_R40@0.50, 0.50, 0.50:
bbox AP:43.1800, 24.2980, 23.9264
bev  AP:2.4034, 1.2971, 1.1164
3d   AP:2.0799, 1.0117, 1.0817
aos  AP:32.33, 18.19, 17.93
Cyclist AP@0.50, 0.25, 0.25:
bbox AP:44.7242, 26.6584, 26.3768
bev  AP:13.1292, 9.3569, 8.0874
3d   AP:12.5488, 7.9784, 7.9334
aos  AP:35.65, 22.46, 22.08
Cyclist AP_R40@0.50, 0.25, 0.25:
bbox AP:43.1800, 24.2980, 23.9264
bev  AP:10.9559, 6.3111, 5.8707
3d   AP:10.1221, 5.4939, 5.3776
aos  AP:32.33, 18.19, 17.93

[2026-08-21 05:04:07] INFO   Val Car Moderate mAP: 7.3315
[2026-08-21 05:04:07] INFO   Best: 8.8293 @ epoch 112
[2026-08-21 05:04:48] INFO Epoch[121] [37/371]  total=3.5491  loss_ce=0.0127  loss_bbox=0.0038  loss_depth=0.1361  loss_center=0.0027
[2026-08-21 05:05:28] INFO Epoch[121] [74/371]  total=14.7937  loss_ce=0.0770  loss_bbox=0.0157  loss_depth=1.2289  loss_center=0.0076
[2026-08-21 05:06:09] INFO Epoch[121] [111/371]  total=1.2968  loss_ce=0.0156  loss_bbox=0.0036  loss_depth=-0.0643  loss_center=0.0013
[2026-08-21 05:06:49] INFO Epoch[121] [148/371]  total=8.0447  loss_ce=0.0261  loss_bbox=0.0073  loss_depth=0.2147  loss_center=0.0034
[2026-08-21 05:07:30] INFO Epoch[121] [185/371]  total=13.6720  loss_ce=0.0783  loss_bbox=0.0148  loss_depth=0.6471  loss_center=0.0067
[2026-08-21 05:08:11] INFO Epoch[121] [222/371]  total=9.0520  loss_ce=0.0344  loss_bbox=0.0248  loss_depth=0.2278  loss_center=0.0112
[2026-08-21 05:08:51] INFO Epoch[121] [259/371]  total=22.7873  loss_ce=0.1214  loss_bbox=0.0257  loss_depth=1.2434  loss_center=0.0153
[2026-08-21 05:09:32] INFO Epoch[121] [296/371]  total=9.6795  loss_ce=0.0692  loss_bbox=0.0154  loss_depth=0.3581  loss_center=0.0097
[2026-08-21 05:10:12] INFO Epoch[121] [333/371]  total=16.5433  loss_ce=0.0747  loss_bbox=0.0112  loss_depth=1.3212  loss_center=0.0064
[2026-08-21 05:10:53] INFO Epoch[121] [370/371]  total=8.4334  loss_ce=0.1220  loss_bbox=0.0317  loss_depth=-0.3230  loss_center=0.0088
[2026-08-21 05:10:54] INFO Epoch [121/249] avg_loss=11.9720  time=406.6s  lr=2.00e-05
[2026-08-21 05:10:54] INFO Checkpoint saved after epoch 121
[2026-08-21 05:16:29] INFO ==> Loading detections and GTs...
[2026-08-21 05:16:30] INFO ==> Evaluating (official)...
[2026-08-21 05:18:22] INFO Pedestrian AP@0.50, 0.50, 0.50:
bbox AP:62.6592, 55.3089, 47.8069
bev  AP:15.4376, 14.9297, 12.7645
3d   AP:13.9753, 12.3659, 12.1352
aos  AP:53.99, 47.54, 40.85
Pedestrian AP_R40@0.50, 0.50, 0.50:
bbox AP:62.1445, 53.8372, 45.4116
bev  AP:9.2220, 7.8881, 6.5625
3d   AP:7.1819, 6.1632, 4.9446
aos  AP:52.50, 45.12, 37.93
Pedestrian AP@0.50, 0.25, 0.25:
bbox AP:62.6592, 55.3089, 47.8069
bev  AP:30.2043, 26.1332, 21.1199
3d   AP:29.7174, 25.6674, 20.9676
aos  AP:53.99, 47.54, 40.85
Pedestrian AP_R40@0.50, 0.25, 0.25:
bbox AP:62.1445, 53.8372, 45.4116
bev  AP:26.3089, 22.5907, 17.7897
3d   AP:25.6539, 21.2442, 17.3692
aos  AP:52.50, 45.12, 37.93

[2026-08-21 05:20:14] INFO Car AP@0.70, 0.70, 0.70:
bbox AP:80.8687, 73.5610, 66.0910
bev  AP:22.7025, 17.8090, 16.5728
3d   AP:15.9124, 13.7911, 12.3164
aos  AP:79.31, 70.60, 62.51
Car AP_R40@0.70, 0.70, 0.70:
bbox AP:83.0778, 75.1419, 68.8538
bev  AP:17.0477, 12.7815, 10.9028
3d   AP:8.9391, 6.9054, 5.8779
aos  AP:81.31, 71.89, 64.60
Car AP@0.70, 0.50, 0.50:
bbox AP:80.8687, 73.5610, 66.0910
bev  AP:47.5836, 38.4894, 33.4291
3d   AP:43.8044, 33.2924, 30.8983
aos  AP:79.31, 70.60, 62.51
Car AP_R40@0.70, 0.50, 0.50:
bbox AP:83.0778, 75.1419, 68.8538
bev  AP:46.8026, 34.9134, 30.7312
3d   AP:41.2162, 30.2947, 26.3706
aos  AP:81.31, 71.89, 64.60

[2026-08-21 05:22:05] INFO Cyclist AP@0.50, 0.50, 0.50:
bbox AP:43.4996, 28.4270, 25.4152
bev  AP:10.9222, 9.9020, 9.9327
3d   AP:10.6525, 9.8175, 9.0909
aos  AP:33.09, 21.41, 19.59
Cyclist AP_R40@0.50, 0.50, 0.50:
bbox AP:41.8674, 24.3179, 23.1023
bev  AP:2.9049, 1.5840, 1.5601
3d   AP:2.3489, 1.3630, 1.0929
aos  AP:31.81, 18.44, 17.67
Cyclist AP@0.50, 0.25, 0.25:
bbox AP:43.4996, 28.4270, 25.4152
bev  AP:18.2596, 13.9595, 12.7273
3d   AP:17.9103, 13.9640, 12.6560
aos  AP:33.09, 21.41, 19.59
Cyclist AP_R40@0.50, 0.25, 0.25:
bbox AP:41.8674, 24.3179, 23.1023
bev  AP:11.7364, 6.6994, 6.0355
3d   AP:11.4252, 6.5685, 5.8757
aos  AP:31.81, 18.44, 17.67

[2026-08-21 05:22:05] INFO   Val Car Moderate mAP: 6.9054
[2026-08-21 05:22:05] INFO   Best: 8.8293 @ epoch 112
[2026-08-21 05:22:46] INFO Epoch[122] [37/371]  total=6.6490  loss_ce=0.0330  loss_bbox=0.0057  loss_depth=0.2674  loss_center=0.0021
[2026-08-21 05:23:26] INFO Epoch[122] [74/371]  total=5.5807  loss_ce=0.0380  loss_bbox=0.0087  loss_depth=-0.0666  loss_center=0.0044
[2026-08-21 05:24:07] INFO Epoch[122] [111/371]  total=7.5973  loss_ce=0.0453  loss_bbox=0.0154  loss_depth=0.1591  loss_center=0.0054
[2026-08-21 05:24:47] INFO Epoch[122] [148/371]  total=1.5753  loss_ce=0.0075  loss_bbox=0.0032  loss_depth=-0.1101  loss_center=0.0023
[2026-08-21 05:25:28] INFO Epoch[122] [185/371]  total=21.9490  loss_ce=0.1107  loss_bbox=0.0163  loss_depth=1.6819  loss_center=0.0075
[2026-08-21 05:26:09] INFO Epoch[122] [222/371]  total=1.3749  loss_ce=0.0082  loss_bbox=0.0053  loss_depth=-0.1346  loss_center=0.0014
[2026-08-21 05:26:49] INFO Epoch[122] [259/371]  total=1.6845  loss_ce=0.0071  loss_bbox=0.0027  loss_depth=-0.0532  loss_center=0.0014
[2026-08-21 05:27:30] INFO Epoch[122] [296/371]  total=23.3948  loss_ce=0.1278  loss_bbox=0.0195  loss_depth=1.2159  loss_center=0.0093
[2026-08-21 05:28:10] INFO Epoch[122] [333/371]  total=20.0706  loss_ce=0.1081  loss_bbox=0.0292  loss_depth=1.0431  loss_center=0.0139
[2026-08-21 05:28:50] INFO Epoch[122] [370/371]  total=4.1775  loss_ce=0.0189  loss_bbox=0.0048  loss_depth=-0.1017  loss_center=0.0018
[2026-08-21 05:28:52] INFO Epoch [122/249] avg_loss=10.8754  time=406.2s  lr=2.00e-05
[2026-08-21 05:28:52] INFO Checkpoint saved after epoch 122
[2026-08-21 05:34:26] INFO ==> Loading detections and GTs...
[2026-08-21 05:34:27] INFO ==> Evaluating (official)...
[2026-08-21 05:36:13] INFO Pedestrian AP@0.50, 0.50, 0.50:
bbox AP:63.1884, 55.5084, 48.1199
bev  AP:11.9753, 10.9754, 8.3888
3d   AP:10.4902, 9.6543, 7.6619
aos  AP:53.02, 46.08, 39.68
Pedestrian AP_R40@0.50, 0.50, 0.50:
bbox AP:61.0758, 52.6240, 45.7812
bev  AP:9.8564, 8.7717, 6.8195
3d   AP:7.8723, 6.8923, 5.2605
aos  AP:50.66, 43.44, 37.51
Pedestrian AP@0.50, 0.25, 0.25:
bbox AP:63.1884, 55.5084, 48.1199
bev  AP:31.6367, 27.1737, 24.8741
3d   AP:31.4944, 27.0939, 24.8128
aos  AP:53.02, 46.08, 39.68
Pedestrian AP_R40@0.50, 0.25, 0.25:
bbox AP:61.0758, 52.6240, 45.7812
bev  AP:28.2347, 23.5769, 19.6881
3d   AP:28.1084, 23.4846, 19.5960
aos  AP:50.66, 43.44, 37.51

[2026-08-21 05:38:00] INFO Car AP@0.70, 0.70, 0.70:
bbox AP:82.3084, 74.3309, 66.7150
bev  AP:25.4956, 20.8258, 17.8966
3d   AP:13.3850, 15.2236, 14.3415
aos  AP:80.74, 71.47, 63.21
Car AP_R40@0.70, 0.70, 0.70:
bbox AP:84.6449, 76.0717, 69.5914
bev  AP:20.4134, 15.3362, 13.1499
3d   AP:11.4693, 8.7301, 7.4005
aos  AP:82.88, 72.92, 65.44
Car AP@0.70, 0.50, 0.50:
bbox AP:82.3084, 74.3309, 66.7150
bev  AP:52.4051, 40.7302, 35.1850
3d   AP:46.9632, 35.3700, 33.0820
aos  AP:80.74, 71.47, 63.21
Car AP_R40@0.70, 0.50, 0.50:
bbox AP:84.6449, 76.0717, 69.5914
bev  AP:50.3505, 37.9424, 33.7127
3d   AP:46.1667, 33.6127, 29.4465
aos  AP:82.88, 72.92, 65.44

[2026-08-21 05:39:46] INFO Cyclist AP@0.50, 0.50, 0.50:
bbox AP:43.5998, 28.7734, 25.8137
bev  AP:6.5657, 5.3159, 5.3299
3d   AP:6.1772, 5.2696, 5.2838
aos  AP:35.30, 23.92, 21.82
Cyclist AP_R40@0.50, 0.50, 0.50:
bbox AP:42.2341, 24.6358, 23.3133
bev  AP:3.0977, 1.7886, 1.6798
3d   AP:2.7963, 1.5515, 1.4727
aos  AP:32.28, 18.59, 17.67
Cyclist AP@0.50, 0.25, 0.25:
bbox AP:43.5998, 28.7734, 25.8137
bev  AP:13.1108, 9.3906, 7.8714
3d   AP:12.5231, 9.0543, 7.6803
aos  AP:35.30, 23.92, 21.82
Cyclist AP_R40@0.50, 0.25, 0.25:
bbox AP:42.2341, 24.6358, 23.3133
bev  AP:10.8374, 6.1133, 5.5110
3d   AP:10.1892, 5.7656, 5.3215
aos  AP:32.28, 18.59, 17.67

[2026-08-21 05:39:46] INFO   Val Car Moderate mAP: 8.7301
[2026-08-21 05:39:46] INFO   Best: 8.8293 @ epoch 112
[2026-08-21 05:40:27] INFO Epoch[123] [37/371]  total=3.2683  loss_ce=0.0132  loss_bbox=0.0069  loss_depth=0.0087  loss_center=0.0036
[2026-08-21 05:41:07] INFO Epoch[123] [74/371]  total=11.5437  loss_ce=0.0694  loss_bbox=0.0177  loss_depth=0.3604  loss_center=0.0089
[2026-08-21 05:41:48] INFO Epoch[123] [111/371]  total=5.3734  loss_ce=0.0632  loss_bbox=0.0101  loss_depth=-0.0038  loss_center=0.0024
[2026-08-21 05:42:28] INFO Epoch[123] [148/371]  total=16.0351  loss_ce=0.0867  loss_bbox=0.0139  loss_depth=1.1517  loss_center=0.0087
[2026-08-21 05:43:09] INFO Epoch[123] [185/371]  total=16.9043  loss_ce=0.0980  loss_bbox=0.0155  loss_depth=1.2991  loss_center=0.0064
[2026-08-21 05:43:50] INFO Epoch[123] [222/371]  total=32.6254  loss_ce=0.2121  loss_bbox=0.0452  loss_depth=2.7574  loss_center=0.0186
[2026-08-21 05:44:30] INFO Epoch[123] [259/371]  total=4.4479  loss_ce=0.0167  loss_bbox=0.0031  loss_depth=0.1469  loss_center=0.0031
[2026-08-21 05:45:11] INFO Epoch[123] [296/371]  total=7.9405  loss_ce=0.0384  loss_bbox=0.0093  loss_depth=0.3502  loss_center=0.0050
[2026-08-21 05:45:51] INFO Epoch[123] [333/371]  total=4.1789  loss_ce=0.0087  loss_bbox=0.0023  loss_depth=0.2558  loss_center=0.0011
[2026-08-21 05:46:32] INFO Epoch[123] [370/371]  total=10.7474  loss_ce=0.0328  loss_bbox=0.0222  loss_depth=-0.0045  loss_center=0.0103
[2026-08-21 05:46:33] INFO Epoch [123/249] avg_loss=11.8199  time=406.7s  lr=2.00e-05
[2026-08-21 05:46:34] INFO Checkpoint saved after epoch 123
[2026-08-21 05:52:09] INFO ==> Loading detections and GTs...
[2026-08-21 05:52:09] INFO ==> Evaluating (official)...
[2026-08-21 05:53:52] INFO Pedestrian AP@0.50, 0.50, 0.50:
bbox AP:63.9395, 56.3350, 48.7401
bev  AP:15.6514, 14.9677, 12.8342
3d   AP:14.8596, 12.6139, 12.4516
aos  AP:54.30, 47.74, 41.23
Pedestrian AP_R40@0.50, 0.50, 0.50:
bbox AP:62.1991, 53.5154, 46.5434
bev  AP:8.8076, 7.7104, 5.9076
3d   AP:7.7845, 6.5434, 5.3904
aos  AP:51.91, 44.49, 38.43
Pedestrian AP@0.50, 0.25, 0.25:
bbox AP:63.9395, 56.3350, 48.7401
bev  AP:32.0320, 27.4047, 25.3055
3d   AP:31.2474, 26.8734, 21.6011
aos  AP:54.30, 47.74, 41.23
Pedestrian AP_R40@0.50, 0.25, 0.25:
bbox AP:62.1991, 53.5154, 46.5434
bev  AP:28.8590, 24.1179, 20.0855
3d   AP:27.2945, 23.3902, 18.4931
aos  AP:51.91, 44.49, 38.43

[2026-08-21 05:55:36] INFO Car AP@0.70, 0.70, 0.70:
bbox AP:83.2240, 74.9751, 67.2526
bev  AP:20.0070, 20.0645, 17.2944
3d   AP:12.3787, 14.6881, 14.0036
aos  AP:81.61, 72.21, 63.78
Car AP_R40@0.70, 0.70, 0.70:
bbox AP:84.2302, 76.8121, 70.2596
bev  AP:18.3250, 13.9872, 11.7225
3d   AP:10.1486, 7.9945, 6.7926
aos  AP:82.52, 73.72, 66.15
Car AP@0.70, 0.50, 0.50:
bbox AP:83.2240, 74.9751, 67.2526
bev  AP:52.1302, 40.3980, 35.1014
3d   AP:46.6190, 35.1582, 33.0774
aos  AP:81.61, 72.21, 63.78
Car AP_R40@0.70, 0.50, 0.50:
bbox AP:84.2302, 76.8121, 70.2596
bev  AP:49.8329, 37.6867, 32.4762
3d   AP:44.9002, 33.3824, 29.2964
aos  AP:82.52, 73.72, 66.15

[2026-08-21 05:57:18] INFO Cyclist AP@0.50, 0.50, 0.50:
bbox AP:42.9245, 25.8857, 25.3076
bev  AP:12.2476, 9.9872, 10.0016
3d   AP:11.9375, 9.9552, 9.9696
aos  AP:32.34, 19.69, 18.76
Cyclist AP_R40@0.50, 0.50, 0.50:
bbox AP:40.2925, 23.0373, 22.5563
bev  AP:3.9970, 2.2131, 1.7980
3d   AP:3.6970, 1.8631, 1.7225
aos  AP:30.33, 17.40, 16.94
Cyclist AP@0.50, 0.25, 0.25:
bbox AP:42.9245, 25.8857, 25.3076
bev  AP:18.5119, 14.1261, 12.7764
3d   AP:18.1764, 13.9474, 12.7273
aos  AP:32.34, 19.69, 18.76
Cyclist AP_R40@0.50, 0.25, 0.25:
bbox AP:40.2925, 23.0373, 22.5563
bev  AP:12.5350, 6.6951, 6.1005
3d   AP:12.1466, 6.5337, 6.0081
aos  AP:30.33, 17.40, 16.94

[2026-08-21 05:57:18] INFO   Val Car Moderate mAP: 7.9945
[2026-08-21 05:57:19] INFO   Best: 8.8293 @ epoch 112
[2026-08-21 05:57:59] INFO Epoch[124] [37/371]  total=1.3847  loss_ce=0.0030  loss_bbox=0.0042  loss_depth=-0.0013  loss_center=0.0023
[2026-08-21 05:58:39] INFO Epoch[124] [74/371]  total=8.3823  loss_ce=0.0414  loss_bbox=0.0076  loss_depth=0.3303  loss_center=0.0060
[2026-08-21 05:59:20] INFO Epoch[124] [111/371]  total=10.7054  loss_ce=0.0470  loss_bbox=0.0168  loss_depth=0.5351  loss_center=0.0072
[2026-08-21 06:00:01] INFO Epoch[124] [148/371]  total=16.4741  loss_ce=0.0607  loss_bbox=0.0193  loss_depth=1.2720  loss_center=0.0122
[2026-08-21 06:00:41] INFO Epoch[124] [185/371]  total=5.5181  loss_ce=0.0384  loss_bbox=0.0039  loss_depth=0.3874  loss_center=0.0018
[2026-08-21 06:01:22] INFO Epoch[124] [222/371]  total=6.2103  loss_ce=0.0626  loss_bbox=0.0080  loss_depth=0.1827  loss_center=0.0040
[2026-08-21 06:02:02] INFO Epoch[124] [259/371]  total=12.2755  loss_ce=0.0979  loss_bbox=0.0118  loss_depth=0.5049  loss_center=0.0055
[2026-08-21 06:02:43] INFO Epoch[124] [296/371]  total=6.1270  loss_ce=0.0218  loss_bbox=0.0127  loss_depth=0.1918  loss_center=0.0050
[2026-08-21 06:03:23] INFO Epoch[124] [333/371]  total=9.3604  loss_ce=0.0906  loss_bbox=0.0121  loss_depth=0.3504  loss_center=0.0077
[2026-08-21 06:04:04] INFO Epoch[124] [370/371]  total=0.8383  loss_ce=0.0007  loss_bbox=0.0004  loss_depth=0.0141  loss_center=0.0002
[2026-08-21 06:04:05] INFO Epoch [124/249] avg_loss=11.6665  time=406.2s  lr=2.00e-05
[2026-08-21 06:04:05] INFO Checkpoint saved after epoch 124
[2026-08-21 06:09:42] INFO ==> Loading detections and GTs...
[2026-08-21 06:09:43] INFO ==> Evaluating (official)...
[2026-08-21 06:11:31] INFO Pedestrian AP@0.50, 0.50, 0.50:
bbox AP:63.1521, 55.5852, 48.1598
bev  AP:15.5005, 14.7034, 12.7106
3d   AP:9.6937, 7.8087, 7.5241
aos  AP:53.84, 47.27, 40.83
Pedestrian AP_R40@0.50, 0.50, 0.50:
bbox AP:61.1166, 52.6048, 45.8368
bev  AP:8.5414, 7.4672, 5.7358
3d   AP:7.4878, 6.2869, 5.1527
aos  AP:51.15, 43.77, 37.83
Pedestrian AP@0.50, 0.25, 0.25:
bbox AP:63.1521, 55.5852, 48.1598
bev  AP:31.0308, 26.7160, 24.5953
3d   AP:30.2098, 25.9529, 20.9458
aos  AP:53.84, 47.27, 40.83
Pedestrian AP_R40@0.50, 0.25, 0.25:
bbox AP:61.1166, 52.6048, 45.8368
bev  AP:26.9923, 23.1551, 19.3550
3d   AP:25.8393, 21.2581, 17.7177
aos  AP:51.15, 43.77, 37.83

[2026-08-21 06:13:19] INFO Car AP@0.70, 0.70, 0.70:
bbox AP:82.2467, 73.9710, 66.3438
bev  AP:24.7122, 20.5333, 17.6770
3d   AP:12.9669, 14.9560, 14.1986
aos  AP:80.82, 71.36, 63.00
Car AP_R40@0.70, 0.70, 0.70:
bbox AP:84.7274, 75.7374, 69.2743
bev  AP:19.5184, 14.7688, 12.2752
3d   AP:10.7863, 8.4556, 7.2159
aos  AP:83.13, 72.84, 65.32
Car AP@0.70, 0.50, 0.50:
bbox AP:82.2467, 73.9710, 66.3438
bev  AP:52.4286, 40.0421, 34.8933
3d   AP:46.6989, 35.0802, 32.8101
aos  AP:80.82, 71.36, 63.00
Car AP_R40@0.70, 0.50, 0.50:
bbox AP:84.7274, 75.7374, 69.2743
bev  AP:49.9985, 36.5607, 32.2720
3d   AP:44.9689, 33.3423, 29.1581
aos  AP:83.13, 72.84, 65.32

[2026-08-21 06:15:07] INFO Cyclist AP@0.50, 0.50, 0.50:
bbox AP:41.6143, 27.5009, 27.5741
bev  AP:6.5035, 5.3353, 5.3494
3d   AP:6.3767, 5.2888, 5.3030
aos  AP:34.02, 23.03, 23.09
Cyclist AP_R40@0.50, 0.50, 0.50:
bbox AP:40.6435, 23.0761, 22.8669
bev  AP:3.0098, 1.6835, 1.5940
3d   AP:2.7191, 1.5543, 1.4122
aos  AP:31.12, 17.71, 17.56
Cyclist AP@0.50, 0.25, 0.25:
bbox AP:41.6143, 27.5009, 27.5741
bev  AP:12.4544, 9.2870, 8.9275
3d   AP:11.7811, 8.0271, 7.3427
aos  AP:34.02, 23.03, 23.09
Cyclist AP_R40@0.50, 0.25, 0.25:
bbox AP:40.6435, 23.0761, 22.8669
bev  AP:10.1222, 5.8844, 5.7214
3d   AP:9.4216, 5.3172, 4.9255
aos  AP:31.12, 17.71, 17.56

[2026-08-21 06:15:07] INFO   Val Car Moderate mAP: 8.4556
[2026-08-21 06:15:08] INFO   Best: 8.8293 @ epoch 112
[2026-08-21 06:15:49] INFO Epoch[125] [37/371]  total=14.3944  loss_ce=0.0884  loss_bbox=0.0110  loss_depth=1.0418  loss_center=0.0071
[2026-08-21 06:16:29] INFO Epoch[125] [74/371]  total=0.0025  loss_ce=0.0001  loss_bbox=0.0000  loss_depth=0.0000  loss_center=0.0000
[2026-08-21 06:17:10] INFO Epoch[125] [111/371]  total=11.4492  loss_ce=0.0410  loss_bbox=0.0069  loss_depth=1.2004  loss_center=0.0032
[2026-08-21 06:17:51] INFO Epoch[125] [148/371]  total=25.4831  loss_ce=0.1181  loss_bbox=0.0211  loss_depth=1.7206  loss_center=0.0130
[2026-08-21 06:18:31] INFO Epoch[125] [185/371]  total=17.1220  loss_ce=0.0515  loss_bbox=0.0147  loss_depth=1.3418  loss_center=0.0115
[2026-08-21 06:19:12] INFO Epoch[125] [222/371]  total=4.5431  loss_ce=0.0156  loss_bbox=0.0055  loss_depth=0.2974  loss_center=0.0025
[2026-08-21 06:19:52] INFO Epoch[125] [259/371]  total=5.4279  loss_ce=0.0384  loss_bbox=0.0054  loss_depth=0.2112  loss_center=0.0033
[2026-08-21 06:20:32] INFO Epoch[125] [296/371]  total=2.2157  loss_ce=0.0028  loss_bbox=0.0073  loss_depth=-0.1319  loss_center=0.0019
[2026-08-21 06:21:13] INFO Epoch[125] [333/371]  total=11.8624  loss_ce=0.0542  loss_bbox=0.0137  loss_depth=0.7043  loss_center=0.0084
[2026-08-21 06:21:53] INFO Epoch[125] [370/371]  total=17.9491  loss_ce=0.0764  loss_bbox=0.0115  loss_depth=1.1760  loss_center=0.0069
[2026-08-21 06:21:55] INFO Epoch [125/249] avg_loss=10.5005  time=406.7s  lr=2.00e-05
[2026-08-21 06:21:55] INFO Checkpoint saved after epoch 125
[2026-08-21 06:27:31] INFO ==> Loading detections and GTs...
[2026-08-21 06:27:32] INFO ==> Evaluating (official)...
[2026-08-21 06:29:25] INFO Pedestrian AP@0.50, 0.50, 0.50:
bbox AP:62.2580, 55.0355, 47.4563
bev  AP:15.2427, 14.3023, 12.6011
3d   AP:14.6080, 14.0455, 12.1878
aos  AP:52.65, 46.42, 39.87
Pedestrian AP_R40@0.50, 0.50, 0.50:
bbox AP:62.6559, 54.7793, 46.5696
bev  AP:8.6339, 7.2464, 6.1309
3d   AP:7.5606, 6.6480, 5.1243
aos  AP:51.60, 44.92, 37.94
Pedestrian AP@0.50, 0.25, 0.25:
bbox AP:62.2580, 55.0355, 47.4563
bev  AP:31.0124, 26.3461, 24.2883
3d   AP:30.5049, 26.1194, 23.7869
aos  AP:52.65, 46.42, 39.87
Pedestrian AP_R40@0.50, 0.25, 0.25:
bbox AP:62.6559, 54.7793, 46.5696
bev  AP:27.1288, 23.6893, 19.1346
3d   AP:26.7072, 22.5728, 18.7300
aos  AP:51.60, 44.92, 37.94

[2026-08-21 06:31:20] INFO Car AP@0.70, 0.70, 0.70:
bbox AP:80.8855, 73.0069, 71.7514
bev  AP:22.7591, 20.7583, 17.8672
3d   AP:12.9459, 14.9009, 14.1810
aos  AP:79.56, 70.45, 67.77
Car AP_R40@0.70, 0.70, 0.70:
bbox AP:83.1239, 74.5867, 70.0500
bev  AP:20.8412, 15.2715, 13.2118
3d   AP:10.9285, 8.4700, 7.2083
aos  AP:81.64, 71.76, 66.00
Car AP@0.70, 0.50, 0.50:
bbox AP:80.8855, 73.0069, 71.7514
bev  AP:51.7515, 39.6100, 34.6479
3d   AP:46.5281, 34.7811, 32.4634
aos  AP:79.56, 70.45, 67.77
Car AP_R40@0.70, 0.50, 0.50:
bbox AP:83.1239, 74.5867, 70.0500
bev  AP:49.6362, 36.2309, 31.9810
3d   AP:44.8726, 32.9787, 28.8689
aos  AP:81.64, 71.76, 66.00

[2026-08-21 06:33:13] INFO Cyclist AP@0.50, 0.50, 0.50:
bbox AP:41.1693, 26.8970, 26.4212
bev  AP:12.2837, 10.0102, 9.9087
3d   AP:12.2397, 9.8302, 9.7744
aos  AP:32.25, 20.83, 20.45
Cyclist AP_R40@0.50, 0.50, 0.50:
bbox AP:39.6668, 22.6270, 22.1008
bev  AP:4.2889, 2.2587, 2.1826
3d   AP:3.9487, 2.1554, 2.1263
aos  AP:30.94, 17.56, 17.14
Cyclist AP@0.50, 0.25, 0.25:
bbox AP:41.1693, 26.8970, 26.4212
bev  AP:18.3173, 14.1491, 13.7798
3d   AP:17.6842, 13.6234, 13.5272
aos  AP:32.25, 20.83, 20.45
Cyclist AP_R40@0.50, 0.25, 0.25:
bbox AP:39.6668, 22.6270, 22.1008
bev  AP:12.1355, 6.9541, 6.3625
3d   AP:10.8233, 6.1348, 5.9753
aos  AP:30.94, 17.56, 17.14

[2026-08-21 06:33:13] INFO   Val Car Moderate mAP: 8.4700
[2026-08-21 06:33:13] INFO   Best: 8.8293 @ epoch 112
[2026-08-21 06:33:54] INFO Epoch[126] [37/371]  total=6.1693  loss_ce=0.0126  loss_bbox=0.0028  loss_depth=0.4003  loss_center=0.0023
[2026-08-21 06:34:34] INFO Epoch[126] [74/371]  total=4.8527  loss_ce=0.0447  loss_bbox=0.0080  loss_depth=0.0696  loss_center=0.0033
[2026-08-21 06:35:16] INFO Epoch[126] [111/371]  total=13.6772  loss_ce=0.0802  loss_bbox=0.0167  loss_depth=0.4633  loss_center=0.0093
[2026-08-21 06:35:57] INFO Epoch[126] [148/371]  total=25.3308  loss_ce=0.1216  loss_bbox=0.0270  loss_depth=2.5846  loss_center=0.0111
[2026-08-21 06:36:39] INFO Epoch[126] [185/371]  total=14.9737  loss_ce=0.0584  loss_bbox=0.0209  loss_depth=1.0347  loss_center=0.0116
[2026-08-21 06:37:20] INFO Epoch[126] [222/371]  total=16.7972  loss_ce=0.0758  loss_bbox=0.0214  loss_depth=1.0256  loss_center=0.0112
[2026-08-21 06:38:01] INFO Epoch[126] [259/371]  total=20.5248  loss_ce=0.1526  loss_bbox=0.0206  loss_depth=1.3734  loss_center=0.0095
[2026-08-21 06:38:42] INFO Epoch[126] [296/371]  total=3.6838  loss_ce=0.0215  loss_bbox=0.0097  loss_depth=-0.2495  loss_center=0.0041
[2026-08-21 06:39:23] INFO Epoch[126] [333/371]  total=23.0289  loss_ce=0.1395  loss_bbox=0.0313  loss_depth=0.8469  loss_center=0.0166
[2026-08-21 06:40:05] INFO Epoch[126] [370/371]  total=23.8372  loss_ce=0.0826  loss_bbox=0.0198  loss_depth=1.0320  loss_center=0.0109
[2026-08-21 06:40:06] INFO Epoch [126/249] avg_loss=11.1941  time=412.9s  lr=2.00e-05
[2026-08-21 06:40:06] INFO Checkpoint saved after epoch 126
[2026-08-21 06:45:42] INFO ==> Loading detections and GTs...
[2026-08-21 06:45:42] INFO ==> Evaluating (official)...
[2026-08-21 06:47:33] INFO Pedestrian AP@0.50, 0.50, 0.50:
bbox AP:62.6706, 55.2288, 47.6798
bev  AP:10.6045, 10.0357, 8.0627
3d   AP:9.9311, 9.3203, 7.1802
aos  AP:52.21, 45.85, 39.57
Pedestrian AP_R40@0.50, 0.50, 0.50:
bbox AP:61.9412, 53.7753, 46.9571
bev  AP:8.9340, 7.5358, 6.3308
3d   AP:8.0977, 6.7456, 5.1637
aos  AP:51.14, 44.17, 38.32
Pedestrian AP@0.50, 0.25, 0.25:
bbox AP:62.6706, 55.2288, 47.6798
bev  AP:31.7096, 27.0357, 24.7463
3d   AP:31.0868, 26.6302, 24.3526
aos  AP:52.21, 45.85, 39.57
Pedestrian AP_R40@0.50, 0.25, 0.25:
bbox AP:61.9412, 53.7753, 46.9571
bev  AP:28.3533, 23.7109, 19.7064
3d   AP:27.8639, 23.2280, 19.3141
aos  AP:51.14, 44.17, 38.32

[2026-08-21 06:49:23] INFO Car AP@0.70, 0.70, 0.70:
bbox AP:82.5474, 73.8501, 66.1879
bev  AP:25.7060, 20.7702, 17.8078
3d   AP:13.2668, 14.9900, 14.1396
aos  AP:81.06, 71.27, 62.94
Car AP_R40@0.70, 0.70, 0.70:
bbox AP:84.7340, 75.5666, 69.0589
bev  AP:20.9152, 15.2301, 12.5036
3d   AP:11.1857, 8.4946, 7.1656
aos  AP:83.09, 72.69, 65.18
Car AP@0.70, 0.50, 0.50:
bbox AP:82.5474, 73.8501, 66.1879
bev  AP:52.7058, 40.0782, 34.9106
3d   AP:47.3390, 35.1049, 32.6011
aos  AP:81.06, 71.27, 62.94
Car AP_R40@0.70, 0.50, 0.50:
bbox AP:84.7340, 75.5666, 69.0589
bev  AP:50.5517, 36.7915, 32.3206
3d   AP:45.5727, 33.4111, 29.0676
aos  AP:83.09, 72.69, 65.18

[2026-08-21 06:51:13] INFO Cyclist AP@0.50, 0.50, 0.50:
bbox AP:42.1671, 27.6133, 27.7410
bev  AP:11.8904, 9.9077, 9.6916
3d   AP:10.7331, 9.6026, 9.6215
aos  AP:33.40, 21.53, 21.61
Cyclist AP_R40@0.50, 0.50, 0.50:
bbox AP:40.9396, 23.2757, 23.2767
bev  AP:3.6713, 2.0219, 1.7863
3d   AP:2.7026, 1.4547, 1.3646
aos  AP:32.25, 18.25, 18.26
Cyclist AP@0.50, 0.25, 0.25:
bbox AP:42.1671, 27.6133, 27.7410
bev  AP:17.8320, 13.6421, 13.5805
3d   AP:17.6141, 13.6063, 13.4992
aos  AP:33.40, 21.53, 21.61
Cyclist AP_R40@0.50, 0.25, 0.25:
bbox AP:40.9396, 23.2757, 23.2767
bev  AP:11.0661, 6.0184, 6.0372
3d   AP:10.8306, 5.9314, 5.8122
aos  AP:32.25, 18.25, 18.26

[2026-08-21 06:51:13] INFO   Val Car Moderate mAP: 8.4946
[2026-08-21 06:51:14] INFO   Best: 8.8293 @ epoch 112
[2026-08-21 06:51:55] INFO Epoch[127] [37/371]  total=4.0376  loss_ce=0.0186  loss_bbox=0.0076  loss_depth=0.0289  loss_center=0.0031
[2026-08-21 06:52:35] INFO Epoch[127] [74/371]  total=1.6882  loss_ce=0.0359  loss_bbox=0.0131  loss_depth=-0.4812  loss_center=0.0055
[2026-08-21 06:53:15] INFO Epoch[127] [111/371]  total=1.9893  loss_ce=0.0109  loss_bbox=0.0004  loss_depth=0.1109  loss_center=0.0007
[2026-08-21 06:53:56] INFO Epoch[127] [148/371]  total=11.4892  loss_ce=0.0565  loss_bbox=0.0141  loss_depth=0.5219  loss_center=0.0071
[2026-08-21 06:54:36] INFO Epoch[127] [185/371]  total=6.2234  loss_ce=0.0392  loss_bbox=0.0028  loss_depth=0.3120  loss_center=0.0033
[2026-08-21 06:55:17] INFO Epoch[127] [222/371]  total=10.3946  loss_ce=0.0325  loss_bbox=0.0043  loss_depth=0.7349  loss_center=0.0037
[2026-08-21 06:55:57] INFO Epoch[127] [259/371]  total=3.2597  loss_ce=0.0173  loss_bbox=0.0122  loss_depth=-0.0102  loss_center=0.0074
[2026-08-21 06:56:38] INFO Epoch[127] [296/371]  total=11.4989  loss_ce=0.0861  loss_bbox=0.0172  loss_depth=0.5959  loss_center=0.0098
[2026-08-21 06:57:18] INFO Epoch[127] [333/371]  total=41.8266  loss_ce=0.1702  loss_bbox=0.0371  loss_depth=3.3243  loss_center=0.0262
[2026-08-21 06:57:58] INFO Epoch[127] [370/371]  total=55.2562  loss_ce=0.3639  loss_bbox=0.0440  loss_depth=3.3408  loss_center=0.0318
[2026-08-21 06:58:00] INFO Epoch [127/249] avg_loss=11.8360  time=405.9s  lr=2.00e-05
[2026-08-21 06:58:00] INFO Checkpoint saved after epoch 127
[2026-08-21 07:03:34] INFO ==> Loading detections and GTs...
[2026-08-21 07:03:35] INFO ==> Evaluating (official)...
[2026-08-21 07:05:22] INFO Pedestrian AP@0.50, 0.50, 0.50:
bbox AP:63.1391, 55.6019, 48.1636
bev  AP:10.9797, 10.2172, 8.2844
3d   AP:9.0557, 7.6736, 6.9051
aos  AP:52.91, 46.59, 40.33
Pedestrian AP_R40@0.50, 0.50, 0.50:
bbox AP:62.4337, 54.1430, 45.7624
bev  AP:8.4183, 7.5087, 6.2866
3d   AP:7.1925, 5.9359, 4.8938
aos  AP:51.18, 44.16, 37.14
Pedestrian AP@0.50, 0.25, 0.25:
bbox AP:63.1391, 55.6019, 48.1636
bev  AP:31.2337, 26.9383, 24.7930
3d   AP:30.8280, 26.5529, 21.5684
aos  AP:52.91, 46.59, 40.33
Pedestrian AP_R40@0.50, 0.25, 0.25:
bbox AP:62.4337, 54.1430, 45.7624
bev  AP:28.1414, 23.4733, 19.4665
3d   AP:26.9964, 23.0793, 18.2923
aos  AP:51.18, 44.16, 37.14

[2026-08-21 07:07:09] INFO Car AP@0.70, 0.70, 0.70:
bbox AP:84.3344, 75.2239, 67.4518
bev  AP:21.2549, 18.5376, 17.1341
3d   AP:12.2517, 14.2986, 12.6672
aos  AP:82.80, 72.48, 64.07
Car AP_R40@0.70, 0.70, 0.70:
bbox AP:86.9944, 77.1444, 70.4736
bev  AP:18.8097, 13.8809, 11.7860
3d   AP:9.8931, 7.5367, 6.3730
aos  AP:85.27, 74.07, 66.45
Car AP@0.70, 0.50, 0.50:
bbox AP:84.3344, 75.2239, 67.4518
bev  AP:49.9248, 36.7246, 34.2850
3d   AP:45.5579, 34.4731, 31.7914
aos  AP:82.80, 72.48, 64.07
Car AP_R40@0.70, 0.50, 0.50:
bbox AP:86.9944, 77.1444, 70.4736
bev  AP:49.6515, 35.2506, 30.7990
3d   AP:43.8113, 31.6202, 27.4617
aos  AP:85.27, 74.07, 66.45

[2026-08-21 07:08:55] INFO Cyclist AP@0.50, 0.50, 0.50:
bbox AP:44.0419, 28.9409, 26.1539
bev  AP:10.7879, 9.6486, 9.6695
3d   AP:10.7766, 9.6375, 9.6584
aos  AP:34.35, 21.99, 19.66
Cyclist AP_R40@0.50, 0.50, 0.50:
bbox AP:42.1455, 24.5716, 23.3597
bev  AP:2.6837, 1.5014, 1.4452
3d   AP:2.6193, 1.4078, 1.3939
aos  AP:32.33, 18.71, 17.79
Cyclist AP@0.50, 0.25, 0.25:
bbox AP:44.0419, 28.9409, 26.1539
bev  AP:17.3738, 13.7813, 13.8040
3d   AP:17.0871, 13.7562, 13.7155
aos  AP:34.35, 21.99, 19.66
Cyclist AP_R40@0.50, 0.25, 0.25:
bbox AP:42.1455, 24.5716, 23.3597
bev  AP:10.4988, 6.0891, 5.8923
3d   AP:9.8667, 5.9474, 5.6443
aos  AP:32.33, 18.71, 17.79

[2026-08-21 07:08:55] INFO   Val Car Moderate mAP: 7.5367
[2026-08-21 07:08:55] INFO   Best: 8.8293 @ epoch 112
[2026-08-21 07:09:37] INFO Epoch[128] [37/371]  total=10.1885  loss_ce=0.0630  loss_bbox=0.0155  loss_depth=0.5167  loss_center=0.0063
[2026-08-21 07:10:19] INFO Epoch[128] [74/371]  total=5.9211  loss_ce=0.0170  loss_bbox=0.0040  loss_depth=0.3045  loss_center=0.0015
[2026-08-21 07:11:00] INFO Epoch[128] [111/371]  total=14.5898  loss_ce=0.0693  loss_bbox=0.0151  loss_depth=0.8925  loss_center=0.0073
[2026-08-21 07:11:42] INFO Epoch[128] [148/371]  total=20.2802  loss_ce=0.1515  loss_bbox=0.0150  loss_depth=1.5639  loss_center=0.0118
[2026-08-21 07:12:24] INFO Epoch[128] [185/371]  total=6.5592  loss_ce=0.0117  loss_bbox=0.0029  loss_depth=0.6870  loss_center=0.0015
[2026-08-21 07:13:06] INFO Epoch[128] [222/371]  total=1.7264  loss_ce=0.0023  loss_bbox=0.0051  loss_depth=-0.0727  loss_center=0.0036
[2026-08-21 07:13:47] INFO Epoch[128] [259/371]  total=18.1995  loss_ce=0.1612  loss_bbox=0.0323  loss_depth=0.3765  loss_center=0.0158
[2026-08-21 07:14:29] INFO Epoch[128] [296/371]  total=3.7720  loss_ce=0.0373  loss_bbox=0.0086  loss_depth=-0.1082  loss_center=0.0048
[2026-08-21 07:15:10] INFO Epoch[128] [333/371]  total=18.3454  loss_ce=0.1281  loss_bbox=0.0152  loss_depth=0.9047  loss_center=0.0135
[2026-08-21 07:15:52] INFO Epoch[128] [370/371]  total=12.8235  loss_ce=0.1235  loss_bbox=0.0256  loss_depth=0.4584  loss_center=0.0115
[2026-08-21 07:15:53] INFO Epoch [128/249] avg_loss=11.1809  time=417.3s  lr=2.00e-05
[2026-08-21 07:15:53] INFO Checkpoint saved after epoch 128
[2026-08-21 07:21:30] INFO ==> Loading detections and GTs...
[2026-08-21 07:21:30] INFO ==> Evaluating (official)...
[2026-08-21 07:23:20] INFO Pedestrian AP@0.50, 0.50, 0.50:
bbox AP:62.3294, 55.0171, 47.5306
bev  AP:11.4459, 10.2367, 8.6617
3d   AP:9.0315, 7.7935, 7.3045
aos  AP:52.88, 46.63, 40.14
Pedestrian AP_R40@0.50, 0.50, 0.50:
bbox AP:62.9277, 53.4615, 46.7766
bev  AP:8.3101, 7.3568, 6.1636
3d   AP:6.7281, 5.7256, 4.6071
aos  AP:52.27, 44.32, 38.32
Pedestrian AP@0.50, 0.25, 0.25:
bbox AP:62.3294, 55.0171, 47.5306
bev  AP:29.3069, 26.0345, 23.5987
3d   AP:28.7457, 25.5401, 20.4060
aos  AP:52.88, 46.63, 40.14
Pedestrian AP_R40@0.50, 0.25, 0.25:
bbox AP:62.9277, 53.4615, 46.7766
bev  AP:26.0131, 21.9206, 18.2646
3d   AP:24.7976, 21.3272, 17.0523
aos  AP:52.27, 44.32, 38.32

[2026-08-21 07:25:09] INFO Car AP@0.70, 0.70, 0.70:
bbox AP:83.1619, 74.8741, 67.0449
bev  AP:24.1083, 20.1209, 17.2075
3d   AP:16.8518, 14.3670, 12.6266
aos  AP:81.55, 72.16, 63.69
Car AP_R40@0.70, 0.70, 0.70:
bbox AP:85.5737, 76.7548, 70.0557
bev  AP:18.8745, 14.3657, 11.8362
3d   AP:10.1317, 8.1250, 6.5085
aos  AP:83.78, 73.72, 66.06
Car AP@0.70, 0.50, 0.50:
bbox AP:83.1619, 74.8741, 67.0449
bev  AP:49.0070, 39.6445, 34.4726
3d   AP:45.8414, 34.7606, 32.0687
aos  AP:81.55, 72.16, 63.69
Car AP_R40@0.70, 0.50, 0.50:
bbox AP:85.5737, 76.7548, 70.0557
bev  AP:48.8377, 37.1780, 31.8319
3d   AP:44.3599, 32.8602, 28.5626
aos  AP:83.78, 73.72, 66.06

[2026-08-21 07:26:59] INFO Cyclist AP@0.50, 0.50, 0.50:
bbox AP:45.4085, 29.7088, 29.0638
bev  AP:12.1165, 9.9802, 10.0098
3d   AP:11.2554, 9.8979, 9.9278
aos  AP:35.41, 22.84, 22.03
Cyclist AP_R40@0.50, 0.50, 0.50:
bbox AP:44.3907, 26.1307, 24.7549
bev  AP:3.9816, 2.0324, 1.9406
3d   AP:3.6144, 2.0097, 1.8551
aos  AP:34.00, 19.88, 18.80
Cyclist AP@0.50, 0.25, 0.25:
bbox AP:45.4085, 29.7088, 29.0638
bev  AP:18.6032, 14.0030, 13.9372
3d   AP:17.5015, 13.8690, 12.6560
aos  AP:35.41, 22.84, 22.03
Cyclist AP_R40@0.50, 0.25, 0.25:
bbox AP:44.3907, 26.1307, 24.7549
bev  AP:12.1363, 6.6545, 6.3615
3d   AP:10.6622, 6.2829, 5.4403
aos  AP:34.00, 19.88, 18.80

[2026-08-21 07:26:59] INFO   Val Car Moderate mAP: 8.1250
[2026-08-21 07:26:59] INFO   Best: 8.8293 @ epoch 112
[2026-08-21 07:27:40] INFO Epoch[129] [37/371]  total=5.1902  loss_ce=0.0237  loss_bbox=0.0045  loss_depth=0.3396  loss_center=0.0023
[2026-08-21 07:28:21] INFO Epoch[129] [74/371]  total=10.7814  loss_ce=0.0675  loss_bbox=0.0079  loss_depth=0.8678  loss_center=0.0037
[2026-08-21 07:29:01] INFO Epoch[129] [111/371]  total=21.1939  loss_ce=0.1097  loss_bbox=0.0356  loss_depth=0.9715  loss_center=0.0157
[2026-08-21 07:29:42] INFO Epoch[129] [148/371]  total=3.1580  loss_ce=0.0273  loss_bbox=0.0058  loss_depth=0.0470  loss_center=0.0025
[2026-08-21 07:30:23] INFO Epoch[129] [185/371]  total=10.0845  loss_ce=0.0439  loss_bbox=0.0165  loss_depth=0.2249  loss_center=0.0067
[2026-08-21 07:31:04] INFO Epoch[129] [222/371]  total=23.3192  loss_ce=0.1450  loss_bbox=0.0244  loss_depth=1.6269  loss_center=0.0151
[2026-08-21 07:31:45] INFO Epoch[129] [259/371]  total=5.7433  loss_ce=0.0188  loss_bbox=0.0104  loss_depth=0.2253  loss_center=0.0046
[2026-08-21 07:32:26] INFO Epoch[129] [296/371]  total=26.3916  loss_ce=0.1211  loss_bbox=0.0161  loss_depth=2.1259  loss_center=0.0129
[2026-08-21 07:33:07] INFO Epoch[129] [333/371]  total=6.2341  loss_ce=0.0315  loss_bbox=0.0054  loss_depth=0.3021  loss_center=0.0031
[2026-08-21 07:33:48] INFO Epoch[129] [370/371]  total=21.2735  loss_ce=0.1506  loss_bbox=0.0311  loss_depth=0.8316  loss_center=0.0170
[2026-08-21 07:33:49] INFO Epoch [129/249] avg_loss=11.5541  time=410.3s  lr=2.00e-05
[2026-08-21 07:33:50] INFO Checkpoint saved after epoch 129
[2026-08-21 07:39:24] INFO ==> Loading detections and GTs...
[2026-08-21 07:39:25] INFO ==> Evaluating (official)...
[2026-08-21 07:41:18] INFO Pedestrian AP@0.50, 0.50, 0.50:
bbox AP:61.8442, 54.6283, 47.2302
bev  AP:9.9728, 9.4776, 7.8333
3d   AP:8.3224, 7.1316, 6.6558
aos  AP:52.56, 46.27, 40.09
Pedestrian AP_R40@0.50, 0.50, 0.50:
bbox AP:62.2682, 52.9618, 46.2803
bev  AP:7.6824, 7.0008, 5.9737
3d   AP:6.2347, 5.6285, 4.6652
aos  AP:51.67, 43.96, 37.96
Pedestrian AP@0.50, 0.25, 0.25:
bbox AP:61.8442, 54.6283, 47.2302
bev  AP:29.5449, 25.4238, 23.5287
3d   AP:28.9731, 24.8986, 22.9848
aos  AP:52.56, 46.27, 40.09
Pedestrian AP_R40@0.50, 0.25, 0.25:
bbox AP:62.2682, 52.9618, 46.2803
bev  AP:25.2832, 21.3695, 17.9605
3d   AP:24.0792, 20.8882, 17.4279
aos  AP:51.67, 43.96, 37.96

[2026-08-21 07:43:13] INFO Car AP@0.70, 0.70, 0.70:
bbox AP:80.5129, 72.3705, 65.1100
bev  AP:19.8231, 17.8509, 16.6081
3d   AP:11.6817, 14.0311, 12.4277
aos  AP:79.22, 69.94, 62.00
Car AP_R40@0.70, 0.70, 0.70:
bbox AP:82.6199, 73.9315, 67.7340
bev  AP:17.4147, 12.9010, 11.0390
3d   AP:9.3837, 7.1839, 6.0670
aos  AP:81.19, 71.26, 64.02
Car AP@0.70, 0.50, 0.50:
bbox AP:80.5129, 72.3705, 65.1100
bev  AP:48.3944, 38.8306, 33.8249
3d   AP:44.3303, 33.7410, 31.1067
aos  AP:79.22, 69.94, 62.00
Car AP_R40@0.70, 0.50, 0.50:
bbox AP:82.6199, 73.9315, 67.7340
bev  AP:47.7045, 35.3762, 31.0612
3d   AP:41.8623, 31.5298, 26.6965
aos  AP:81.19, 71.26, 64.02

[2026-08-21 07:45:06] INFO Cyclist AP@0.50, 0.50, 0.50:
bbox AP:41.9642, 27.3034, 26.9541
bev  AP:7.0799, 5.2538, 5.1268
3d   AP:6.4738, 5.0779, 5.0967
aos  AP:34.42, 23.20, 22.63
Cyclist AP_R40@0.50, 0.50, 0.50:
bbox AP:39.7682, 22.9422, 22.2565
bev  AP:3.2431, 1.8105, 1.6335
3d   AP:2.9631, 1.5707, 1.5813
aos  AP:30.66, 17.72, 17.22
Cyclist AP@0.50, 0.25, 0.25:
bbox AP:41.9642, 27.3034, 26.9541
bev  AP:12.8248, 8.9667, 8.9175
3d   AP:12.4243, 8.7758, 8.7801
aos  AP:34.42, 23.20, 22.63
Cyclist AP_R40@0.50, 0.25, 0.25:
bbox AP:39.7682, 22.9422, 22.2565
bev  AP:10.5238, 5.9770, 5.7724
3d   AP:10.0460, 5.5794, 5.5589
aos  AP:30.66, 17.72, 17.22

[2026-08-21 07:45:07] INFO   Val Car Moderate mAP: 7.1839
[2026-08-21 07:45:07] INFO   Best: 8.8293 @ epoch 112
[2026-08-21 07:45:48] INFO Epoch[130] [37/371]  total=11.9554  loss_ce=0.0534  loss_bbox=0.0131  loss_depth=0.7912  loss_center=0.0079
[2026-08-21 07:46:28] INFO Epoch[130] [74/371]  total=7.8985  loss_ce=0.0286  loss_bbox=0.0068  loss_depth=0.4074  loss_center=0.0036
[2026-08-21 07:47:09] INFO Epoch[130] [111/371]  total=8.0449  loss_ce=0.0287  loss_bbox=0.0049  loss_depth=0.3621  loss_center=0.0048
[2026-08-21 07:47:50] INFO Epoch[130] [148/371]  total=11.1446  loss_ce=0.0722  loss_bbox=0.0226  loss_depth=0.6041  loss_center=0.0103
[2026-08-21 07:48:32] INFO Epoch[130] [185/371]  total=26.5132  loss_ce=0.1236  loss_bbox=0.0293  loss_depth=1.8689  loss_center=0.0178
[2026-08-21 07:49:14] INFO Epoch[130] [222/371]  total=19.0020  loss_ce=0.1084  loss_bbox=0.0157  loss_depth=1.5540  loss_center=0.0075
[2026-08-21 07:49:56] INFO Epoch[130] [259/371]  total=3.8167  loss_ce=0.0268  loss_bbox=0.0029  loss_depth=0.1490  loss_center=0.0011
[2026-08-21 07:50:37] INFO Epoch[130] [296/371]  total=2.3979  loss_ce=0.0177  loss_bbox=0.0012  loss_depth=0.0408  loss_center=0.0009
[2026-08-21 07:51:18] INFO Epoch[130] [333/371]  total=31.9224  loss_ce=0.1682  loss_bbox=0.0421  loss_depth=1.7433  loss_center=0.0212
[2026-08-21 07:51:59] INFO Epoch[130] [370/371]  total=5.7572  loss_ce=0.0322  loss_bbox=0.0053  loss_depth=0.3226  loss_center=0.0023
[2026-08-21 07:52:00] INFO Epoch [130/249] avg_loss=11.4465  time=413.5s  lr=2.00e-05
[2026-08-21 07:52:01] INFO Checkpoint saved after epoch 130
[2026-08-21 07:57:35] INFO ==> Loading detections and GTs...
[2026-08-21 07:57:36] INFO ==> Evaluating (official)...
[2026-08-21 07:59:22] INFO Pedestrian AP@0.50, 0.50, 0.50:
bbox AP:63.2715, 55.5744, 47.9542
bev  AP:10.6785, 9.8383, 7.9526
3d   AP:9.3238, 7.6272, 7.2438
aos  AP:54.37, 47.53, 40.96
Pedestrian AP_R40@0.50, 0.50, 0.50:
bbox AP:64.0738, 54.1569, 47.3142
bev  AP:8.6822, 7.2632, 6.1143
3d   AP:7.2434, 6.0211, 5.0555
aos  AP:53.80, 45.34, 39.29
Pedestrian AP@0.50, 0.25, 0.25:
bbox AP:63.2715, 55.5744, 47.9542
bev  AP:30.7528, 26.3551, 24.3683
3d   AP:29.2812, 25.4369, 20.5991
aos  AP:54.37, 47.53, 40.96
Pedestrian AP_R40@0.50, 0.25, 0.25:
bbox AP:64.0738, 54.1569, 47.3142
bev  AP:27.2995, 22.9002, 19.0693
3d   AP:24.9576, 21.7033, 17.2197
aos  AP:53.80, 45.34, 39.29

[2026-08-21 08:01:09] INFO Car AP@0.70, 0.70, 0.70:
bbox AP:81.6071, 73.2871, 65.9571
bev  AP:23.0120, 19.6058, 16.8971
3d   AP:15.9203, 13.8826, 12.3396
aos  AP:80.14, 70.66, 62.71
Car AP_R40@0.70, 0.70, 0.70:
bbox AP:83.9098, 75.0278, 68.7221
bev  AP:17.3986, 13.3537, 11.1899
3d   AP:8.8352, 6.9611, 5.9083
aos  AP:82.28, 72.10, 64.86
Car AP@0.70, 0.50, 0.50:
bbox AP:81.6071, 73.2871, 65.9571
bev  AP:52.3285, 39.8146, 34.7088
3d   AP:45.8944, 34.7427, 32.4147
aos  AP:80.14, 70.66, 62.71
Car AP_R40@0.70, 0.50, 0.50:
bbox AP:83.9098, 75.0278, 68.7221
bev  AP:50.1061, 36.3456, 32.0125
3d   AP:43.9195, 32.7130, 28.6203
aos  AP:82.28, 72.10, 64.86

[2026-08-21 08:02:55] INFO Cyclist AP@0.50, 0.50, 0.50:
bbox AP:44.5517, 29.7063, 25.8654
bev  AP:6.5982, 5.4774, 5.5114
3d   AP:6.5818, 5.4583, 5.4924
aos  AP:36.72, 24.77, 21.97
Cyclist AP_R40@0.50, 0.50, 0.50:
bbox AP:42.7432, 24.8604, 23.4698
bev  AP:3.3643, 1.8337, 1.7743
3d   AP:3.3090, 1.7620, 1.7612
aos  AP:33.35, 19.16, 18.25
Cyclist AP@0.50, 0.25, 0.25:
bbox AP:44.5517, 29.7063, 25.8654
bev  AP:13.3446, 9.3098, 9.4101
3d   AP:12.5236, 9.1600, 7.9545
aos  AP:36.72, 24.77, 21.97
Cyclist AP_R40@0.50, 0.25, 0.25:
bbox AP:42.7432, 24.8604, 23.4698
bev  AP:11.3158, 6.2675, 6.1598
3d   AP:9.8649, 5.9129, 5.3242
aos  AP:33.35, 19.16, 18.25

[2026-08-21 08:02:55] INFO   Val Car Moderate mAP: 6.9611
[2026-08-21 08:02:56] INFO   Best: 8.8293 @ epoch 112
[2026-08-21 08:03:36] INFO Epoch[131] [37/371]  total=10.8291  loss_ce=0.0750  loss_bbox=0.0073  loss_depth=1.0229  loss_center=0.0042
[2026-08-21 08:04:17] INFO Epoch[131] [74/371]  total=8.3812  loss_ce=0.1097  loss_bbox=0.0118  loss_depth=0.3096  loss_center=0.0047
[2026-08-21 08:04:57] INFO Epoch[131] [111/371]  total=4.2559  loss_ce=0.0220  loss_bbox=0.0071  loss_depth=0.2550  loss_center=0.0043
[2026-08-21 08:05:38] INFO Epoch[131] [148/371]  total=12.9554  loss_ce=0.1127  loss_bbox=0.0119  loss_depth=1.1632  loss_center=0.0059
[2026-08-21 08:06:19] INFO Epoch[131] [185/371]  total=4.6128  loss_ce=0.0154  loss_bbox=0.0038  loss_depth=0.2170  loss_center=0.0026
[2026-08-21 08:07:00] INFO Epoch[131] [222/371]  total=5.8930  loss_ce=0.0366  loss_bbox=0.0058  loss_depth=0.4261  loss_center=0.0027
[2026-08-21 08:07:41] INFO Epoch[131] [259/371]  total=13.9654  loss_ce=0.1326  loss_bbox=0.0206  loss_depth=0.6099  loss_center=0.0077
[2026-08-21 08:08:23] INFO Epoch[131] [296/371]  total=14.0623  loss_ce=0.0918  loss_bbox=0.0128  loss_depth=0.9419  loss_center=0.0091
[2026-08-21 08:09:04] INFO Epoch[131] [333/371]  total=0.9950  loss_ce=0.0108  loss_bbox=0.0066  loss_depth=-0.1721  loss_center=0.0018
[2026-08-21 08:09:46] INFO Epoch[131] [370/371]  total=7.4656  loss_ce=0.0368  loss_bbox=0.0049  loss_depth=0.3259  loss_center=0.0038
[2026-08-21 08:09:47] INFO Epoch [131/249] avg_loss=11.6398  time=411.0s  lr=2.00e-05
[2026-08-21 08:09:47] INFO Checkpoint saved after epoch 131
[2026-08-21 08:15:24] INFO ==> Loading detections and GTs...
[2026-08-21 08:15:24] INFO ==> Evaluating (official)...
[2026-08-21 08:17:09] INFO Pedestrian AP@0.50, 0.50, 0.50:
bbox AP:63.7249, 55.9774, 48.2764
bev  AP:9.0377, 7.9110, 7.2676
3d   AP:8.2896, 6.8489, 6.0564
aos  AP:53.22, 46.57, 40.27
Pedestrian AP_R40@0.50, 0.50, 0.50:
bbox AP:62.8494, 54.4127, 47.5515
bev  AP:7.0669, 6.0671, 4.9524
3d   AP:6.0008, 5.1080, 3.7944
aos  AP:51.22, 44.19, 38.22
Pedestrian AP@0.50, 0.25, 0.25:
bbox AP:63.7249, 55.9774, 48.2764
bev  AP:25.4648, 24.5411, 19.9943
3d   AP:24.6569, 23.8261, 19.5629
aos  AP:53.22, 46.57, 40.27
Pedestrian AP_R40@0.50, 0.25, 0.25:
bbox AP:62.8494, 54.4127, 47.5515
bev  AP:22.2918, 19.6378, 16.4282
3d   AP:21.1253, 18.7264, 15.5952
aos  AP:51.22, 44.19, 38.22

[2026-08-21 08:18:53] INFO Car AP@0.70, 0.70, 0.70:
bbox AP:83.8958, 74.5457, 66.9112
bev  AP:21.0921, 17.4417, 16.0575
3d   AP:14.9203, 13.7860, 12.2143
aos  AP:82.53, 72.06, 63.65
Car AP_R40@0.70, 0.70, 0.70:
bbox AP:86.4837, 76.3987, 69.9122
bev  AP:16.0139, 12.1668, 10.0913
3d   AP:8.5132, 6.7306, 5.5954
aos  AP:84.94, 73.63, 66.03
Car AP@0.70, 0.50, 0.50:
bbox AP:83.8958, 74.5457, 66.9112
bev  AP:48.5490, 35.8471, 33.4108
3d   AP:43.4161, 33.0106, 27.7865
aos  AP:82.53, 72.06, 63.65
Car AP_R40@0.70, 0.50, 0.50:
bbox AP:86.4837, 76.3987, 69.9122
bev  AP:47.1448, 34.1996, 29.8715
3d   AP:40.5252, 29.2266, 25.2729
aos  AP:84.94, 73.63, 66.03

[2026-08-21 08:20:38] INFO Cyclist AP@0.50, 0.50, 0.50:
bbox AP:49.2776, 30.4133, 30.1918
bev  AP:6.4450, 5.2546, 5.2806
3d   AP:6.3636, 5.2120, 5.2382
aos  AP:40.06, 25.47, 25.04
Cyclist AP_R40@0.50, 0.50, 0.50:
bbox AP:46.6425, 27.0298, 25.6882
bev  AP:2.9985, 1.6833, 1.6705
3d   AP:2.8239, 1.5392, 1.5509
aos  AP:36.16, 20.89, 19.99
Cyclist AP@0.50, 0.25, 0.25:
bbox AP:49.2776, 30.4133, 30.1918
bev  AP:13.9689, 9.5669, 9.6157
3d   AP:13.9473, 9.5538, 9.5927
aos  AP:40.06, 25.47, 25.04
Cyclist AP_R40@0.50, 0.25, 0.25:
bbox AP:46.6425, 27.0298, 25.6882
bev  AP:12.1717, 6.6248, 6.4901
3d   AP:12.0469, 6.5597, 6.4131
aos  AP:36.16, 20.89, 19.99

[2026-08-21 08:20:38] INFO   Val Car Moderate mAP: 6.7306
[2026-08-21 08:20:38] INFO   Best: 8.8293 @ epoch 112
[2026-08-21 08:21:19] INFO Epoch[132] [37/371]  total=16.8736  loss_ce=0.0761  loss_bbox=0.0152  loss_depth=0.9652  loss_center=0.0102
[2026-08-21 08:21:59] INFO Epoch[132] [74/371]  total=13.5056  loss_ce=0.0726  loss_bbox=0.0151  loss_depth=0.7871  loss_center=0.0072
[2026-08-21 08:22:40] INFO Epoch[132] [111/371]  total=4.1522  loss_ce=0.0231  loss_bbox=0.0072  loss_depth=0.0654  loss_center=0.0038
[2026-08-21 08:23:21] INFO Epoch[132] [148/371]  total=25.9778  loss_ce=0.1315  loss_bbox=0.0174  loss_depth=1.5659  loss_center=0.0134
[2026-08-21 08:24:01] INFO Epoch[132] [185/371]  total=4.5205  loss_ce=0.0319  loss_bbox=0.0156  loss_depth=-0.1718  loss_center=0.0042
[2026-08-21 08:24:42] INFO Epoch[132] [222/371]  total=0.8324  loss_ce=0.0072  loss_bbox=0.0070  loss_depth=-0.3163  loss_center=0.0018
[2026-08-21 08:25:23] INFO Epoch[132] [259/371]  total=7.4186  loss_ce=0.0523  loss_bbox=0.0162  loss_depth=0.2816  loss_center=0.0078
[2026-08-21 08:26:04] INFO Epoch[132] [296/371]  total=18.1629  loss_ce=0.0736  loss_bbox=0.0172  loss_depth=1.3313  loss_center=0.0122
[2026-08-21 08:26:44] INFO Epoch[132] [333/371]  total=9.8285  loss_ce=0.0618  loss_bbox=0.0065  loss_depth=0.5032  loss_center=0.0028
[2026-08-21 08:27:25] INFO Epoch[132] [370/371]  total=20.9483  loss_ce=0.0864  loss_bbox=0.0215  loss_depth=1.6879  loss_center=0.0136
[2026-08-21 08:27:26] INFO Epoch [132/249] avg_loss=10.8643  time=407.6s  lr=2.00e-05
[2026-08-21 08:27:26] INFO Checkpoint saved after epoch 132
[2026-08-21 08:33:01] INFO ==> Loading detections and GTs...
[2026-08-21 08:33:01] INFO ==> Evaluating (official)...
[2026-08-21 08:34:48] INFO Pedestrian AP@0.50, 0.50, 0.50:
bbox AP:63.3466, 55.8603, 48.3068
bev  AP:11.0143, 9.8150, 7.6162
3d   AP:8.8737, 7.2237, 6.7844
aos  AP:52.74, 46.23, 39.95
Pedestrian AP_R40@0.50, 0.50, 0.50:
bbox AP:62.8335, 54.4570, 47.5937
bev  AP:8.3861, 7.1008, 5.9703
3d   AP:6.7108, 5.7503, 4.7831
aos  AP:50.99, 43.87, 38.06
Pedestrian AP@0.50, 0.25, 0.25:
bbox AP:63.3466, 55.8603, 48.3068
bev  AP:28.6175, 25.5958, 23.5507
3d   AP:28.4305, 25.2902, 23.3661
aos  AP:52.74, 46.23, 39.95
Pedestrian AP_R40@0.50, 0.25, 0.25:
bbox AP:62.8335, 54.4570, 47.5937
bev  AP:24.2482, 21.5306, 17.8729
3d   AP:23.9307, 21.1978, 17.5314
aos  AP:50.99, 43.87, 38.06

[2026-08-21 08:36:35] INFO Car AP@0.70, 0.70, 0.70:
bbox AP:82.9950, 74.4688, 66.7741
bev  AP:21.3513, 20.6056, 17.4559
3d   AP:12.3542, 14.4632, 12.6827
aos  AP:81.48, 71.70, 63.26
Car AP_R40@0.70, 0.70, 0.70:
bbox AP:85.4838, 76.2807, 69.7462
bev  AP:19.4697, 14.6012, 12.1460
3d   AP:10.5682, 8.1521, 6.4982
aos  AP:83.79, 73.19, 65.57
Car AP@0.70, 0.50, 0.50:
bbox AP:82.9950, 74.4688, 66.7741
bev  AP:53.3450, 40.1558, 34.8890
3d   AP:46.8961, 34.9399, 32.3389
aos  AP:81.48, 71.70, 63.26
Car AP_R40@0.70, 0.50, 0.50:
bbox AP:85.4838, 76.2807, 69.7462
bev  AP:51.0760, 36.7438, 32.3675
3d   AP:45.1486, 33.0230, 28.0103
aos  AP:83.79, 73.19, 65.57

[2026-08-21 08:38:21] INFO Cyclist AP@0.50, 0.50, 0.50:
bbox AP:45.1571, 29.7408, 29.2830
bev  AP:12.4409, 10.1794, 10.0808
3d   AP:12.2364, 10.0242, 9.7459
aos  AP:36.20, 24.10, 22.85
Cyclist AP_R40@0.50, 0.50, 0.50:
bbox AP:44.3033, 25.4501, 24.9069
bev  AP:4.4928, 2.4412, 2.3635
3d   AP:4.2177, 2.2417, 1.8811
aos  AP:35.01, 20.06, 19.45
Cyclist AP@0.50, 0.25, 0.25:
bbox AP:45.1571, 29.7408, 29.2830
bev  AP:19.3174, 14.2644, 14.2109
3d   AP:19.0544, 14.2091, 14.0963
aos  AP:36.20, 24.10, 22.85
Cyclist AP_R40@0.50, 0.25, 0.25:
bbox AP:44.3033, 25.4501, 24.9069
bev  AP:13.4383, 7.2582, 7.0794
3d   AP:12.6370, 7.1060, 6.6278
aos  AP:35.01, 20.06, 19.45

[2026-08-21 08:38:21] INFO   Val Car Moderate mAP: 8.1521
[2026-08-21 08:38:22] INFO   Best: 8.8293 @ epoch 112
[2026-08-21 08:39:02] INFO Epoch[133] [37/371]  total=17.2741  loss_ce=0.0792  loss_bbox=0.0218  loss_depth=0.7980  loss_center=0.0108
[2026-08-21 08:39:43] INFO Epoch[133] [74/371]  total=34.8479  loss_ce=0.1576  loss_bbox=0.0342  loss_depth=1.7927  loss_center=0.0222
[2026-08-21 08:40:23] INFO Epoch[133] [111/371]  total=9.1325  loss_ce=0.0604  loss_bbox=0.0039  loss_depth=0.4862  loss_center=0.0033
[2026-08-21 08:41:04] INFO Epoch[133] [148/371]  total=15.8901  loss_ce=0.0804  loss_bbox=0.0106  loss_depth=1.3468  loss_center=0.0064
[2026-08-21 08:41:45] INFO Epoch[133] [185/371]  total=9.5292  loss_ce=0.0751  loss_bbox=0.0095  loss_depth=0.4084  loss_center=0.0050
[2026-08-21 08:42:26] INFO Epoch[133] [222/371]  total=1.7833  loss_ce=0.0049  loss_bbox=0.0020  loss_depth=0.1237  loss_center=0.0008
[2026-08-21 08:43:07] INFO Epoch[133] [259/371]  total=7.1602  loss_ce=0.0485  loss_bbox=0.0079  loss_depth=0.3657  loss_center=0.0038
[2026-08-21 08:43:48] INFO Epoch[133] [296/371]  total=18.8766  loss_ce=0.1710  loss_bbox=0.0361  loss_depth=0.7571  loss_center=0.0133
[2026-08-21 08:44:28] INFO Epoch[133] [333/371]  total=4.7101  loss_ce=0.0330  loss_bbox=0.0187  loss_depth=0.0994  loss_center=0.0115
[2026-08-21 08:45:09] INFO Epoch[133] [370/371]  total=1.3249  loss_ce=0.0180  loss_bbox=0.0049  loss_depth=-0.1501  loss_center=0.0016
[2026-08-21 08:45:10] INFO Epoch [133/249] avg_loss=11.8250  time=408.3s  lr=2.00e-05
[2026-08-21 08:45:10] INFO Checkpoint saved after epoch 133
[2026-08-21 08:50:47] INFO ==> Loading detections and GTs...
[2026-08-21 08:50:48] INFO ==> Evaluating (official)...
[2026-08-21 08:52:32] INFO Pedestrian AP@0.50, 0.50, 0.50:
bbox AP:63.9993, 56.3444, 48.5340
bev  AP:15.3269, 14.7240, 12.7990
3d   AP:13.9202, 12.2736, 11.8694
aos  AP:53.71, 46.92, 40.49
Pedestrian AP_R40@0.50, 0.50, 0.50:
bbox AP:63.4943, 54.9254, 47.9978
bev  AP:8.6534, 7.4489, 6.3136
3d   AP:6.4903, 5.5535, 4.5369
aos  AP:52.02, 44.67, 38.61
Pedestrian AP@0.50, 0.25, 0.25:
bbox AP:63.9993, 56.3444, 48.5340
bev  AP:31.1195, 26.6716, 24.4327
3d   AP:30.5731, 26.3562, 24.1709
aos  AP:53.71, 46.92, 40.49
Pedestrian AP_R40@0.50, 0.25, 0.25:
bbox AP:63.4943, 54.9254, 47.9978
bev  AP:27.5115, 23.1687, 19.2017
3d   AP:27.0625, 22.7320, 18.7053
aos  AP:52.02, 44.67, 38.61

[2026-08-21 08:54:17] INFO Car AP@0.70, 0.70, 0.70:
bbox AP:84.0632, 75.1650, 67.3478
bev  AP:22.9237, 20.8956, 17.7018
3d   AP:13.1222, 14.6285, 12.8622
aos  AP:82.48, 72.34, 63.78
Car AP_R40@0.70, 0.70, 0.70:
bbox AP:85.1892, 76.9958, 70.3533
bev  AP:20.7293, 15.1602, 12.5437
3d   AP:11.1727, 8.4570, 6.7765
aos  AP:83.45, 73.86, 66.10
Car AP@0.70, 0.50, 0.50:
bbox AP:84.0632, 75.1650, 67.3478
bev  AP:50.6109, 40.2945, 35.0979
3d   AP:47.7253, 35.3720, 32.6676
aos  AP:82.48, 72.34, 63.78
Car AP_R40@0.70, 0.50, 0.50:
bbox AP:85.1892, 76.9958, 70.3533
bev  AP:50.3953, 36.9225, 32.5315
3d   AP:46.1805, 33.5785, 28.4140
aos  AP:83.45, 73.86, 66.10

[2026-08-21 08:56:01] INFO Cyclist AP@0.50, 0.50, 0.50:
bbox AP:46.5061, 30.6838, 27.5357
bev  AP:12.2576, 10.1675, 9.8153
3d   AP:12.0943, 9.8957, 9.7782
aos  AP:36.04, 23.35, 21.23
Cyclist AP_R40@0.50, 0.50, 0.50:
bbox AP:45.0243, 26.1619, 24.8334
bev  AP:4.2617, 2.2659, 1.8965
3d   AP:3.9340, 2.1641, 1.8635
aos  AP:34.89, 20.04, 19.07
Cyclist AP@0.50, 0.25, 0.25:
bbox AP:46.5061, 30.6838, 27.5357
bev  AP:19.1056, 14.2140, 14.2142
3d   AP:18.1264, 13.8175, 13.8487
aos  AP:36.04, 23.35, 21.23
Cyclist AP_R40@0.50, 0.25, 0.25:
bbox AP:45.0243, 26.1619, 24.8334
bev  AP:12.7436, 7.1182, 6.8116
3d   AP:11.5156, 6.5721, 6.3287
aos  AP:34.89, 20.04, 19.07

[2026-08-21 08:56:01] INFO   Val Car Moderate mAP: 8.4570
[2026-08-21 08:56:02] INFO   Best: 8.8293 @ epoch 112
[2026-08-21 08:56:43] INFO Epoch[134] [37/371]  total=8.6849  loss_ce=0.0706  loss_bbox=0.0212  loss_depth=0.2463  loss_center=0.0117
[2026-08-21 08:57:23] INFO Epoch[134] [74/371]  total=5.9682  loss_ce=0.0475  loss_bbox=0.0069  loss_depth=0.1927  loss_center=0.0037
[2026-08-21 08:58:04] INFO Epoch[134] [111/371]  total=20.7936  loss_ce=0.1430  loss_bbox=0.0305  loss_depth=0.8110  loss_center=0.0135
[2026-08-21 08:58:44] INFO Epoch[134] [148/371]  total=8.2624  loss_ce=0.0263  loss_bbox=0.0043  loss_depth=0.5063  loss_center=0.0027
[2026-08-21 08:59:25] INFO Epoch[134] [185/371]  total=13.2850  loss_ce=0.0807  loss_bbox=0.0134  loss_depth=0.6238  loss_center=0.0075
[2026-08-21 09:00:06] INFO Epoch[134] [222/371]  total=1.6561  loss_ce=0.0232  loss_bbox=0.0021  loss_depth=0.0037  loss_center=0.0013
[2026-08-21 09:00:46] INFO Epoch[134] [259/371]  total=8.2655  loss_ce=0.0392  loss_bbox=0.0155  loss_depth=0.1585  loss_center=0.0086
[2026-08-21 09:01:27] INFO Epoch[134] [296/371]  total=9.4900  loss_ce=0.1089  loss_bbox=0.0178  loss_depth=0.3040  loss_center=0.0081
[2026-08-21 09:02:07] INFO Epoch[134] [333/371]  total=15.3517  loss_ce=0.0662  loss_bbox=0.0212  loss_depth=0.6675  loss_center=0.0103
[2026-08-21 09:02:48] INFO Epoch[134] [370/371]  total=13.4091  loss_ce=0.0386  loss_bbox=0.0110  loss_depth=0.8337  loss_center=0.0067
[2026-08-21 09:02:49] INFO Epoch [134/249] avg_loss=11.0622  time=407.2s  lr=2.00e-05
[2026-08-21 09:02:49] INFO Checkpoint saved after epoch 134
[2026-08-21 09:08:25] INFO ==> Loading detections and GTs...
[2026-08-21 09:08:26] INFO ==> Evaluating (official)...
[2026-08-21 09:10:17] INFO Pedestrian AP@0.50, 0.50, 0.50:
bbox AP:63.2366, 55.8114, 48.1691
bev  AP:15.5111, 14.8088, 12.8271
3d   AP:14.0964, 12.4351, 12.1927
aos  AP:52.16, 46.04, 39.83
Pedestrian AP_R40@0.50, 0.50, 0.50:
bbox AP:62.6111, 54.3441, 45.8315
bev  AP:9.2190, 7.7713, 6.5833
3d   AP:7.5039, 6.1867, 5.1334
aos  AP:50.31, 43.59, 36.66
Pedestrian AP@0.50, 0.25, 0.25:
bbox AP:63.2366, 55.8114, 48.1691
bev  AP:29.5872, 26.2914, 24.0388
3d   AP:28.9371, 25.6455, 20.6162
aos  AP:52.16, 46.04, 39.83
Pedestrian AP_R40@0.50, 0.25, 0.25:
bbox AP:62.6111, 54.3441, 45.8315
bev  AP:25.7141, 22.5844, 18.8560
3d   AP:24.8588, 21.9128, 17.4151
aos  AP:50.31, 43.59, 36.66

[2026-08-21 09:12:08] INFO Car AP@0.70, 0.70, 0.70:
bbox AP:82.8871, 73.8891, 66.3481
bev  AP:23.3752, 18.1183, 16.6572
3d   AP:16.0828, 13.9755, 12.3684
aos  AP:81.31, 71.15, 63.02
Car AP_R40@0.70, 0.70, 0.70:
bbox AP:85.1363, 75.5764, 69.1962
bev  AP:17.5973, 13.0820, 10.6216
3d   AP:9.0410, 7.0534, 5.8779
aos  AP:83.35, 72.55, 65.19
Car AP@0.70, 0.50, 0.50:
bbox AP:82.8871, 73.8891, 66.3481
bev  AP:49.4145, 36.0953, 33.7181
3d   AP:44.8745, 33.8329, 31.2921
aos  AP:81.31, 71.15, 63.02
Car AP_R40@0.70, 0.50, 0.50:
bbox AP:85.1363, 75.5764, 69.1962
bev  AP:48.7520, 34.6286, 30.2273
3d   AP:42.6557, 30.9201, 26.7819
aos  AP:83.35, 72.55, 65.19

[2026-08-21 09:14:00] INFO Cyclist AP@0.50, 0.50, 0.50:
bbox AP:45.1533, 29.2230, 29.1462
bev  AP:10.6336, 9.5465, 9.0909
3d   AP:10.5882, 9.0909, 9.0909
aos  AP:34.81, 22.64, 22.26
Cyclist AP_R40@0.50, 0.50, 0.50:
bbox AP:44.0964, 25.7208, 24.7138
bev  AP:2.1604, 1.1628, 1.0080
3d   AP:2.0921, 1.0211, 1.0141
aos  AP:34.20, 20.15, 19.23
Cyclist AP@0.50, 0.25, 0.25:
bbox AP:45.1533, 29.2230, 29.1462
bev  AP:17.5611, 13.7387, 12.5874
3d   AP:17.1482, 13.5912, 12.5214
aos  AP:34.81, 22.64, 22.26
Cyclist AP_R40@0.50, 0.25, 0.25:
bbox AP:44.0964, 25.7208, 24.7138
bev  AP:10.8016, 6.3752, 5.6022
3d   AP:10.1582, 5.9570, 5.4583
aos  AP:34.20, 20.15, 19.23

[2026-08-21 09:14:00] INFO   Val Car Moderate mAP: 7.0534
[2026-08-21 09:14:00] INFO   Best: 8.8293 @ epoch 112
[2026-08-21 09:14:41] INFO Epoch[135] [37/371]  total=19.0065  loss_ce=0.1200  loss_bbox=0.0268  loss_depth=0.3135  loss_center=0.0144
[2026-08-21 09:15:21] INFO Epoch[135] [74/371]  total=8.2112  loss_ce=0.0452  loss_bbox=0.0027  loss_depth=0.7133  loss_center=0.0022
[2026-08-21 09:16:02] INFO Epoch[135] [111/371]  total=3.1671  loss_ce=0.0250  loss_bbox=0.0119  loss_depth=-0.3067  loss_center=0.0060
[2026-08-21 09:16:43] INFO Epoch[135] [148/371]  total=18.9561  loss_ce=0.1556  loss_bbox=0.0349  loss_depth=1.0131  loss_center=0.0169
[2026-08-21 09:17:23] INFO Epoch[135] [185/371]  total=10.9069  loss_ce=0.0601  loss_bbox=0.0100  loss_depth=0.7935  loss_center=0.0068
[2026-08-21 09:18:04] INFO Epoch[135] [222/371]  total=8.7582  loss_ce=0.0305  loss_bbox=0.0071  loss_depth=0.7216  loss_center=0.0042
[2026-08-21 09:18:45] INFO Epoch[135] [259/371]  total=16.8712  loss_ce=0.1021  loss_bbox=0.0137  loss_depth=0.9942  loss_center=0.0082
[2026-08-21 09:19:25] INFO Epoch[135] [296/371]  total=0.7804  loss_ce=0.0017  loss_bbox=0.0010  loss_depth=-0.0064  loss_center=0.0005
[2026-08-21 09:20:06] INFO Epoch[135] [333/371]  total=14.4645  loss_ce=0.0937  loss_bbox=0.0311  loss_depth=0.8858  loss_center=0.0137
[2026-08-21 09:20:47] INFO Epoch[135] [370/371]  total=9.4191  loss_ce=0.1151  loss_bbox=0.0241  loss_depth=0.0602  loss_center=0.0102
[2026-08-21 09:20:48] INFO Epoch [135/249] avg_loss=11.1293  time=407.6s  lr=2.00e-05
[2026-08-21 09:20:48] INFO Checkpoint saved after epoch 135
[2026-08-21 09:26:24] INFO ==> Loading detections and GTs...
[2026-08-21 09:26:25] INFO ==> Evaluating (official)...
[2026-08-21 09:28:06] INFO Pedestrian AP@0.50, 0.50, 0.50:
bbox AP:63.9209, 56.2388, 48.7186
bev  AP:8.0403, 6.6226, 6.0763
3d   AP:6.6770, 6.0303, 5.4157
aos  AP:52.45, 46.03, 40.07
Pedestrian AP_R40@0.50, 0.50, 0.50:
bbox AP:63.3936, 54.9743, 46.3651
bev  AP:6.2247, 5.4178, 4.4659
3d   AP:5.0311, 4.2402, 3.4158
aos  AP:50.58, 43.73, 36.63
Pedestrian AP@0.50, 0.25, 0.25:
bbox AP:63.9209, 56.2388, 48.7186
bev  AP:24.9038, 23.8839, 19.7239
3d   AP:24.0898, 22.9050, 19.2965
aos  AP:52.45, 46.03, 40.07
Pedestrian AP_R40@0.50, 0.25, 0.25:
bbox AP:63.3936, 54.9743, 46.3651
bev  AP:21.4553, 19.0331, 15.7009
3d   AP:20.3134, 18.1113, 14.9166
aos  AP:50.58, 43.73, 36.63

[2026-08-21 09:29:47] INFO Car AP@0.70, 0.70, 0.70:
bbox AP:83.6535, 75.0269, 67.2251
bev  AP:22.9430, 17.7104, 16.3828
3d   AP:15.7456, 13.7368, 12.1804
aos  AP:81.92, 72.22, 63.78
Car AP_R40@0.70, 0.70, 0.70:
bbox AP:84.7381, 76.9992, 70.3332
bev  AP:16.9161, 12.5170, 10.3244
3d   AP:8.5281, 6.7135, 5.6471
aos  AP:82.88, 73.85, 66.21
Car AP@0.70, 0.50, 0.50:
bbox AP:83.6535, 75.0269, 67.2251
bev  AP:50.0910, 39.8548, 34.4736
3d   AP:45.6108, 34.3047, 31.7946
aos  AP:81.92, 72.22, 63.78
Car AP_R40@0.70, 0.50, 0.50:
bbox AP:84.7381, 76.9992, 70.3332
bev  AP:49.6956, 36.3488, 30.9037
3d   AP:43.0902, 31.3903, 27.2186
aos  AP:82.88, 73.85, 66.21

[2026-08-21 09:31:28] INFO Cyclist AP@0.50, 0.50, 0.50:
bbox AP:44.0232, 26.0095, 25.4852
bev  AP:10.3387, 9.6472, 9.0909
3d   AP:10.2639, 9.6219, 9.0909
aos  AP:33.62, 20.24, 19.43
Cyclist AP_R40@0.50, 0.50, 0.50:
bbox AP:42.4078, 23.9106, 23.4518
bev  AP:2.1006, 1.1312, 0.9238
3d   AP:1.8963, 1.0113, 0.8497
aos  AP:32.40, 18.23, 17.90
Cyclist AP@0.50, 0.25, 0.25:
bbox AP:44.0232, 26.0095, 25.4852
bev  AP:16.8417, 12.4765, 12.1901
3d   AP:16.7177, 12.4079, 12.1045
aos  AP:33.62, 20.24, 19.43
Cyclist AP_R40@0.50, 0.25, 0.25:
bbox AP:42.4078, 23.9106, 23.4518
bev  AP:10.0709, 5.4604, 5.3036
3d   AP:9.8486, 5.3073, 5.0582
aos  AP:32.40, 18.23, 17.90

[2026-08-21 09:31:28] INFO   Val Car Moderate mAP: 6.7135
[2026-08-21 09:31:28] INFO   Best: 8.8293 @ epoch 112
[2026-08-21 09:32:09] INFO Epoch[136] [37/371]  total=5.1590  loss_ce=0.0183  loss_bbox=0.0057  loss_depth=0.1475  loss_center=0.0031
[2026-08-21 09:32:49] INFO Epoch[136] [74/371]  total=10.4602  loss_ce=0.0542  loss_bbox=0.0081  loss_depth=0.6864  loss_center=0.0063
[2026-08-21 09:33:30] INFO Epoch[136] [111/371]  total=4.0965  loss_ce=0.0125  loss_bbox=0.0046  loss_depth=0.3237  loss_center=0.0022
[2026-08-21 09:34:11] INFO Epoch[136] [148/371]  total=-0.0590  loss_ce=0.0052  loss_bbox=0.0016  loss_depth=-0.1647  loss_center=0.0008
[2026-08-21 09:34:51] INFO Epoch[136] [185/371]  total=14.1046  loss_ce=0.1138  loss_bbox=0.0155  loss_depth=0.6285  loss_center=0.0079
[2026-08-21 09:35:32] INFO Epoch[136] [222/371]  total=15.9376  loss_ce=0.0618  loss_bbox=0.0119  loss_depth=1.1467  loss_center=0.0088
[2026-08-21 09:36:13] INFO Epoch[136] [259/371]  total=6.2012  loss_ce=0.0215  loss_bbox=0.0070  loss_depth=0.2718  loss_center=0.0041
[2026-08-21 09:36:54] INFO Epoch[136] [296/371]  total=11.8195  loss_ce=0.0420  loss_bbox=0.0093  loss_depth=0.4968  loss_center=0.0027
[2026-08-21 09:37:34] INFO Epoch[136] [333/371]  total=8.2098  loss_ce=0.0243  loss_bbox=0.0109  loss_depth=0.5073  loss_center=0.0063
[2026-08-21 09:38:15] INFO Epoch[136] [370/371]  total=14.5878  loss_ce=0.0890  loss_bbox=0.0182  loss_depth=0.7206  loss_center=0.0066
[2026-08-21 09:38:16] INFO Epoch [136/249] avg_loss=11.2573  time=407.8s  lr=2.00e-05
[2026-08-21 09:38:17] INFO Checkpoint saved after epoch 136
[2026-08-21 09:43:54] INFO ==> Loading detections and GTs...
[2026-08-21 09:43:54] INFO ==> Evaluating (official)...
[2026-08-21 09:45:41] INFO Pedestrian AP@0.50, 0.50, 0.50:
bbox AP:63.8217, 55.9943, 48.5215
bev  AP:15.0129, 14.4878, 12.5397
3d   AP:14.1100, 12.3191, 11.8772
aos  AP:53.50, 46.73, 40.58
Pedestrian AP_R40@0.50, 0.50, 0.50:
bbox AP:63.1311, 54.6400, 46.1837
bev  AP:8.4016, 7.2450, 6.0494
3d   AP:7.0853, 5.8683, 4.7536
aos  AP:51.65, 44.56, 37.46
Pedestrian AP@0.50, 0.25, 0.25:
bbox AP:63.8217, 55.9943, 48.5215
bev  AP:31.3309, 26.8284, 24.5920
3d   AP:30.6282, 26.2921, 24.3647
aos  AP:53.50, 46.73, 40.58
Pedestrian AP_R40@0.50, 0.25, 0.25:
bbox AP:63.1311, 54.6400, 46.1837
bev  AP:28.0894, 23.5093, 19.6023
3d   AP:27.3152, 22.9913, 19.1556
aos  AP:51.65, 44.56, 37.46

[2026-08-21 09:47:28] INFO Car AP@0.70, 0.70, 0.70:
bbox AP:83.5149, 74.8205, 66.9625
bev  AP:24.7612, 21.6598, 18.4966
3d   AP:14.1525, 15.6457, 14.5208
aos  AP:81.98, 72.00, 63.38
Car AP_R40@0.70, 0.70, 0.70:
bbox AP:84.7404, 76.6664, 70.0059
bev  AP:22.6734, 16.3716, 14.0897
3d   AP:12.2549, 9.2669, 7.8298
aos  AP:83.09, 73.51, 65.79
Car AP@0.70, 0.50, 0.50:
bbox AP:83.5149, 74.8205, 66.9625
bev  AP:53.9427, 40.7981, 35.4020
3d   AP:48.2751, 35.7267, 33.2656
aos  AP:81.98, 72.00, 63.38
Car AP_R40@0.70, 0.50, 0.50:
bbox AP:84.7404, 76.6664, 70.0059
bev  AP:51.7542, 38.3056, 32.9174
3d   AP:46.8783, 34.1403, 29.7164
aos  AP:83.09, 73.51, 65.79

[2026-08-21 09:49:14] INFO Cyclist AP@0.50, 0.50, 0.50:
bbox AP:46.4737, 28.9216, 28.5234
bev  AP:12.1766, 9.9917, 10.0092
3d   AP:11.0340, 9.6330, 9.6526
aos  AP:36.32, 22.63, 22.22
Cyclist AP_R40@0.50, 0.50, 0.50:
bbox AP:43.9211, 25.4549, 24.9825
bev  AP:3.9879, 2.1900, 2.1240
3d   AP:3.0855, 1.6045, 1.5410
aos  AP:34.51, 19.97, 19.68
Cyclist AP@0.50, 0.25, 0.25:
bbox AP:46.4737, 28.9216, 28.5234
bev  AP:18.4681, 13.9528, 13.8954
3d   AP:18.0879, 13.8584, 13.8561
aos  AP:36.32, 22.63, 22.22
Cyclist AP_R40@0.50, 0.25, 0.25:
bbox AP:43.9211, 25.4549, 24.9825
bev  AP:12.7135, 7.1217, 6.5295
3d   AP:12.0314, 6.6465, 6.2705
aos  AP:34.51, 19.97, 19.68

[2026-08-21 09:49:14] INFO   Val Car Moderate mAP: 9.2669
[2026-08-21 09:49:15] INFO   Best: 9.2669 @ epoch 136
[2026-08-21 09:49:56] INFO Epoch[137] [37/371]  total=17.0524  loss_ce=0.1353  loss_bbox=0.0225  loss_depth=0.5353  loss_center=0.0106
[2026-08-21 09:50:36] INFO Epoch[137] [74/371]  total=3.0263  loss_ce=0.0101  loss_bbox=0.0054  loss_depth=-0.1112  loss_center=0.0022
[2026-08-21 09:51:17] INFO Epoch[137] [111/371]  total=8.3510  loss_ce=0.0250  loss_bbox=0.0050  loss_depth=0.6159  loss_center=0.0040
[2026-08-21 09:51:57] INFO Epoch[137] [148/371]  total=14.9794  loss_ce=0.0962  loss_bbox=0.0188  loss_depth=0.9010  loss_center=0.0108
[2026-08-21 09:52:38] INFO Epoch[137] [185/371]  total=19.5670  loss_ce=0.1247  loss_bbox=0.0298  loss_depth=0.4462  loss_center=0.0128
[2026-08-21 09:53:19] INFO Epoch[137] [222/371]  total=4.7532  loss_ce=0.0124  loss_bbox=0.0067  loss_depth=-0.0099  loss_center=0.0034
[2026-08-21 09:53:59] INFO Epoch[137] [259/371]  total=37.3320  loss_ce=0.1794  loss_bbox=0.0393  loss_depth=2.4622  loss_center=0.0199
[2026-08-21 09:54:40] INFO Epoch[137] [296/371]  total=10.9702  loss_ce=0.0780  loss_bbox=0.0264  loss_depth=0.5892  loss_center=0.0076
[2026-08-21 09:55:21] INFO Epoch[137] [333/371]  total=6.4539  loss_ce=0.0095  loss_bbox=0.0061  loss_depth=0.1812  loss_center=0.0040
[2026-08-21 09:56:01] INFO Epoch[137] [370/371]  total=10.1126  loss_ce=0.0432  loss_bbox=0.0088  loss_depth=0.7039  loss_center=0.0067
[2026-08-21 09:56:02] INFO Epoch [137/249] avg_loss=10.6907  time=406.8s  lr=2.00e-05
[2026-08-21 09:56:03] INFO Checkpoint saved after epoch 137
[2026-08-21 10:01:41] INFO ==> Loading detections and GTs...
[2026-08-21 10:01:42] INFO ==> Evaluating (official)...
[2026-08-21 10:03:29] INFO Pedestrian AP@0.50, 0.50, 0.50:
bbox AP:63.4394, 55.9473, 48.3314
bev  AP:11.2767, 10.0889, 8.2242
3d   AP:10.0578, 9.5238, 7.5144
aos  AP:53.30, 46.82, 40.34
Pedestrian AP_R40@0.50, 0.50, 0.50:
bbox AP:64.2398, 56.0065, 47.4872
bev  AP:8.9760, 7.4124, 6.2889
3d   AP:7.6495, 6.7591, 5.2046
aos  AP:52.59, 45.45, 38.38
Pedestrian AP@0.50, 0.25, 0.25:
bbox AP:63.4394, 55.9473, 48.3314
bev  AP:30.6119, 26.4870, 24.3200
3d   AP:29.8053, 25.8890, 23.7619
aos  AP:53.30, 46.82, 40.34
Pedestrian AP_R40@0.50, 0.25, 0.25:
bbox AP:64.2398, 56.0065, 47.4872
bev  AP:27.6509, 23.1876, 19.2271
3d   AP:26.1117, 22.5304, 18.6284
aos  AP:52.59, 45.45, 38.38

[2026-08-21 10:05:17] INFO Car AP@0.70, 0.70, 0.70:
bbox AP:79.5131, 72.7293, 65.3510
bev  AP:23.9243, 20.8104, 17.8693
3d   AP:13.3897, 15.2857, 14.3498
aos  AP:78.13, 70.09, 62.06
Car AP_R40@0.70, 0.70, 0.70:
bbox AP:81.7329, 74.3099, 68.0574
bev  AP:21.5815, 15.4368, 12.6173
3d   AP:11.5148, 8.7294, 7.4190
aos  AP:80.19, 71.38, 64.13
Car AP@0.70, 0.50, 0.50:
bbox AP:79.5131, 72.7293, 65.3510
bev  AP:51.7891, 39.7721, 34.6243
3d   AP:46.5145, 34.7741, 32.4795
aos  AP:78.13, 70.09, 62.06
Car AP_R40@0.70, 0.50, 0.50:
bbox AP:81.7329, 74.3099, 68.0574
bev  AP:49.5589, 37.2008, 31.9333
3d   AP:44.8277, 33.0330, 28.8110
aos  AP:80.19, 71.38, 64.13

[2026-08-21 10:07:04] INFO Cyclist AP@0.50, 0.50, 0.50:
bbox AP:45.3756, 29.0447, 29.4008
bev  AP:12.0131, 9.8508, 9.8765
3d   AP:11.9988, 9.8368, 9.8625
aos  AP:35.88, 22.76, 22.78
Cyclist AP_R40@0.50, 0.50, 0.50:
bbox AP:44.0096, 25.8343, 24.6768
bev  AP:3.6845, 1.9064, 1.7778
3d   AP:3.6806, 1.9025, 1.7740
aos  AP:34.55, 20.17, 19.31
Cyclist AP@0.50, 0.25, 0.25:
bbox AP:45.3756, 29.0447, 29.4008
bev  AP:19.6098, 14.3819, 14.2591
3d   AP:18.9995, 13.9920, 13.9673
aos  AP:35.88, 22.76, 22.78
Cyclist AP_R40@0.50, 0.25, 0.25:
bbox AP:44.0096, 25.8343, 24.6768
bev  AP:13.6575, 7.7891, 7.0731
3d   AP:12.3672, 6.9090, 6.5543
aos  AP:34.55, 20.17, 19.31

[2026-08-21 10:07:04] INFO   Val Car Moderate mAP: 8.7294
[2026-08-21 10:07:05] INFO   Best: 9.2669 @ epoch 136
[2026-08-21 10:07:46] INFO Epoch[138] [37/371]  total=5.5701  loss_ce=0.0233  loss_bbox=0.0043  loss_depth=0.4385  loss_center=0.0021
[2026-08-21 10:08:27] INFO Epoch[138] [74/371]  total=10.8726  loss_ce=0.0538  loss_bbox=0.0128  loss_depth=0.2731  loss_center=0.0065
[2026-08-21 10:09:09] INFO Epoch[138] [111/371]  total=6.0027  loss_ce=0.0330  loss_bbox=0.0050  loss_depth=0.1944  loss_center=0.0019
[2026-08-21 10:09:50] INFO Epoch[138] [148/371]  total=18.7965  loss_ce=0.0933  loss_bbox=0.0243  loss_depth=0.9426  loss_center=0.0140
[2026-08-21 10:10:32] INFO Epoch[138] [185/371]  total=8.9645  loss_ce=0.0522  loss_bbox=0.0113  loss_depth=0.1902  loss_center=0.0045
[2026-08-21 10:11:13] INFO Epoch[138] [222/371]  total=15.8681  loss_ce=0.0878  loss_bbox=0.0088  loss_depth=0.7806  loss_center=0.0046
[2026-08-21 10:11:54] INFO Epoch[138] [259/371]  total=9.0196  loss_ce=0.0572  loss_bbox=0.0136  loss_depth=0.4156  loss_center=0.0048
[2026-08-21 10:12:35] INFO Epoch[138] [296/371]  total=12.1451  loss_ce=0.0591  loss_bbox=0.0164  loss_depth=0.6941  loss_center=0.0093
[2026-08-21 10:13:16] INFO Epoch[138] [333/371]  total=8.0532  loss_ce=0.0547  loss_bbox=0.0108  loss_depth=0.3079  loss_center=0.0052
[2026-08-21 10:13:57] INFO Epoch[138] [370/371]  total=15.6353  loss_ce=0.1321  loss_bbox=0.0192  loss_depth=0.9311  loss_center=0.0080
[2026-08-21 10:13:58] INFO Epoch [138/249] avg_loss=11.2285  time=413.1s  lr=2.00e-05
[2026-08-21 10:13:58] INFO Checkpoint saved after epoch 138
[2026-08-21 10:19:33] INFO ==> Loading detections and GTs...
[2026-08-21 10:19:34] INFO ==> Evaluating (official)...
[2026-08-21 10:21:17] INFO Pedestrian AP@0.50, 0.50, 0.50:
bbox AP:63.7545, 56.2197, 48.5655
bev  AP:15.7643, 14.9398, 12.7990
3d   AP:14.8376, 12.5222, 12.0935
aos  AP:53.13, 46.85, 40.52
Pedestrian AP_R40@0.50, 0.50, 0.50:
bbox AP:63.2395, 54.7439, 46.2140
bev  AP:9.1606, 7.6888, 6.3677
3d   AP:7.6935, 6.0511, 5.0210
aos  AP:51.46, 44.30, 37.22
Pedestrian AP@0.50, 0.25, 0.25:
bbox AP:63.7545, 56.2197, 48.5655
bev  AP:32.5798, 27.5681, 25.0103
3d   AP:32.0875, 27.2604, 24.7152
aos  AP:53.13, 46.85, 40.52
Pedestrian AP_R40@0.50, 0.25, 0.25:
bbox AP:63.2395, 54.7439, 46.2140
bev  AP:29.9860, 25.1954, 20.1929
3d   AP:28.6756, 23.9068, 19.7940
aos  AP:51.46, 44.30, 37.22

[2026-08-21 10:22:59] INFO Car AP@0.70, 0.70, 0.70:
bbox AP:82.9500, 74.7391, 66.9882
bev  AP:25.1629, 21.9157, 18.7724
3d   AP:14.4376, 16.0515, 14.8164
aos  AP:81.57, 72.16, 63.66
Car AP_R40@0.70, 0.70, 0.70:
bbox AP:83.8441, 76.6465, 70.0579
bev  AP:22.9744, 17.0926, 14.3063
3d   AP:12.7396, 9.4981, 8.2080
aos  AP:82.36, 73.78, 66.14
Car AP@0.70, 0.50, 0.50:
bbox AP:82.9500, 74.7391, 66.9882
bev  AP:53.9862, 41.4906, 36.0187
3d   AP:48.1866, 35.7967, 33.7561
aos  AP:81.57, 72.16, 63.66
Car AP_R40@0.70, 0.50, 0.50:
bbox AP:83.8441, 76.6465, 70.0579
bev  AP:52.0267, 38.8431, 34.6165
3d   AP:47.4804, 34.3576, 30.1968
aos  AP:82.36, 73.78, 66.14

[2026-08-21 10:24:42] INFO Cyclist AP@0.50, 0.50, 0.50:
bbox AP:48.2594, 30.0179, 30.1004
bev  AP:8.0954, 5.8272, 5.6914
3d   AP:7.4105, 5.4717, 5.3360
aos  AP:37.43, 23.88, 23.50
Cyclist AP_R40@0.50, 0.50, 0.50:
bbox AP:45.1504, 26.9718, 25.7423
bev  AP:4.7997, 2.4748, 2.4514
3d   AP:3.6924, 2.1621, 1.9162
aos  AP:35.28, 21.08, 19.94
Cyclist AP@0.50, 0.25, 0.25:
bbox AP:48.2594, 30.0179, 30.1004
bev  AP:16.2469, 10.0928, 10.0611
3d   AP:15.8773, 9.8361, 9.4736
aos  AP:37.43, 23.88, 23.50
Cyclist AP_R40@0.50, 0.25, 0.25:
bbox AP:45.1504, 26.9718, 25.7423
bev  AP:14.2203, 7.8911, 7.6306
3d   AP:13.8158, 7.5207, 6.7879
aos  AP:35.28, 21.08, 19.94

[2026-08-21 10:24:42] INFO   Val Car Moderate mAP: 9.4981
[2026-08-21 10:24:43] INFO   Best: 9.4981 @ epoch 138
[2026-08-21 10:25:23] INFO Epoch[139] [37/371]  total=3.7186  loss_ce=0.0082  loss_bbox=0.0015  loss_depth=0.3789  loss_center=0.0014
[2026-08-21 10:26:04] INFO Epoch[139] [74/371]  total=18.8296  loss_ce=0.0876  loss_bbox=0.0229  loss_depth=0.6190  loss_center=0.0151
[2026-08-21 10:26:45] INFO Epoch[139] [111/371]  total=10.5680  loss_ce=0.0502  loss_bbox=0.0117  loss_depth=0.3218  loss_center=0.0049
[2026-08-21 10:27:26] INFO Epoch[139] [148/371]  total=2.3910  loss_ce=0.0052  loss_bbox=0.0014  loss_depth=0.0710  loss_center=0.0022
[2026-08-21 10:28:07] INFO Epoch[139] [185/371]  total=8.2850  loss_ce=0.0972  loss_bbox=0.0146  loss_depth=0.3863  loss_center=0.0058
[2026-08-21 10:28:48] INFO Epoch[139] [222/371]  total=5.2291  loss_ce=0.0415  loss_bbox=0.0088  loss_depth=0.1589  loss_center=0.0036
[2026-08-21 10:29:29] INFO Epoch[139] [259/371]  total=3.0275  loss_ce=0.0044  loss_bbox=0.0042  loss_depth=0.1873  loss_center=0.0012
[2026-08-21 10:30:09] INFO Epoch[139] [296/371]  total=27.2527  loss_ce=0.1727  loss_bbox=0.0196  loss_depth=2.3389  loss_center=0.0127
[2026-08-21 10:30:50] INFO Epoch[139] [333/371]  total=12.5799  loss_ce=0.0681  loss_bbox=0.0218  loss_depth=0.1927  loss_center=0.0092
[2026-08-21 10:31:30] INFO Epoch[139] [370/371]  total=2.4838  loss_ce=0.0253  loss_bbox=0.0056  loss_depth=-0.0776  loss_center=0.0023
[2026-08-21 10:31:32] INFO Epoch [139/249] avg_loss=11.0876  time=409.2s  lr=2.00e-05
[2026-08-21 10:31:32] INFO Checkpoint saved after epoch 139
[2026-08-21 10:37:09] INFO ==> Loading detections and GTs...
[2026-08-21 10:37:10] INFO ==> Evaluating (official)...
[2026-08-21 10:39:02] INFO Pedestrian AP@0.50, 0.50, 0.50:
bbox AP:63.7219, 56.1727, 48.5046
bev  AP:11.7769, 10.3394, 8.1539
3d   AP:10.0460, 9.3928, 7.2122
aos  AP:53.97, 47.31, 40.87
Pedestrian AP_R40@0.50, 0.50, 0.50:
bbox AP:64.6584, 56.1933, 47.7957
bev  AP:9.1439, 7.5831, 6.3778
3d   AP:7.3703, 6.5183, 5.0386
aos  AP:53.48, 46.13, 38.99
Pedestrian AP@0.50, 0.25, 0.25:
bbox AP:63.7219, 56.1727, 48.5046
bev  AP:31.3665, 26.6181, 24.1049
3d   AP:30.4668, 26.0341, 23.8096
aos  AP:53.97, 47.31, 40.87
Pedestrian AP_R40@0.50, 0.25, 0.25:
bbox AP:64.6584, 56.1933, 47.7957
bev  AP:28.4650, 23.9323, 19.2933
3d   AP:26.8543, 22.4339, 18.8642
aos  AP:53.48, 46.13, 38.99

[2026-08-21 10:40:54] INFO Car AP@0.70, 0.70, 0.70:
bbox AP:82.5755, 74.0729, 66.4924
bev  AP:24.0668, 21.8193, 18.5114
3d   AP:13.6810, 15.8842, 14.5674
aos  AP:81.40, 71.67, 63.41
Car AP_R40@0.70, 0.70, 0.70:
bbox AP:84.7922, 75.7939, 69.3565
bev  AP:22.0656, 16.6922, 14.0339
3d   AP:12.0691, 9.6539, 7.8691
aos  AP:83.50, 73.13, 65.69
Car AP@0.70, 0.50, 0.50:
bbox AP:82.5755, 74.0729, 66.4924
bev  AP:53.7533, 41.7373, 36.1581
3d   AP:48.0480, 38.8719, 33.9798
aos  AP:81.40, 71.67, 63.41
Car AP_R40@0.70, 0.50, 0.50:
bbox AP:84.7922, 75.7939, 69.3565
bev  AP:51.8708, 38.9597, 34.6740
3d   AP:47.4145, 35.3696, 31.2471
aos  AP:83.50, 73.13, 65.69

[2026-08-21 10:42:44] INFO Cyclist AP@0.50, 0.50, 0.50:
bbox AP:47.9682, 29.3027, 28.9707
bev  AP:12.5598, 10.2738, 10.0655
3d   AP:12.3520, 10.2273, 10.0046
aos  AP:37.81, 23.25, 22.95
Cyclist AP_R40@0.50, 0.50, 0.50:
bbox AP:45.0659, 25.8123, 24.7081
bev  AP:4.8558, 2.5088, 2.4625
3d   AP:4.2494, 2.3231, 2.0281
aos  AP:35.63, 20.35, 19.54
Cyclist AP@0.50, 0.25, 0.25:
bbox AP:47.9682, 29.3027, 28.9707
bev  AP:20.6899, 14.7092, 14.4019
3d   AP:18.8649, 14.3024, 13.9239
aos  AP:37.81, 23.25, 22.95
Cyclist AP_R40@0.50, 0.25, 0.25:
bbox AP:45.0659, 25.8123, 24.7081
bev  AP:14.2211, 7.8171, 7.4107
3d   AP:12.9174, 7.2220, 6.5699
aos  AP:35.63, 20.35, 19.54

[2026-08-21 10:42:44] INFO   Val Car Moderate mAP: 9.6539
[2026-08-21 10:42:46] INFO   Best: 9.6539 @ epoch 139
[2026-08-21 10:43:26] INFO Epoch[140] [37/371]  total=6.5995  loss_ce=0.0162  loss_bbox=0.0042  loss_depth=0.3412  loss_center=0.0030
[2026-08-21 10:44:08] INFO Epoch[140] [74/371]  total=4.4929  loss_ce=0.0281  loss_bbox=0.0032  loss_depth=0.1939  loss_center=0.0021
[2026-08-21 10:44:49] INFO Epoch[140] [111/371]  total=2.3415  loss_ce=0.0247  loss_bbox=0.0055  loss_depth=-0.2927  loss_center=0.0034
[2026-08-21 10:45:30] INFO Epoch[140] [148/371]  total=3.2264  loss_ce=0.0093  loss_bbox=0.0040  loss_depth=0.1720  loss_center=0.0014
[2026-08-21 10:46:12] INFO Epoch[140] [185/371]  total=14.1528  loss_ce=0.0575  loss_bbox=0.0075  loss_depth=1.1649  loss_center=0.0063
[2026-08-21 10:46:53] INFO Epoch[140] [222/371]  total=21.3223  loss_ce=0.0855  loss_bbox=0.0192  loss_depth=1.7946  loss_center=0.0123
[2026-08-21 10:47:35] INFO Epoch[140] [259/371]  total=7.8256  loss_ce=0.0358  loss_bbox=0.0038  loss_depth=0.4524  loss_center=0.0031
[2026-08-21 10:48:16] INFO Epoch[140] [296/371]  total=21.0224  loss_ce=0.1326  loss_bbox=0.0202  loss_depth=1.3869  loss_center=0.0121
[2026-08-21 10:48:57] INFO Epoch[140] [333/371]  total=15.3963  loss_ce=0.1192  loss_bbox=0.0200  loss_depth=0.5623  loss_center=0.0086
[2026-08-21 10:49:38] INFO Epoch[140] [370/371]  total=11.6685  loss_ce=0.0678  loss_bbox=0.0143  loss_depth=1.0626  loss_center=0.0077
[2026-08-21 10:49:40] INFO Epoch [140/249] avg_loss=11.3504  time=414.1s  lr=2.00e-05
[2026-08-21 10:49:40] INFO Checkpoint saved after epoch 140
[2026-08-21 10:55:16] INFO ==> Loading detections and GTs...
[2026-08-21 10:55:17] INFO ==> Evaluating (official)...
[2026-08-21 10:57:01] INFO Pedestrian AP@0.50, 0.50, 0.50:
bbox AP:63.9281, 56.2066, 48.4145
bev  AP:15.7935, 14.8310, 12.6074
3d   AP:14.7898, 14.3456, 12.2882
aos  AP:54.79, 47.90, 41.26
Pedestrian AP_R40@0.50, 0.50, 0.50:
bbox AP:64.7141, 54.6533, 47.7923
bev  AP:9.0874, 7.5941, 6.3417
3d   AP:7.6929, 6.7491, 5.2172
aos  AP:54.32, 45.70, 39.68
Pedestrian AP@0.50, 0.25, 0.25:
bbox AP:63.9281, 56.2066, 48.4145
bev  AP:31.9826, 27.2699, 24.7337
3d   AP:30.8382, 26.7844, 24.4831
aos  AP:54.79, 47.90, 41.26
Pedestrian AP_R40@0.50, 0.25, 0.25:
bbox AP:64.7141, 54.6533, 47.7923
bev  AP:28.7894, 23.8147, 19.9128
3d   AP:27.8586, 23.1659, 19.3225
aos  AP:54.32, 45.70, 39.68

[2026-08-21 10:58:46] INFO Car AP@0.70, 0.70, 0.70:
bbox AP:84.5955, 75.6639, 67.6769
bev  AP:23.5971, 21.1915, 18.0104
3d   AP:12.9651, 14.9336, 12.8722
aos  AP:83.18, 73.13, 64.40
Car AP_R40@0.70, 0.70, 0.70:
bbox AP:85.8891, 77.6644, 70.8762
bev  AP:21.7763, 15.5439, 12.8349
3d   AP:11.2522, 8.5116, 6.7748
aos  AP:84.36, 74.80, 66.99
Car AP@0.70, 0.50, 0.50:
bbox AP:84.5955, 75.6639, 67.6769
bev  AP:54.2433, 40.8215, 35.4735
3d   AP:48.6480, 35.7918, 33.0392
aos  AP:83.18, 73.13, 64.40
Car AP_R40@0.70, 0.50, 0.50:
bbox AP:85.8891, 77.6644, 70.8762
bev  AP:52.2135, 37.5051, 32.9866
3d   AP:47.3025, 34.0517, 29.7249
aos  AP:84.36, 74.80, 66.99

[2026-08-21 11:00:30] INFO Cyclist AP@0.50, 0.50, 0.50:
bbox AP:46.7851, 30.9778, 30.7243
bev  AP:11.2853, 9.7308, 9.7532
3d   AP:10.9905, 9.6696, 9.6809
aos  AP:35.65, 23.21, 22.65
Cyclist AP_R40@0.50, 0.50, 0.50:
bbox AP:46.1970, 27.1447, 25.7865
bev  AP:3.6385, 1.9462, 1.7867
3d   AP:3.2385, 1.6081, 1.5788
aos  AP:35.23, 20.57, 19.56
Cyclist AP@0.50, 0.25, 0.25:
bbox AP:46.7851, 30.9778, 30.7243
bev  AP:18.0646, 13.7106, 13.6917
3d   AP:17.8411, 13.6722, 12.3768
aos  AP:35.65, 23.21, 22.65
Cyclist AP_R40@0.50, 0.25, 0.25:
bbox AP:46.1970, 27.1447, 25.7865
bev  AP:11.8318, 6.6765, 6.2772
3d   AP:11.4741, 6.5028, 5.5748
aos  AP:35.23, 20.57, 19.56

[2026-08-21 11:00:30] INFO   Val Car Moderate mAP: 8.5116
[2026-08-21 11:00:31] INFO   Best: 9.6539 @ epoch 139
[2026-08-21 11:01:12] INFO Epoch[141] [37/371]  total=10.8461  loss_ce=0.0961  loss_bbox=0.0041  loss_depth=0.7484  loss_center=0.0045
[2026-08-21 11:01:53] INFO Epoch[141] [74/371]  total=23.1424  loss_ce=0.1215  loss_bbox=0.0313  loss_depth=1.3393  loss_center=0.0166
[2026-08-21 11:02:33] INFO Epoch[141] [111/371]  total=16.9019  loss_ce=0.0877  loss_bbox=0.0156  loss_depth=1.0727  loss_center=0.0076
[2026-08-21 11:03:14] INFO Epoch[141] [148/371]  total=16.6358  loss_ce=0.0797  loss_bbox=0.0186  loss_depth=1.2962  loss_center=0.0078
[2026-08-21 11:03:54] INFO Epoch[141] [185/371]  total=8.1240  loss_ce=0.0669  loss_bbox=0.0067  loss_depth=0.6469  loss_center=0.0040
[2026-08-21 11:04:35] INFO Epoch[141] [222/371]  total=9.1675  loss_ce=0.0229  loss_bbox=0.0125  loss_depth=0.5620  loss_center=0.0062
[2026-08-21 11:05:16] INFO Epoch[141] [259/371]  total=4.4726  loss_ce=0.0083  loss_bbox=0.0036  loss_depth=0.3814  loss_center=0.0017
[2026-08-21 11:05:56] INFO Epoch[141] [296/371]  total=3.9130  loss_ce=0.0366  loss_bbox=0.0041  loss_depth=0.0882  loss_center=0.0024
[2026-08-21 11:06:37] INFO Epoch[141] [333/371]  total=12.7930  loss_ce=0.0316  loss_bbox=0.0156  loss_depth=0.5512  loss_center=0.0079
[2026-08-21 11:07:17] INFO Epoch[141] [370/371]  total=8.1428  loss_ce=0.0313  loss_bbox=0.0072  loss_depth=0.3387  loss_center=0.0049
[2026-08-21 11:07:19] INFO Epoch [141/249] avg_loss=10.3873  time=408.0s  lr=2.00e-05
[2026-08-21 11:07:19] INFO Checkpoint saved after epoch 141
[2026-08-21 11:12:54] INFO ==> Loading detections and GTs...
[2026-08-21 11:12:55] INFO ==> Evaluating (official)...
[2026-08-21 11:14:37] INFO Pedestrian AP@0.50, 0.50, 0.50:
bbox AP:63.4495, 55.8127, 48.0554
bev  AP:15.4348, 14.2547, 12.4232
3d   AP:14.1622, 12.2673, 12.0265
aos  AP:54.09, 47.26, 40.56
Pedestrian AP_R40@0.50, 0.50, 0.50:
bbox AP:62.7668, 54.3152, 47.5187
bev  AP:8.8587, 7.2834, 6.0466
3d   AP:7.2766, 5.9015, 4.7447
aos  AP:52.29, 44.91, 38.97
Pedestrian AP@0.50, 0.25, 0.25:
bbox AP:63.4495, 55.8127, 48.0554
bev  AP:30.5228, 26.3256, 24.2701
3d   AP:29.9659, 25.8456, 20.8715
aos  AP:54.09, 47.26, 40.56
Pedestrian AP_R40@0.50, 0.25, 0.25:
bbox AP:62.7668, 54.3152, 47.5187
bev  AP:26.8351, 23.0340, 19.1525
3d   AP:26.1365, 21.5666, 17.8389
aos  AP:52.29, 44.91, 38.97

[2026-08-21 11:16:20] INFO Car AP@0.70, 0.70, 0.70:
bbox AP:84.8404, 75.7058, 67.7134
bev  AP:22.8098, 20.9858, 17.6081
3d   AP:12.6658, 14.4437, 12.7648
aos  AP:83.52, 73.20, 64.55
Car AP_R40@0.70, 0.70, 0.70:
bbox AP:87.5014, 77.6928, 70.8792
bev  AP:20.5910, 15.1697, 12.4999
3d   AP:10.4883, 7.9086, 6.6945
aos  AP:86.00, 74.88, 67.10
Car AP@0.70, 0.50, 0.50:
bbox AP:84.8404, 75.7058, 67.7134
bev  AP:51.3824, 40.8292, 35.3626
3d   AP:48.2850, 35.4556, 32.7865
aos  AP:83.52, 73.20, 64.55
Car AP_R40@0.70, 0.50, 0.50:
bbox AP:87.5014, 77.6928, 70.8792
bev  AP:51.4938, 37.5140, 32.9173
3d   AP:46.7546, 33.7526, 28.5182
aos  AP:86.00, 74.88, 67.10

[2026-08-21 11:18:03] INFO Cyclist AP@0.50, 0.50, 0.50:
bbox AP:46.2035, 29.8597, 29.7480
bev  AP:11.3238, 9.6778, 9.6984
3d   AP:11.1604, 9.6224, 9.6432
aos  AP:36.45, 23.39, 23.04
Cyclist AP_R40@0.50, 0.50, 0.50:
bbox AP:45.4176, 25.7868, 25.1916
bev  AP:3.7114, 1.9693, 1.8663
3d   AP:3.4767, 1.7118, 1.6334
aos  AP:35.67, 19.93, 19.52
Cyclist AP@0.50, 0.25, 0.25:
bbox AP:46.2035, 29.8597, 29.7480
bev  AP:19.3769, 14.3210, 14.0242
3d   AP:18.4949, 14.1309, 12.7273
aos  AP:36.45, 23.39, 23.04
Cyclist AP_R40@0.50, 0.25, 0.25:
bbox AP:45.4176, 25.7868, 25.1916
bev  AP:13.4845, 7.2529, 6.8788
3d   AP:12.2828, 6.7252, 5.9120
aos  AP:35.67, 19.93, 19.52

[2026-08-21 11:18:03] INFO   Val Car Moderate mAP: 7.9086
[2026-08-21 11:18:04] INFO   Best: 9.6539 @ epoch 139
[2026-08-21 11:18:44] INFO Epoch[142] [37/371]  total=42.9902  loss_ce=0.1128  loss_bbox=0.0404  loss_depth=3.1453  loss_center=0.0278
[2026-08-21 11:19:25] INFO Epoch[142] [74/371]  total=7.6196  loss_ce=0.0324  loss_bbox=0.0152  loss_depth=0.1043  loss_center=0.0069
[2026-08-21 11:20:05] INFO Epoch[142] [111/371]  total=18.7565  loss_ce=0.1231  loss_bbox=0.0321  loss_depth=1.0661  loss_center=0.0175
[2026-08-21 11:20:46] INFO Epoch[142] [148/371]  total=3.2469  loss_ce=0.0148  loss_bbox=0.0089  loss_depth=0.0384  loss_center=0.0028
[2026-08-21 11:21:27] INFO Epoch[142] [185/371]  total=5.3439  loss_ce=0.0855  loss_bbox=0.0119  loss_depth=-0.1013  loss_center=0.0044
[2026-08-21 11:22:08] INFO Epoch[142] [222/371]  total=12.7761  loss_ce=0.0723  loss_bbox=0.0189  loss_depth=0.6968  loss_center=0.0108
[2026-08-21 11:22:49] INFO Epoch[142] [259/371]  total=4.1082  loss_ce=0.0339  loss_bbox=0.0024  loss_depth=0.1436  loss_center=0.0021
[2026-08-21 11:23:30] INFO Epoch[142] [296/371]  total=8.0189  loss_ce=0.1159  loss_bbox=0.0140  loss_depth=0.0336  loss_center=0.0063
[2026-08-21 11:24:11] INFO Epoch[142] [333/371]  total=5.6587  loss_ce=0.0445  loss_bbox=0.0047  loss_depth=0.2438  loss_center=0.0024
[2026-08-21 11:24:52] INFO Epoch[142] [370/371]  total=11.6634  loss_ce=0.0943  loss_bbox=0.0168  loss_depth=0.3194  loss_center=0.0081
[2026-08-21 11:24:53] INFO Epoch [142/249] avg_loss=11.3155  time=409.3s  lr=2.00e-05
[2026-08-21 11:24:53] INFO Checkpoint saved after epoch 142
[2026-08-21 11:30:29] INFO ==> Loading detections and GTs...
[2026-08-21 11:30:29] INFO ==> Evaluating (official)...
[2026-08-21 11:32:16] INFO Pedestrian AP@0.50, 0.50, 0.50:
bbox AP:63.1538, 55.4156, 47.9135
bev  AP:15.4500, 14.4537, 12.6074
3d   AP:14.7542, 14.0894, 12.3679
aos  AP:53.64, 46.81, 40.40
Pedestrian AP_R40@0.50, 0.50, 0.50:
bbox AP:63.6793, 53.8662, 47.1982
bev  AP:8.8654, 7.4380, 6.2562
3d   AP:7.4804, 6.7247, 5.2015
aos  AP:52.54, 44.42, 38.50
Pedestrian AP@0.50, 0.25, 0.25:
bbox AP:63.1538, 55.4156, 47.9135
bev  AP:31.9452, 26.9795, 24.5371
3d   AP:31.0570, 26.4507, 24.2199
aos  AP:53.64, 46.81, 40.40
Pedestrian AP_R40@0.50, 0.25, 0.25:
bbox AP:63.6793, 53.8662, 47.1982
bev  AP:28.3901, 24.4929, 19.6322
3d   AP:27.7023, 23.1286, 19.2370
aos  AP:52.54, 44.42, 38.50

[2026-08-21 11:34:05] INFO Car AP@0.70, 0.70, 0.70:
bbox AP:82.2216, 74.0128, 66.3676
bev  AP:24.4742, 21.3019, 17.9420
3d   AP:13.6617, 15.2246, 13.0732
aos  AP:80.81, 71.47, 63.06
Car AP_R40@0.70, 0.70, 0.70:
bbox AP:83.1868, 75.8009, 69.2794
bev  AP:22.1508, 15.8359, 13.0039
3d   AP:11.7805, 8.9187, 7.1464
aos  AP:81.68, 72.94, 65.34
Car AP@0.70, 0.50, 0.50:
bbox AP:82.2216, 74.0128, 66.3676
bev  AP:50.1745, 39.9374, 34.6876
3d   AP:47.5319, 35.2109, 32.4070
aos  AP:80.81, 71.47, 63.06
Car AP_R40@0.70, 0.50, 0.50:
bbox AP:83.1868, 75.8009, 69.2794
bev  AP:49.9999, 36.5785, 32.1762
3d   AP:46.0838, 33.3893, 28.2407
aos  AP:81.68, 72.94, 65.34

[2026-08-21 11:35:52] INFO Cyclist AP@0.50, 0.50, 0.50:
bbox AP:45.3821, 29.8596, 29.7370
bev  AP:12.4634, 9.9867, 9.7152
3d   AP:11.3636, 9.6728, 9.6933
aos  AP:35.91, 23.20, 23.04
Cyclist AP_R40@0.50, 0.50, 0.50:
bbox AP:44.7858, 25.4969, 25.1163
bev  AP:4.4529, 2.3757, 2.1284
3d   AP:3.7934, 1.9714, 1.9116
aos  AP:35.38, 19.96, 19.74
Cyclist AP@0.50, 0.25, 0.25:
bbox AP:45.3821, 29.8596, 29.7370
bev  AP:20.3812, 14.8651, 14.5399
3d   AP:19.6176, 14.1766, 14.2888
aos  AP:35.91, 23.20, 23.04
Cyclist AP_R40@0.50, 0.25, 0.25:
bbox AP:44.7858, 25.4969, 25.1163
bev  AP:15.2823, 8.4287, 7.6383
3d   AP:13.7256, 7.3830, 7.0479
aos  AP:35.38, 19.96, 19.74

[2026-08-21 11:35:52] INFO   Val Car Moderate mAP: 8.9187
[2026-08-21 11:35:53] INFO   Best: 9.6539 @ epoch 139
[2026-08-21 11:36:33] INFO Epoch[143] [37/371]  total=8.7113  loss_ce=0.0764  loss_bbox=0.0163  loss_depth=0.1926  loss_center=0.0066
[2026-08-21 11:37:14] INFO Epoch[143] [74/371]  total=5.8181  loss_ce=0.0278  loss_bbox=0.0064  loss_depth=0.2692  loss_center=0.0030
[2026-08-21 11:37:54] INFO Epoch[143] [111/371]  total=3.6768  loss_ce=0.0393  loss_bbox=0.0034  loss_depth=0.1980  loss_center=0.0024
[2026-08-21 11:38:35] INFO Epoch[143] [148/371]  total=10.3161  loss_ce=0.0651  loss_bbox=0.0143  loss_depth=0.6598  loss_center=0.0067
[2026-08-21 11:39:16] INFO Epoch[143] [185/371]  total=9.5154  loss_ce=0.0634  loss_bbox=0.0184  loss_depth=0.4093  loss_center=0.0066
[2026-08-21 11:39:57] INFO Epoch[143] [222/371]  total=0.2773  loss_ce=0.0072  loss_bbox=0.0042  loss_depth=-0.2131  loss_center=0.0020
[2026-08-21 11:40:38] INFO Epoch[143] [259/371]  total=2.8660  loss_ce=0.0043  loss_bbox=0.0036  loss_depth=0.1528  loss_center=0.0020
[2026-08-21 11:41:20] INFO Epoch[143] [296/371]  total=12.4951  loss_ce=0.0486  loss_bbox=0.0065  loss_depth=0.8641  loss_center=0.0030
[2026-08-21 11:42:01] INFO Epoch[143] [333/371]  total=3.2127  loss_ce=0.0132  loss_bbox=0.0049  loss_depth=0.0346  loss_center=0.0024
[2026-08-21 11:42:43] INFO Epoch[143] [370/371]  total=13.8381  loss_ce=0.0774  loss_bbox=0.0255  loss_depth=0.6089  loss_center=0.0111
[2026-08-21 11:42:44] INFO Epoch [143/249] avg_loss=11.0895  time=411.1s  lr=2.00e-05
[2026-08-21 11:42:44] INFO Checkpoint saved after epoch 143
[2026-08-21 11:48:20] INFO ==> Loading detections and GTs...
[2026-08-21 11:48:20] INFO ==> Evaluating (official)...
[2026-08-21 11:50:09] INFO Pedestrian AP@0.50, 0.50, 0.50:
bbox AP:63.7964, 56.0862, 48.5879
bev  AP:15.8661, 15.0690, 12.7577
3d   AP:14.7815, 14.3478, 12.3953
aos  AP:54.22, 47.20, 40.98
Pedestrian AP_R40@0.50, 0.50, 0.50:
bbox AP:64.5445, 54.7017, 47.8140
bev  AP:9.5263, 7.9868, 6.7121
3d   AP:7.9520, 7.0334, 5.4255
aos  AP:53.54, 45.14, 38.96
Pedestrian AP@0.50, 0.25, 0.25:
bbox AP:63.7964, 56.0862, 48.5879
bev  AP:32.2542, 27.5407, 24.8964
3d   AP:31.2548, 26.6588, 24.4936
aos  AP:54.22, 47.20, 40.98
Pedestrian AP_R40@0.50, 0.25, 0.25:
bbox AP:64.5445, 54.7017, 47.8140
bev  AP:28.9535, 24.7971, 20.0094
3d   AP:28.0979, 23.2349, 19.5058
aos  AP:53.54, 45.14, 38.96

[2026-08-21 11:51:58] INFO Car AP@0.70, 0.70, 0.70:
bbox AP:83.5746, 74.9324, 67.0327
bev  AP:24.4472, 19.6241, 16.4739
3d   AP:13.6423, 11.5512, 10.4638
aos  AP:82.02, 72.21, 63.65
Car AP_R40@0.70, 0.70, 0.70:
bbox AP:86.1582, 76.8071, 70.1041
bev  AP:22.3414, 16.8729, 14.1027
3d   AP:11.8056, 8.9964, 7.6651
aos  AP:84.43, 73.77, 66.04
Car AP@0.70, 0.50, 0.50:
bbox AP:83.5746, 74.9324, 67.0327
bev  AP:54.0910, 41.8138, 35.9767
3d   AP:48.1169, 38.7762, 33.6388
aos  AP:82.02, 72.21, 63.65
Car AP_R40@0.70, 0.50, 0.50:
bbox AP:86.1582, 76.8071, 70.1041
bev  AP:52.3809, 39.1103, 34.5600
3d   AP:47.4824, 35.2444, 30.0270
aos  AP:84.43, 73.77, 66.04

[2026-08-21 11:53:46] INFO Cyclist AP@0.50, 0.50, 0.50:
bbox AP:50.4503, 31.2084, 31.0289
bev  AP:12.6034, 10.3060, 10.1818
3d   AP:12.5647, 10.1966, 10.0546
aos  AP:40.51, 24.95, 24.51
Cyclist AP_R40@0.50, 0.50, 0.50:
bbox AP:48.4447, 28.5299, 27.1369
bev  AP:4.8754, 2.5374, 2.4492
3d   AP:4.8524, 2.5017, 2.4087
aos  AP:38.92, 22.63, 21.45
Cyclist AP@0.50, 0.25, 0.25:
bbox AP:50.4503, 31.2084, 31.0289
bev  AP:21.9402, 15.2800, 14.5979
3d   AP:18.8923, 14.1634, 14.0189
aos  AP:40.51, 24.95, 24.51
Cyclist AP_R40@0.50, 0.25, 0.25:
bbox AP:48.4447, 28.5299, 27.1369
bev  AP:15.3576, 8.4697, 7.7588
3d   AP:13.2208, 7.3370, 6.7468
aos  AP:38.92, 22.63, 21.45

[2026-08-21 11:53:46] INFO   Val Car Moderate mAP: 8.9964
[2026-08-21 11:53:46] INFO   Best: 9.6539 @ epoch 139
[2026-08-21 11:54:28] INFO Epoch[144] [37/371]  total=27.2491  loss_ce=0.1393  loss_bbox=0.0329  loss_depth=1.4196  loss_center=0.0204
[2026-08-21 11:55:09] INFO Epoch[144] [74/371]  total=18.0415  loss_ce=0.0763  loss_bbox=0.0200  loss_depth=1.0928  loss_center=0.0120
[2026-08-21 11:55:50] INFO Epoch[144] [111/371]  total=3.3940  loss_ce=0.0078  loss_bbox=0.0011  loss_depth=0.2468  loss_center=0.0011
[2026-08-21 11:56:32] INFO Epoch[144] [148/371]  total=7.7835  loss_ce=0.0198  loss_bbox=0.0063  loss_depth=0.4942  loss_center=0.0033
[2026-08-21 11:57:13] INFO Epoch[144] [185/371]  total=9.5544  loss_ce=0.0648  loss_bbox=0.0092  loss_depth=0.5666  loss_center=0.0058
[2026-08-21 11:57:55] INFO Epoch[144] [222/371]  total=6.5285  loss_ce=0.0520  loss_bbox=0.0055  loss_depth=0.3372  loss_center=0.0032
[2026-08-21 11:58:36] INFO Epoch[144] [259/371]  total=9.7886  loss_ce=0.0621  loss_bbox=0.0149  loss_depth=0.3890  loss_center=0.0091
[2026-08-21 11:59:17] INFO Epoch[144] [296/371]  total=17.0410  loss_ce=0.1028  loss_bbox=0.0129  loss_depth=0.9710  loss_center=0.0066
[2026-08-21 11:59:58] INFO Epoch[144] [333/371]  total=27.6394  loss_ce=0.2075  loss_bbox=0.0157  loss_depth=1.3729  loss_center=0.0144
[2026-08-21 12:00:40] INFO Epoch[144] [370/371]  total=14.0326  loss_ce=0.0864  loss_bbox=0.0153  loss_depth=0.5492  loss_center=0.0105
[2026-08-21 12:00:41] INFO Epoch [144/249] avg_loss=11.6358  time=414.7s  lr=2.00e-05
[2026-08-21 12:00:41] INFO Checkpoint saved after epoch 144
[2026-08-21 12:06:18] INFO ==> Loading detections and GTs...
[2026-08-21 12:06:18] INFO ==> Evaluating (official)...
[2026-08-21 12:08:05] INFO Pedestrian AP@0.50, 0.50, 0.50:
bbox AP:63.7325, 56.1191, 48.4741
bev  AP:8.6858, 7.5413, 7.1934
3d   AP:7.1728, 7.2964, 6.5025
aos  AP:53.74, 47.18, 40.86
Pedestrian AP_R40@0.50, 0.50, 0.50:
bbox AP:64.4207, 56.1383, 47.7238
bev  AP:5.9409, 5.4636, 4.5378
3d   AP:4.8475, 4.2680, 3.4309
aos  AP:53.16, 45.94, 38.84
Pedestrian AP@0.50, 0.25, 0.25:
bbox AP:63.7325, 56.1191, 48.4741
bev  AP:25.1074, 23.9925, 19.6822
3d   AP:24.2437, 22.9236, 19.3597
aos  AP:53.74, 47.18, 40.86
Pedestrian AP_R40@0.50, 0.25, 0.25:
bbox AP:64.4207, 56.1383, 47.7238
bev  AP:21.8406, 18.9904, 15.7290
3d   AP:20.6623, 18.0981, 15.1089
aos  AP:53.16, 45.94, 38.84

[2026-08-21 12:09:52] INFO Car AP@0.70, 0.70, 0.70:
bbox AP:83.7073, 75.0578, 67.2169
bev  AP:20.3288, 17.0194, 14.2108
3d   AP:11.7548, 9.7402, 7.9836
aos  AP:82.01, 72.33, 63.79
Car AP_R40@0.70, 0.70, 0.70:
bbox AP:86.1203, 76.9514, 70.2787
bev  AP:18.2336, 13.8647, 11.6426
3d   AP:9.6254, 7.6769, 6.2003
aos  AP:84.23, 73.87, 66.15
Car AP@0.70, 0.50, 0.50:
bbox AP:83.7073, 75.0578, 67.2169
bev  AP:53.0649, 40.6747, 35.1382
3d   AP:46.5609, 35.0296, 32.8522
aos  AP:82.01, 72.33, 63.79
Car AP_R40@0.70, 0.50, 0.50:
bbox AP:86.1203, 76.9514, 70.2787
bev  AP:50.8007, 37.9557, 32.6424
3d   AP:45.0216, 33.2865, 29.2023
aos  AP:84.23, 73.87, 66.15

[2026-08-21 12:11:37] INFO Cyclist AP@0.50, 0.50, 0.50:
bbox AP:47.9105, 31.5456, 31.2232
bev  AP:11.1437, 9.9575, 9.9881
3d   AP:10.7226, 9.9260, 9.9603
aos  AP:38.02, 24.83, 24.27
Cyclist AP_R40@0.50, 0.50, 0.50:
bbox AP:47.2334, 27.8322, 26.4620
bev  AP:3.3574, 1.7921, 1.7763
3d   AP:2.5384, 1.5006, 1.4275
aos  AP:37.28, 21.74, 20.67
Cyclist AP@0.50, 0.25, 0.25:
bbox AP:47.9105, 31.5456, 31.2232
bev  AP:18.4319, 14.2271, 14.0958
3d   AP:18.2492, 13.7764, 13.9083
aos  AP:38.02, 24.83, 24.27
Cyclist AP_R40@0.50, 0.25, 0.25:
bbox AP:47.2334, 27.8322, 26.4620
bev  AP:12.3827, 7.0311, 6.8190
3d   AP:11.9977, 6.5771, 6.4021
aos  AP:37.28, 21.74, 20.67

[2026-08-21 12:11:37] INFO   Val Car Moderate mAP: 7.6769
[2026-08-21 12:11:38] INFO   Best: 9.6539 @ epoch 139
[2026-08-21 12:12:18] INFO Epoch[145] [37/371]  total=6.5245  loss_ce=0.0722  loss_bbox=0.0135  loss_depth=-0.0175  loss_center=0.0074
[2026-08-21 12:12:59] INFO Epoch[145] [74/371]  total=1.8582  loss_ce=0.0068  loss_bbox=0.0044  loss_depth=-0.0611  loss_center=0.0020
[2026-08-21 12:13:39] INFO Epoch[145] [111/371]  total=4.4523  loss_ce=0.0250  loss_bbox=0.0053  loss_depth=0.0094  loss_center=0.0028
[2026-08-21 12:14:20] INFO Epoch[145] [148/371]  total=13.6380  loss_ce=0.0930  loss_bbox=0.0202  loss_depth=0.6288  loss_center=0.0097
[2026-08-21 12:15:01] INFO Epoch[145] [185/371]  total=39.3780  loss_ce=0.2072  loss_bbox=0.0333  loss_depth=2.1042  loss_center=0.0230
[2026-08-21 12:15:42] INFO Epoch[145] [222/371]  total=16.2757  loss_ce=0.1175  loss_bbox=0.0118  loss_depth=1.2570  loss_center=0.0056
[2026-08-21 12:16:23] INFO Epoch[145] [259/371]  total=2.7164  loss_ce=0.0038  loss_bbox=0.0015  loss_depth=0.1941  loss_center=0.0003
[2026-08-21 12:17:05] INFO Epoch[145] [296/371]  total=26.6074  loss_ce=0.1552  loss_bbox=0.0153  loss_depth=1.7659  loss_center=0.0125
[2026-08-21 12:17:46] INFO Epoch[145] [333/371]  total=9.2377  loss_ce=0.0617  loss_bbox=0.0097  loss_depth=0.4028  loss_center=0.0056
[2026-08-21 12:18:28] INFO Epoch[145] [370/371]  total=6.7261  loss_ce=0.0356  loss_bbox=0.0042  loss_depth=0.4231  loss_center=0.0014
[2026-08-21 12:18:29] INFO Epoch [145/249] avg_loss=11.2878  time=410.9s  lr=2.00e-05
[2026-08-21 12:18:29] INFO Checkpoint saved after epoch 145
[2026-08-21 12:24:05] INFO ==> Loading detections and GTs...
[2026-08-21 12:24:05] INFO ==> Evaluating (official)...
[2026-08-21 12:25:52] INFO Pedestrian AP@0.50, 0.50, 0.50:
bbox AP:63.7303, 56.1791, 48.4807
bev  AP:10.4083, 9.7623, 8.0125
3d   AP:9.1727, 7.8409, 7.4680
aos  AP:53.52, 47.07, 40.67
Pedestrian AP_R40@0.50, 0.50, 0.50:
bbox AP:62.9845, 54.6939, 47.7907
bev  AP:8.0233, 6.9170, 5.4612
3d   AP:7.0721, 5.7542, 4.8659
aos  AP:51.81, 44.69, 38.69
Pedestrian AP@0.50, 0.25, 0.25:
bbox AP:63.7303, 56.1791, 48.4807
bev  AP:30.3434, 25.9417, 20.8872
3d   AP:29.7983, 25.5705, 20.7325
aos  AP:53.52, 47.07, 40.67
Pedestrian AP_R40@0.50, 0.25, 0.25:
bbox AP:62.9845, 54.6939, 47.7907
bev  AP:26.2450, 21.6878, 17.8699
3d   AP:25.6338, 21.2627, 17.5214
aos  AP:51.81, 44.69, 38.69

[2026-08-21 12:27:39] INFO Car AP@0.70, 0.70, 0.70:
bbox AP:82.8493, 74.2660, 66.5677
bev  AP:20.8693, 17.1676, 15.9713
3d   AP:14.6574, 13.5796, 12.1939
aos  AP:81.20, 71.48, 63.09
Car AP_R40@0.70, 0.70, 0.70:
bbox AP:85.3851, 76.0693, 69.5057
bev  AP:15.7560, 11.9512, 9.8940
3d   AP:8.0740, 6.4913, 5.4574
aos  AP:83.53, 72.93, 65.36
Car AP@0.70, 0.50, 0.50:
bbox AP:82.8493, 74.2660, 66.5677
bev  AP:48.5686, 38.8908, 33.4652
3d   AP:43.4799, 33.3989, 30.8913
aos  AP:81.20, 71.48, 63.09
Car AP_R40@0.70, 0.50, 0.50:
bbox AP:85.3851, 76.0693, 69.5057
bev  AP:48.0865, 35.2022, 29.8527
3d   AP:41.5379, 30.3285, 26.2410
aos  AP:83.53, 72.93, 65.36

[2026-08-21 12:29:27] INFO Cyclist AP@0.50, 0.50, 0.50:
bbox AP:45.5072, 30.3496, 29.6700
bev  AP:11.0193, 9.6781, 9.6992
3d   AP:10.9626, 9.8849, 9.9144
aos  AP:35.82, 23.56, 22.85
Cyclist AP_R40@0.50, 0.50, 0.50:
bbox AP:44.7390, 26.5579, 25.1000
bev  AP:3.0514, 1.5785, 1.5714
3d   AP:2.8923, 1.5288, 1.5490
aos  AP:35.20, 20.74, 19.65
Cyclist AP@0.50, 0.25, 0.25:
bbox AP:45.5072, 30.3496, 29.6700
bev  AP:18.1378, 14.0717, 14.0647
3d   AP:17.8342, 13.9480, 13.8750
aos  AP:35.82, 23.56, 22.85
Cyclist AP_R40@0.50, 0.25, 0.25:
bbox AP:44.7390, 26.5579, 25.1000
bev  AP:11.7035, 6.6117, 6.5277
3d   AP:11.2969, 6.4172, 6.0359
aos  AP:35.20, 20.74, 19.65

[2026-08-21 12:29:27] INFO   Val Car Moderate mAP: 6.4913
[2026-08-21 12:29:27] INFO   Best: 9.6539 @ epoch 139
[2026-08-21 12:30:08] INFO Epoch[146] [37/371]  total=17.9584  loss_ce=0.0851  loss_bbox=0.0220  loss_depth=0.7817  loss_center=0.0118
[2026-08-21 12:30:48] INFO Epoch[146] [74/371]  total=5.5874  loss_ce=0.0117  loss_bbox=0.0066  loss_depth=0.4105  loss_center=0.0022
[2026-08-21 12:31:29] INFO Epoch[146] [111/371]  total=11.6790  loss_ce=0.0504  loss_bbox=0.0085  loss_depth=0.9815  loss_center=0.0070
[2026-08-21 12:32:10] INFO Epoch[146] [148/371]  total=15.1833  loss_ce=0.0609  loss_bbox=0.0128  loss_depth=0.7083  loss_center=0.0066
[2026-08-21 12:32:51] INFO Epoch[146] [185/371]  total=11.8307  loss_ce=0.0589  loss_bbox=0.0078  loss_depth=0.8402  loss_center=0.0049
[2026-08-21 12:33:32] INFO Epoch[146] [222/371]  total=6.2558  loss_ce=0.0332  loss_bbox=0.0033  loss_depth=0.3522  loss_center=0.0017
[2026-08-21 12:34:13] INFO Epoch[146] [259/371]  total=2.9685  loss_ce=0.0084  loss_bbox=0.0040  loss_depth=-0.0840  loss_center=0.0015
[2026-08-21 12:34:54] INFO Epoch[146] [296/371]  total=4.1098  loss_ce=0.0173  loss_bbox=0.0041  loss_depth=0.2539  loss_center=0.0033
[2026-08-21 12:35:35] INFO Epoch[146] [333/371]  total=16.4049  loss_ce=0.1016  loss_bbox=0.0183  loss_depth=1.1564  loss_center=0.0091
[2026-08-21 12:36:16] INFO Epoch[146] [370/371]  total=2.4995  loss_ce=0.0192  loss_bbox=0.0045  loss_depth=0.0311  loss_center=0.0023
[2026-08-21 12:36:17] INFO Epoch [146/249] avg_loss=11.2598  time=409.9s  lr=2.00e-05
[2026-08-21 12:36:18] INFO Checkpoint saved after epoch 146
[2026-08-21 12:41:55] INFO ==> Loading detections and GTs...
[2026-08-21 12:41:56] INFO ==> Evaluating (official)...
[2026-08-21 12:43:39] INFO Pedestrian AP@0.50, 0.50, 0.50:
bbox AP:64.1929, 56.5778, 48.8382
bev  AP:15.4122, 14.5558, 12.6712
3d   AP:10.0435, 7.9110, 7.7479
aos  AP:54.53, 47.82, 41.40
Pedestrian AP_R40@0.50, 0.50, 0.50:
bbox AP:65.0681, 56.7716, 48.2034
bev  AP:8.9830, 7.4680, 6.3405
3d   AP:7.4919, 6.0533, 5.1530
aos  AP:53.94, 46.80, 39.47
Pedestrian AP@0.50, 0.25, 0.25:
bbox AP:64.1929, 56.5778, 48.8382
bev  AP:31.1773, 26.7712, 24.3596
3d   AP:30.4626, 26.5125, 24.2029
aos  AP:54.53, 47.82, 41.40
Pedestrian AP_R40@0.50, 0.25, 0.25:
bbox AP:65.0681, 56.7716, 48.2034
bev  AP:27.7023, 23.1565, 19.4809
3d   AP:27.2797, 22.8955, 19.1466
aos  AP:53.94, 46.80, 39.47

[2026-08-21 12:45:23] INFO Car AP@0.70, 0.70, 0.70:
bbox AP:84.3027, 75.1188, 67.2905
bev  AP:24.9524, 21.6790, 18.4727
3d   AP:13.6377, 15.5572, 14.4942
aos  AP:82.66, 72.34, 63.86
Car AP_R40@0.70, 0.70, 0.70:
bbox AP:86.9481, 77.0359, 70.3705
bev  AP:22.5937, 16.7814, 13.9296
3d   AP:11.9626, 9.0435, 7.6404
aos  AP:85.12, 73.94, 66.25
Car AP@0.70, 0.50, 0.50:
bbox AP:84.3027, 75.1188, 67.2905
bev  AP:54.5394, 41.6215, 35.8497
3d   AP:48.8090, 39.2583, 33.6993
aos  AP:82.66, 72.34, 63.86
Car AP_R40@0.70, 0.50, 0.50:
bbox AP:86.9481, 77.0359, 70.3705
bev  AP:52.7095, 38.9664, 33.3376
3d   AP:48.3254, 35.4439, 30.1045
aos  AP:85.12, 73.94, 66.25

[2026-08-21 12:47:06] INFO Cyclist AP@0.50, 0.50, 0.50:
bbox AP:48.3818, 30.4055, 29.5942
bev  AP:11.8835, 9.8508, 9.6991
3d   AP:10.9091, 9.6364, 9.6564
aos  AP:38.94, 23.92, 23.25
Cyclist AP_R40@0.50, 0.50, 0.50:
bbox AP:45.9351, 26.4940, 25.2220
bev  AP:3.8661, 2.0682, 1.7971
3d   AP:3.2613, 1.6650, 1.5634
aos  AP:36.81, 21.03, 20.01
Cyclist AP@0.50, 0.25, 0.25:
bbox AP:48.3818, 30.4055, 29.5942
bev  AP:18.5253, 14.0274, 13.9887
3d   AP:17.9523, 13.6922, 12.6100
aos  AP:38.94, 23.92, 23.25
Cyclist AP_R40@0.50, 0.25, 0.25:
bbox AP:45.9351, 26.4940, 25.2220
bev  AP:12.7917, 6.9294, 6.4901
3d   AP:11.6094, 6.2116, 5.5236
aos  AP:36.81, 21.03, 20.01

[2026-08-21 12:47:06] INFO   Val Car Moderate mAP: 9.0435
[2026-08-21 12:47:06] INFO   Best: 9.6539 @ epoch 139
[2026-08-21 12:47:47] INFO Epoch[147] [37/371]  total=14.2108  loss_ce=0.1553  loss_bbox=0.0320  loss_depth=0.6425  loss_center=0.0097
[2026-08-21 12:48:28] INFO Epoch[147] [74/371]  total=17.9996  loss_ce=0.1072  loss_bbox=0.0147  loss_depth=1.0554  loss_center=0.0079
[2026-08-21 12:49:09] INFO Epoch[147] [111/371]  total=3.3668  loss_ce=0.0551  loss_bbox=0.0054  loss_depth=-0.0832  loss_center=0.0044
[2026-08-21 12:49:50] INFO Epoch[147] [148/371]  total=6.6614  loss_ce=0.0296  loss_bbox=0.0089  loss_depth=0.1202  loss_center=0.0058
[2026-08-21 12:50:31] INFO Epoch[147] [185/371]  total=32.0219  loss_ce=0.2087  loss_bbox=0.0392  loss_depth=1.5517  loss_center=0.0222
[2026-08-21 12:51:11] INFO Epoch[147] [222/371]  total=16.9838  loss_ce=0.0950  loss_bbox=0.0141  loss_depth=1.1363  loss_center=0.0086
[2026-08-21 12:51:52] INFO Epoch[147] [259/371]  total=9.7762  loss_ce=0.0374  loss_bbox=0.0175  loss_depth=0.5994  loss_center=0.0081
[2026-08-21 12:52:33] INFO Epoch[147] [296/371]  total=14.0174  loss_ce=0.0956  loss_bbox=0.0193  loss_depth=0.7408  loss_center=0.0098
[2026-08-21 12:53:13] INFO Epoch[147] [333/371]  total=8.0476  loss_ce=0.0527  loss_bbox=0.0039  loss_depth=0.5762  loss_center=0.0018
[2026-08-21 12:53:53] INFO Epoch[147] [370/371]  total=11.8389  loss_ce=0.0388  loss_bbox=0.0133  loss_depth=0.7538  loss_center=0.0056
[2026-08-21 12:53:55] INFO Epoch [147/249] avg_loss=11.1420  time=408.5s  lr=2.00e-05
[2026-08-21 12:53:55] INFO Checkpoint saved after epoch 147
[2026-08-21 12:59:30] INFO ==> Loading detections and GTs...
[2026-08-21 12:59:31] INFO ==> Evaluating (official)...
[2026-08-21 13:01:16] INFO Pedestrian AP@0.50, 0.50, 0.50:
bbox AP:64.0331, 56.5298, 48.7033
bev  AP:8.5784, 7.2785, 7.0619
3d   AP:7.2638, 6.2623, 6.0189
aos  AP:54.93, 48.33, 41.49
Pedestrian AP_R40@0.50, 0.50, 0.50:
bbox AP:64.7883, 56.5575, 48.0215
bev  AP:6.7178, 5.7774, 4.8674
3d   AP:5.2353, 4.7705, 4.0091
aos  AP:54.47, 47.12, 39.79
Pedestrian AP@0.50, 0.25, 0.25:
bbox AP:64.0331, 56.5298, 48.7033
bev  AP:28.1996, 24.8752, 20.0407
3d   AP:25.2433, 24.2597, 19.8448
aos  AP:54.93, 48.33, 41.49
Pedestrian AP_R40@0.50, 0.25, 0.25:
bbox AP:64.7883, 56.5575, 48.0215
bev  AP:23.3011, 20.4735, 16.4671
3d   AP:22.0050, 19.2510, 15.9712
aos  AP:54.47, 47.12, 39.79

[2026-08-21 13:03:02] INFO Car AP@0.70, 0.70, 0.70:
bbox AP:83.2495, 74.6236, 66.8981
bev  AP:25.0052, 20.6913, 17.6564
3d   AP:12.6661, 10.3667, 10.2453
aos  AP:81.78, 72.05, 63.64
Car AP_R40@0.70, 0.70, 0.70:
bbox AP:85.7446, 76.4871, 69.9102
bev  AP:19.8384, 14.9458, 12.3396
3d   AP:10.5279, 8.3035, 7.1573
aos  AP:84.13, 73.63, 65.99
Car AP@0.70, 0.50, 0.50:
bbox AP:83.2495, 74.6236, 66.8981
bev  AP:53.4499, 40.4916, 35.2513
3d   AP:46.9930, 35.2900, 32.9770
aos  AP:81.78, 72.05, 63.64
Car AP_R40@0.70, 0.50, 0.50:
bbox AP:85.7446, 76.4871, 69.9102
bev  AP:51.1834, 37.1198, 32.7256
3d   AP:45.3890, 33.4861, 29.3454
aos  AP:84.13, 73.63, 65.99

[2026-08-21 13:04:47] INFO Cyclist AP@0.50, 0.50, 0.50:
bbox AP:42.6168, 28.9048, 28.6809
bev  AP:10.7546, 9.6173, 9.6379
3d   AP:10.7438, 9.8941, 9.9096
aos  AP:32.85, 21.98, 21.77
Cyclist AP_R40@0.50, 0.50, 0.50:
bbox AP:41.4727, 25.2120, 23.9437
bev  AP:2.7390, 1.3432, 1.3713
3d   AP:2.7352, 1.4154, 1.4418
aos  AP:31.68, 19.22, 18.24
Cyclist AP@0.50, 0.25, 0.25:
bbox AP:42.6168, 28.9048, 28.6809
bev  AP:17.6401, 13.6871, 13.8032
3d   AP:17.2160, 13.5758, 12.4788
aos  AP:32.85, 21.98, 21.77
Cyclist AP_R40@0.50, 0.25, 0.25:
bbox AP:41.4727, 25.2120, 23.9437
bev  AP:10.9220, 6.1485, 6.1273
3d   AP:10.2548, 5.8865, 5.2581
aos  AP:31.68, 19.22, 18.24

[2026-08-21 13:04:47] INFO   Val Car Moderate mAP: 8.3035
[2026-08-21 13:04:47] INFO   Best: 9.6539 @ epoch 139
[2026-08-21 13:05:28] INFO Epoch[148] [37/371]  total=8.3092  loss_ce=0.0526  loss_bbox=0.0189  loss_depth=0.0725  loss_center=0.0102
[2026-08-21 13:06:08] INFO Epoch[148] [74/371]  total=11.3208  loss_ce=0.0844  loss_bbox=0.0381  loss_depth=-0.2112  loss_center=0.0119
[2026-08-21 13:06:49] INFO Epoch[148] [111/371]  total=11.6026  loss_ce=0.0746  loss_bbox=0.0183  loss_depth=0.4501  loss_center=0.0112
[2026-08-21 13:07:30] INFO Epoch[148] [148/371]  total=29.6057  loss_ce=0.2239  loss_bbox=0.0439  loss_depth=1.5848  loss_center=0.0247
[2026-08-21 13:08:11] INFO Epoch[148] [185/371]  total=2.3782  loss_ce=0.0010  loss_bbox=0.0017  loss_depth=0.2228  loss_center=0.0012
[2026-08-21 13:08:52] INFO Epoch[148] [222/371]  total=12.0765  loss_ce=0.0905  loss_bbox=0.0173  loss_depth=0.6750  loss_center=0.0088
[2026-08-21 13:09:33] INFO Epoch[148] [259/371]  total=2.1593  loss_ce=0.0879  loss_bbox=0.0166  loss_depth=-0.5649  loss_center=0.0095
[2026-08-21 13:10:14] INFO Epoch[148] [296/371]  total=7.7165  loss_ce=0.0158  loss_bbox=0.0057  loss_depth=0.4181  loss_center=0.0023
[2026-08-21 13:10:55] INFO Epoch[148] [333/371]  total=14.6660  loss_ce=0.1159  loss_bbox=0.0194  loss_depth=1.0054  loss_center=0.0084
[2026-08-21 13:11:36] INFO Epoch[148] [370/371]  total=1.7258  loss_ce=0.0110  loss_bbox=0.0041  loss_depth=-0.0538  loss_center=0.0027
[2026-08-21 13:11:37] INFO Epoch [148/249] avg_loss=11.1157  time=409.9s  lr=2.00e-05
[2026-08-21 13:11:38] INFO Checkpoint saved after epoch 148
[2026-08-21 13:17:14] INFO ==> Loading detections and GTs...
[2026-08-21 13:17:15] INFO ==> Evaluating (official)...
[2026-08-21 13:19:02] INFO Pedestrian AP@0.50, 0.50, 0.50:
bbox AP:64.0833, 56.5537, 48.7941
bev  AP:9.5295, 9.0913, 7.4607
3d   AP:8.0084, 6.7395, 6.5391
aos  AP:54.54, 48.02, 41.34
Pedestrian AP_R40@0.50, 0.50, 0.50:
bbox AP:63.4655, 55.0652, 48.2082
bev  AP:7.3612, 6.7695, 5.2250
3d   AP:6.0426, 5.4107, 4.5176
aos  AP:52.87, 45.61, 39.51
Pedestrian AP@0.50, 0.25, 0.25:
bbox AP:64.0833, 56.5537, 48.7941
bev  AP:30.4547, 26.4253, 24.3443
3d   AP:29.3976, 25.8292, 20.7009
aos  AP:54.54, 48.02, 41.34
Pedestrian AP_R40@0.50, 0.25, 0.25:
bbox AP:63.4655, 55.0652, 48.2082
bev  AP:26.1666, 22.7552, 19.0068
3d   AP:25.1228, 21.1809, 17.4763
aos  AP:52.87, 45.61, 39.51

[2026-08-21 13:20:49] INFO Car AP@0.70, 0.70, 0.70:
bbox AP:84.3461, 74.9238, 67.0473
bev  AP:24.4528, 20.3968, 17.6046
3d   AP:11.6382, 10.5571, 8.5710
aos  AP:82.68, 72.16, 63.50
Car AP_R40@0.70, 0.70, 0.70:
bbox AP:86.8430, 76.7835, 70.0617
bev  AP:19.2168, 14.6779, 12.1337
3d   AP:10.0526, 8.2729, 6.6459
aos  AP:85.00, 73.68, 65.83
Car AP@0.70, 0.50, 0.50:
bbox AP:84.3461, 74.9238, 67.0473
bev  AP:53.1783, 40.7361, 35.3376
3d   AP:46.9277, 35.3956, 33.0426
aos  AP:82.68, 72.16, 63.50
Car AP_R40@0.70, 0.50, 0.50:
bbox AP:86.8430, 76.7835, 70.0617
bev  AP:51.1435, 38.1939, 32.9147
3d   AP:45.2295, 33.5148, 29.4412
aos  AP:85.00, 73.68, 65.83

[2026-08-21 13:22:35] INFO Cyclist AP@0.50, 0.50, 0.50:
bbox AP:47.8986, 29.7070, 29.8709
bev  AP:11.9517, 9.8802, 9.8586
3d   AP:11.1047, 9.7923, 9.8047
aos  AP:37.88, 22.83, 22.97
Cyclist AP_R40@0.50, 0.50, 0.50:
bbox AP:45.0967, 27.0709, 26.2997
bev  AP:3.7776, 2.0664, 1.8196
3d   AP:3.1624, 1.6871, 1.6100
aos  AP:35.24, 20.87, 20.35
Cyclist AP@0.50, 0.25, 0.25:
bbox AP:47.8986, 29.7070, 29.8709
bev  AP:18.2684, 13.8676, 13.9596
3d   AP:17.7447, 13.6523, 13.8342
aos  AP:37.88, 22.83, 22.97
Cyclist AP_R40@0.50, 0.25, 0.25:
bbox AP:45.0967, 27.0709, 26.2997
bev  AP:12.3115, 6.7515, 6.3969
3d   AP:11.0903, 6.2758, 6.0817
aos  AP:35.24, 20.87, 20.35

[2026-08-21 13:22:35] INFO   Val Car Moderate mAP: 8.2729
[2026-08-21 13:22:36] INFO   Best: 9.6539 @ epoch 139
[2026-08-21 13:23:17] INFO Epoch[149] [37/371]  total=5.4130  loss_ce=0.0285  loss_bbox=0.0089  loss_depth=0.2316  loss_center=0.0038
[2026-08-21 13:23:57] INFO Epoch[149] [74/371]  total=8.0997  loss_ce=0.0744  loss_bbox=0.0076  loss_depth=0.2170  loss_center=0.0047
[2026-08-21 13:24:38] INFO Epoch[149] [111/371]  total=19.5975  loss_ce=0.0698  loss_bbox=0.0306  loss_depth=0.7998  loss_center=0.0204
[2026-08-21 13:25:18] INFO Epoch[149] [148/371]  total=31.2818  loss_ce=0.1093  loss_bbox=0.0348  loss_depth=2.1123  loss_center=0.0204
[2026-08-21 13:25:59] INFO Epoch[149] [185/371]  total=14.7463  loss_ce=0.1426  loss_bbox=0.0150  loss_depth=0.6098  loss_center=0.0123
[2026-08-21 13:26:40] INFO Epoch[149] [222/371]  total=16.3801  loss_ce=0.0832  loss_bbox=0.0157  loss_depth=1.4576  loss_center=0.0113
[2026-08-21 13:27:20] INFO Epoch[149] [259/371]  total=12.2021  loss_ce=0.1076  loss_bbox=0.0163  loss_depth=0.5430  loss_center=0.0068
[2026-08-21 13:28:01] INFO Epoch[149] [296/371]  total=13.1190  loss_ce=0.0784  loss_bbox=0.0088  loss_depth=0.7112  loss_center=0.0039
[2026-08-21 13:28:41] INFO Epoch[149] [333/371]  total=1.8450  loss_ce=0.0152  loss_bbox=0.0096  loss_depth=-0.1048  loss_center=0.0019
[2026-08-21 13:29:22] INFO Epoch[149] [370/371]  total=14.9601  loss_ce=0.1141  loss_bbox=0.0281  loss_depth=0.8456  loss_center=0.0116
[2026-08-21 13:29:23] INFO Epoch [149/249] avg_loss=10.9851  time=406.9s  lr=2.00e-05
[2026-08-21 13:29:23] INFO Checkpoint saved after epoch 149
[2026-08-21 13:35:01] INFO ==> Loading detections and GTs...
[2026-08-21 13:35:01] INFO ==> Evaluating (official)...
[2026-08-21 13:36:43] INFO Pedestrian AP@0.50, 0.50, 0.50:
bbox AP:64.6605, 56.7847, 49.0661
bev  AP:15.7799, 14.7620, 12.7441
3d   AP:14.8425, 12.5148, 12.2676
aos  AP:54.19, 47.51, 40.94
Pedestrian AP_R40@0.50, 0.50, 0.50:
bbox AP:63.9783, 55.4432, 46.6905
bev  AP:9.2267, 7.6059, 6.4027
3d   AP:7.9397, 6.3516, 5.2595
aos  AP:52.29, 45.14, 37.75
Pedestrian AP@0.50, 0.25, 0.25:
bbox AP:64.6605, 56.7847, 49.0661
bev  AP:32.3714, 27.1369, 25.2352
3d   AP:31.6792, 26.8239, 24.8041
aos  AP:54.19, 47.51, 40.94
Pedestrian AP_R40@0.50, 0.25, 0.25:
bbox AP:63.9783, 55.4432, 46.6905
bev  AP:28.8819, 24.0123, 20.1025
3d   AP:28.2229, 23.5332, 19.6591
aos  AP:52.29, 45.14, 37.75

[2026-08-21 13:38:25] INFO Car AP@0.70, 0.70, 0.70:
bbox AP:83.3968, 74.8764, 67.0944
bev  AP:27.3056, 21.7330, 18.6332
3d   AP:14.7035, 12.2293, 11.1659
aos  AP:81.96, 72.28, 63.79
Car AP_R40@0.70, 0.70, 0.70:
bbox AP:85.8800, 76.7541, 70.1463
bev  AP:22.9856, 16.3957, 14.0744
3d   AP:13.0300, 9.5233, 8.1170
aos  AP:84.30, 73.89, 66.19
Car AP@0.70, 0.50, 0.50:
bbox AP:83.3968, 74.8764, 67.0944
bev  AP:54.0513, 41.2074, 35.5732
3d   AP:48.4319, 35.8627, 33.5276
aos  AP:81.96, 72.28, 63.79
Car AP_R40@0.70, 0.50, 0.50:
bbox AP:85.8800, 76.7541, 70.1463
bev  AP:51.8860, 38.5762, 33.1325
3d   AP:47.7980, 34.3138, 29.9809
aos  AP:84.30, 73.89, 66.19

[2026-08-21 13:40:07] INFO Cyclist AP@0.50, 0.50, 0.50:
bbox AP:46.1148, 30.5667, 30.3673
bev  AP:12.4755, 10.2406, 10.0556
3d   AP:11.3966, 10.0399, 10.0568
aos  AP:36.71, 24.01, 23.67
Cyclist AP_R40@0.50, 0.50, 0.50:
bbox AP:44.9640, 25.7679, 25.6017
bev  AP:4.5876, 2.5573, 2.1053
3d   AP:3.8864, 1.9760, 1.9964
aos  AP:35.81, 20.36, 20.22
Cyclist AP@0.50, 0.25, 0.25:
bbox AP:46.1148, 30.5667, 30.3673
bev  AP:19.6513, 14.4901, 14.4822
3d   AP:18.5338, 14.2203, 14.3071
aos  AP:36.71, 24.01, 23.67
Cyclist AP_R40@0.50, 0.25, 0.25:
bbox AP:44.9640, 25.7679, 25.6017
bev  AP:13.8639, 7.8994, 7.2479
3d   AP:12.1009, 6.9207, 6.6895
aos  AP:35.81, 20.36, 20.22

[2026-08-21 13:40:07] INFO   Val Car Moderate mAP: 9.5233
[2026-08-21 13:40:07] INFO   Best: 9.6539 @ epoch 139
[2026-08-21 13:40:49] INFO Epoch[150] [37/371]  total=15.6008  loss_ce=0.1494  loss_bbox=0.0153  loss_depth=0.6832  loss_center=0.0152
[2026-08-21 13:41:30] INFO Epoch[150] [74/371]  total=4.5246  loss_ce=0.0271  loss_bbox=0.0068  loss_depth=-0.1170  loss_center=0.0037
[2026-08-21 13:42:11] INFO Epoch[150] [111/371]  total=6.8210  loss_ce=0.0646  loss_bbox=0.0097  loss_depth=-0.0881  loss_center=0.0055
[2026-08-21 13:42:53] INFO Epoch[150] [148/371]  total=22.1807  loss_ce=0.1261  loss_bbox=0.0283  loss_depth=1.1479  loss_center=0.0123
[2026-08-21 13:43:34] INFO Epoch[150] [185/371]  total=5.1504  loss_ce=0.0073  loss_bbox=0.0055  loss_depth=0.4182  loss_center=0.0027
[2026-08-21 13:44:14] INFO Epoch[150] [222/371]  total=12.0926  loss_ce=0.0573  loss_bbox=0.0052  loss_depth=0.7075  loss_center=0.0044
[2026-08-21 13:44:55] INFO Epoch[150] [259/371]  total=10.8849  loss_ce=0.0636  loss_bbox=0.0153  loss_depth=0.6424  loss_center=0.0091
[2026-08-21 13:45:36] INFO Epoch[150] [296/371]  total=5.1953  loss_ce=0.0316  loss_bbox=0.0068  loss_depth=0.1201  loss_center=0.0038
[2026-08-21 13:46:17] INFO Epoch[150] [333/371]  total=3.9982  loss_ce=0.0121  loss_bbox=0.0048  loss_depth=0.2015  loss_center=0.0025
[2026-08-21 13:46:59] INFO Epoch[150] [370/371]  total=7.7832  loss_ce=0.0306  loss_bbox=0.0099  loss_depth=0.4905  loss_center=0.0043
[2026-08-21 13:47:00] INFO Epoch [150/249] avg_loss=10.8013  time=412.5s  lr=2.00e-05
[2026-08-21 13:47:00] INFO Checkpoint saved after epoch 150
[2026-08-21 13:52:36] INFO ==> Loading detections and GTs...
[2026-08-21 13:52:37] INFO ==> Evaluating (official)...
[2026-08-21 13:54:18] INFO Pedestrian AP@0.50, 0.50, 0.50:
bbox AP:63.5177, 56.0900, 48.4060
bev  AP:11.0487, 10.4875, 8.2642
3d   AP:8.6859, 7.4538, 7.1040
aos  AP:53.71, 47.33, 40.78
Pedestrian AP_R40@0.50, 0.50, 0.50:
bbox AP:62.9022, 54.6203, 47.6936
bev  AP:8.8308, 7.5540, 6.2996
3d   AP:6.8629, 5.9557, 4.9031
aos  AP:51.81, 44.83, 38.79
Pedestrian AP@0.50, 0.25, 0.25:
bbox AP:63.5177, 56.0900, 48.4060
bev  AP:31.4754, 26.8706, 24.7953
3d   AP:30.8400, 26.3313, 21.3163
aos  AP:53.71, 47.33, 40.78
Pedestrian AP_R40@0.50, 0.25, 0.25:
bbox AP:62.9022, 54.6203, 47.6936
bev  AP:27.9474, 23.4224, 19.5514
3d   AP:26.4722, 22.8015, 18.1868
aos  AP:51.81, 44.83, 38.79

[2026-08-21 13:55:59] INFO Car AP@0.70, 0.70, 0.70:
bbox AP:83.9218, 75.0959, 67.1828
bev  AP:25.1547, 20.7441, 17.6688
3d   AP:12.5645, 10.6266, 8.7705
aos  AP:82.24, 72.20, 63.64
Car AP_R40@0.70, 0.70, 0.70:
bbox AP:86.4742, 76.9804, 70.3525
bev  AP:20.1942, 15.1246, 12.4244
3d   AP:10.8724, 8.3684, 6.6852
aos  AP:84.65, 73.76, 66.12
Car AP@0.70, 0.50, 0.50:
bbox AP:83.9218, 75.0959, 67.1828
bev  AP:53.2996, 40.1201, 34.9589
3d   AP:47.3037, 35.1828, 32.6247
aos  AP:82.24, 72.20, 63.64
Car AP_R40@0.70, 0.50, 0.50:
bbox AP:86.4742, 76.9804, 70.3525
bev  AP:50.9043, 36.7131, 32.3893
3d   AP:45.7832, 33.4032, 29.2010
aos  AP:84.65, 73.76, 66.12

[2026-08-21 13:57:40] INFO Cyclist AP@0.50, 0.50, 0.50:
bbox AP:45.3728, 30.5975, 30.2932
bev  AP:12.0069, 10.0969, 9.9446
3d   AP:11.1946, 9.8860, 9.8997
aos  AP:35.73, 23.39, 23.11
Cyclist AP_R40@0.50, 0.50, 0.50:
bbox AP:44.1880, 25.9488, 25.6936
bev  AP:3.9573, 2.3042, 1.9211
3d   AP:3.5180, 2.0099, 1.8570
aos  AP:34.53, 20.01, 19.78
Cyclist AP@0.50, 0.25, 0.25:
bbox AP:45.3728, 30.5975, 30.2932
bev  AP:18.5125, 14.3382, 14.1940
3d   AP:18.4731, 14.2848, 12.7517
aos  AP:35.73, 23.39, 23.11
Cyclist AP_R40@0.50, 0.25, 0.25:
bbox AP:44.1880, 25.9488, 25.6936
bev  AP:12.1755, 6.8115, 6.7347
3d   AP:12.0926, 6.7351, 6.0842
aos  AP:34.53, 20.01, 19.78

[2026-08-21 13:57:40] INFO   Val Car Moderate mAP: 8.3684
[2026-08-21 13:57:41] INFO   Best: 9.6539 @ epoch 139
[2026-08-21 13:58:21] INFO Epoch[151] [37/371]  total=9.7478  loss_ce=0.0539  loss_bbox=0.0123  loss_depth=0.4639  loss_center=0.0070
[2026-08-21 13:59:01] INFO Epoch[151] [74/371]  total=18.6620  loss_ce=0.1340  loss_bbox=0.0400  loss_depth=0.7128  loss_center=0.0202
[2026-08-21 13:59:42] INFO Epoch[151] [111/371]  total=10.7657  loss_ce=0.0278  loss_bbox=0.0091  loss_depth=1.0268  loss_center=0.0041
[2026-08-21 14:00:23] INFO Epoch[151] [148/371]  total=13.3403  loss_ce=0.0776  loss_bbox=0.0145  loss_depth=1.0363  loss_center=0.0063
[2026-08-21 14:01:03] INFO Epoch[151] [185/371]  total=14.1335  loss_ce=0.0614  loss_bbox=0.0195  loss_depth=0.4734  loss_center=0.0075
[2026-08-21 14:01:44] INFO Epoch[151] [222/371]  total=11.5618  loss_ce=0.0704  loss_bbox=0.0279  loss_depth=0.5215  loss_center=0.0147
[2026-08-21 14:02:25] INFO Epoch[151] [259/371]  total=11.8819  loss_ce=0.0588  loss_bbox=0.0263  loss_depth=0.3438  loss_center=0.0107
[2026-08-21 14:03:05] INFO Epoch[151] [296/371]  total=6.1239  loss_ce=0.0381  loss_bbox=0.0094  loss_depth=0.3215  loss_center=0.0052
[2026-08-21 14:03:46] INFO Epoch[151] [333/371]  total=3.4728  loss_ce=0.0115  loss_bbox=0.0044  loss_depth=0.1322  loss_center=0.0021
[2026-08-21 14:04:27] INFO Epoch[151] [370/371]  total=7.3213  loss_ce=0.0265  loss_bbox=0.0049  loss_depth=0.5510  loss_center=0.0046
[2026-08-21 14:04:28] INFO Epoch [151/249] avg_loss=10.7033  time=407.2s  lr=2.00e-05
[2026-08-21 14:04:28] INFO Checkpoint saved after epoch 151
[2026-08-21 14:10:05] INFO ==> Loading detections and GTs...
[2026-08-21 14:10:06] INFO ==> Evaluating (official)...
[2026-08-21 14:11:51] INFO Pedestrian AP@0.50, 0.50, 0.50:
bbox AP:62.8592, 55.5543, 47.9677
bev  AP:11.1202, 9.9506, 7.9523
3d   AP:9.2667, 7.5043, 7.0890
aos  AP:53.71, 47.32, 40.67
Pedestrian AP_R40@0.50, 0.50, 0.50:
bbox AP:63.8215, 54.0587, 47.2559
bev  AP:8.1193, 7.0724, 5.9719
3d   AP:7.1158, 5.8122, 4.8312
aos  AP:53.23, 44.85, 38.84
Pedestrian AP@0.50, 0.25, 0.25:
bbox AP:62.8592, 55.5543, 47.9677
bev  AP:30.8240, 26.1801, 24.2023
3d   AP:30.2852, 25.6731, 23.9154
aos  AP:53.71, 47.32, 40.67
Pedestrian AP_R40@0.50, 0.25, 0.25:
bbox AP:63.8215, 54.0587, 47.2559
bev  AP:27.2671, 22.7876, 19.0100
3d   AP:26.5939, 22.1795, 18.5435
aos  AP:53.23, 44.85, 38.84

[2026-08-21 14:13:37] INFO Car AP@0.70, 0.70, 0.70:
bbox AP:84.5133, 75.1737, 67.4132
bev  AP:26.8837, 21.4294, 18.3184
3d   AP:18.3281, 15.4596, 14.4542
aos  AP:82.83, 72.42, 63.94
Car AP_R40@0.70, 0.70, 0.70:
bbox AP:87.0124, 77.0748, 70.4868
bev  AP:22.2544, 15.9632, 13.7338
3d   AP:11.7046, 8.9983, 7.5657
aos  AP:85.14, 73.97, 66.33
Car AP@0.70, 0.50, 0.50:
bbox AP:84.5133, 75.1737, 67.4132
bev  AP:54.7681, 41.3841, 35.9180
3d   AP:48.9057, 36.1472, 33.7769
aos  AP:82.83, 72.42, 63.94
Car AP_R40@0.70, 0.50, 0.50:
bbox AP:87.0124, 77.0748, 70.4868
bev  AP:52.9526, 38.9128, 33.4546
3d   AP:48.4668, 34.5384, 30.1686
aos  AP:85.14, 73.97, 66.33

[2026-08-21 14:15:21] INFO Cyclist AP@0.50, 0.50, 0.50:
bbox AP:46.6850, 31.2396, 27.7502
bev  AP:12.3186, 9.7667, 9.7785
3d   AP:11.4262, 9.7284, 9.7403
aos  AP:35.91, 23.83, 21.38
Cyclist AP_R40@0.50, 0.50, 0.50:
bbox AP:45.6354, 26.6424, 25.5026
bev  AP:4.2968, 2.0054, 2.0641
3d   AP:3.7961, 1.9327, 1.9767
aos  AP:35.33, 20.65, 19.84
Cyclist AP@0.50, 0.25, 0.25:
bbox AP:46.6850, 31.2396, 27.7502
bev  AP:19.8009, 14.6426, 14.6133
3d   AP:17.8972, 14.2912, 12.5651
aos  AP:35.91, 23.83, 21.38
Cyclist AP_R40@0.50, 0.25, 0.25:
bbox AP:45.6354, 26.6424, 25.5026
bev  AP:13.3112, 7.4245, 7.1822
3d   AP:11.1771, 6.7025, 5.8103
aos  AP:35.33, 20.65, 19.84

[2026-08-21 14:15:21] INFO   Val Car Moderate mAP: 8.9983
[2026-08-21 14:15:22] INFO   Best: 9.6539 @ epoch 139
[2026-08-21 14:16:02] INFO Epoch[152] [37/371]  total=16.3877  loss_ce=0.1491  loss_bbox=0.0209  loss_depth=0.5905  loss_center=0.0135
[2026-08-21 14:16:43] INFO Epoch[152] [74/371]  total=10.7576  loss_ce=0.0938  loss_bbox=0.0080  loss_depth=0.4989  loss_center=0.0053
[2026-08-21 14:17:23] INFO Epoch[152] [111/371]  total=3.1713  loss_ce=0.0059  loss_bbox=0.0020  loss_depth=0.3800  loss_center=0.0011
[2026-08-21 14:18:04] INFO Epoch[152] [148/371]  total=18.7715  loss_ce=0.0611  loss_bbox=0.0221  loss_depth=0.9610  loss_center=0.0134
[2026-08-21 14:18:45] INFO Epoch[152] [185/371]  total=6.6850  loss_ce=0.0814  loss_bbox=0.0153  loss_depth=-0.2882  loss_center=0.0092
[2026-08-21 14:19:26] INFO Epoch[152] [222/371]  total=10.9137  loss_ce=0.0856  loss_bbox=0.0132  loss_depth=0.5524  loss_center=0.0070
[2026-08-21 14:20:07] INFO Epoch[152] [259/371]  total=10.2725  loss_ce=0.0932  loss_bbox=0.0060  loss_depth=0.7713  loss_center=0.0033
[2026-08-21 14:20:47] INFO Epoch[152] [296/371]  total=8.5878  loss_ce=0.0433  loss_bbox=0.0118  loss_depth=0.2154  loss_center=0.0069
[2026-08-21 14:21:28] INFO Epoch[152] [333/371]  total=6.9819  loss_ce=0.0279  loss_bbox=0.0061  loss_depth=0.1932  loss_center=0.0022
[2026-08-21 14:22:08] INFO Epoch[152] [370/371]  total=13.4488  loss_ce=0.0588  loss_bbox=0.0118  loss_depth=0.9044  loss_center=0.0077
[2026-08-21 14:22:09] INFO Epoch [152/249] avg_loss=11.7477  time=407.4s  lr=2.00e-05
[2026-08-21 14:22:10] INFO Checkpoint saved after epoch 152
[2026-08-21 14:27:44] INFO ==> Loading detections and GTs...
[2026-08-21 14:27:44] INFO ==> Evaluating (official)...
[2026-08-21 14:29:30] INFO Pedestrian AP@0.50, 0.50, 0.50:
bbox AP:62.6998, 55.3509, 47.8647
bev  AP:15.4823, 14.7683, 12.6074
3d   AP:10.1779, 7.7753, 6.8843
aos  AP:53.58, 47.12, 40.61
Pedestrian AP_R40@0.50, 0.50, 0.50:
bbox AP:63.4290, 55.4324, 47.1622
bev  AP:9.4073, 7.9267, 6.4470
3d   AP:7.2002, 5.8680, 4.7390
aos  AP:53.02, 45.92, 38.72
Pedestrian AP@0.50, 0.25, 0.25:
bbox AP:62.6998, 55.3509, 47.8647
bev  AP:31.5872, 26.6580, 24.3059
3d   AP:30.7524, 26.0191, 23.9855
aos  AP:53.58, 47.12, 40.61
Pedestrian AP_R40@0.50, 0.25, 0.25:
bbox AP:63.4290, 55.4324, 47.1622
bev  AP:28.8757, 24.1797, 19.4062
3d   AP:27.2105, 22.6391, 18.8977
aos  AP:53.02, 45.92, 38.72

[2026-08-21 14:31:16] INFO Car AP@0.70, 0.70, 0.70:
bbox AP:85.6344, 75.9254, 68.0528
bev  AP:27.1442, 22.3346, 18.6794
3d   AP:13.2733, 11.8191, 10.5306
aos  AP:84.03, 73.15, 64.57
Car AP_R40@0.70, 0.70, 0.70:
bbox AP:88.3586, 77.9278, 71.2018
bev  AP:22.8009, 17.1278, 14.3276
3d   AP:11.6693, 9.5099, 7.7476
aos  AP:86.56, 74.79, 67.04
Car AP@0.70, 0.50, 0.50:
bbox AP:85.6344, 75.9254, 68.0528
bev  AP:55.9095, 42.7988, 36.7619
3d   AP:49.0904, 39.5918, 34.6046
aos  AP:84.03, 73.15, 64.57
Car AP_R40@0.70, 0.50, 0.50:
bbox AP:88.3586, 77.9278, 71.2018
bev  AP:54.8530, 40.9309, 35.5732
3d   AP:48.9617, 36.1728, 31.9530
aos  AP:86.56, 74.79, 67.04

[2026-08-21 14:33:01] INFO Cyclist AP@0.50, 0.50, 0.50:
bbox AP:47.9228, 30.2673, 30.1908
bev  AP:12.4862, 10.5305, 10.2273
3d   AP:12.1945, 10.1094, 9.8646
aos  AP:37.02, 23.64, 23.19
Cyclist AP_R40@0.50, 0.50, 0.50:
bbox AP:45.0243, 26.4305, 25.9798
bev  AP:4.7033, 2.5786, 2.4536
3d   AP:4.1884, 2.3867, 2.2135
aos  AP:35.27, 20.79, 20.34
Cyclist AP@0.50, 0.25, 0.25:
bbox AP:47.9228, 30.2673, 30.1908
bev  AP:21.0101, 14.9608, 14.7558
3d   AP:20.4302, 14.8144, 14.4814
aos  AP:37.02, 23.64, 23.19
Cyclist AP_R40@0.50, 0.25, 0.25:
bbox AP:45.0243, 26.4305, 25.9798
bev  AP:14.3214, 8.1732, 7.8159
3d   AP:13.5852, 7.7142, 7.3891
aos  AP:35.27, 20.79, 20.34

[2026-08-21 14:33:01] INFO   Val Car Moderate mAP: 9.5099
[2026-08-21 14:33:01] INFO   Best: 9.6539 @ epoch 139
[2026-08-21 14:33:42] INFO Epoch[153] [37/371]  total=13.7516  loss_ce=0.0736  loss_bbox=0.0162  loss_depth=0.6378  loss_center=0.0096
[2026-08-21 14:34:22] INFO Epoch[153] [74/371]  total=0.3825  loss_ce=0.0069  loss_bbox=0.0028  loss_depth=-0.1044  loss_center=0.0009
[2026-08-21 14:35:03] INFO Epoch[153] [111/371]  total=8.6507  loss_ce=0.0443  loss_bbox=0.0118  loss_depth=0.2292  loss_center=0.0062
[2026-08-21 14:35:44] INFO Epoch[153] [148/371]  total=1.7065  loss_ce=0.0097  loss_bbox=0.0005  loss_depth=0.1531  loss_center=0.0004
[2026-08-21 14:36:24] INFO Epoch[153] [185/371]  total=4.9457  loss_ce=0.0148  loss_bbox=0.0057  loss_depth=0.0656  loss_center=0.0029
[2026-08-21 14:37:05] INFO Epoch[153] [222/371]  total=3.9922  loss_ce=0.0352  loss_bbox=0.0149  loss_depth=-0.1207  loss_center=0.0051
[2026-08-21 14:37:46] INFO Epoch[153] [259/371]  total=8.9130  loss_ce=0.0373  loss_bbox=0.0149  loss_depth=0.4565  loss_center=0.0065
[2026-08-21 14:38:26] INFO Epoch[153] [296/371]  total=14.0770  loss_ce=0.0794  loss_bbox=0.0250  loss_depth=0.4639  loss_center=0.0118
[2026-08-21 14:39:07] INFO Epoch[153] [333/371]  total=12.5688  loss_ce=0.0691  loss_bbox=0.0157  loss_depth=0.8850  loss_center=0.0107
[2026-08-21 14:39:47] INFO Epoch[153] [370/371]  total=9.1390  loss_ce=0.0422  loss_bbox=0.0231  loss_depth=0.4428  loss_center=0.0116
[2026-08-21 14:39:48] INFO Epoch [153/249] avg_loss=10.4048  time=407.0s  lr=2.00e-05
[2026-08-21 14:39:49] INFO Checkpoint saved after epoch 153
[2026-08-21 14:45:23] INFO ==> Loading detections and GTs...
[2026-08-21 14:45:23] INFO ==> Evaluating (official)...
[2026-08-21 14:47:11] INFO Pedestrian AP@0.50, 0.50, 0.50:
bbox AP:64.2788, 56.6337, 48.7452
bev  AP:8.5758, 6.9926, 6.5392
3d   AP:8.2250, 6.6660, 5.9793
aos  AP:54.10, 47.46, 40.73
Pedestrian AP_R40@0.50, 0.50, 0.50:
bbox AP:65.1844, 55.0979, 48.1948
bev  AP:6.1273, 5.5882, 4.6093
3d   AP:5.7075, 4.6575, 3.7438
aos  AP:53.39, 44.93, 38.97
Pedestrian AP@0.50, 0.25, 0.25:
bbox AP:64.2788, 56.6337, 48.7452
bev  AP:25.6877, 24.4129, 20.1980
3d   AP:25.2918, 23.5248, 19.8379
aos  AP:54.10, 47.46, 40.73
Pedestrian AP_R40@0.50, 0.25, 0.25:
bbox AP:65.1844, 55.0979, 48.1948
bev  AP:22.4738, 19.6342, 16.3366
3d   AP:21.7985, 18.9347, 15.8034
aos  AP:53.39, 44.93, 38.97

[2026-08-21 14:48:59] INFO Car AP@0.70, 0.70, 0.70:
bbox AP:83.3370, 74.7141, 67.0642
bev  AP:16.9180, 17.2732, 15.9251
3d   AP:10.3270, 13.7156, 12.2540
aos  AP:81.81, 72.06, 63.60
Car AP_R40@0.70, 0.70, 0.70:
bbox AP:85.8508, 76.5509, 70.0347
bev  AP:15.4959, 12.0191, 9.8915
3d   AP:8.4448, 6.9394, 5.6930
aos  AP:84.13, 73.55, 65.91
Car AP@0.70, 0.50, 0.50:
bbox AP:83.3370, 74.7141, 67.0642
bev  AP:48.6505, 35.9305, 33.6376
3d   AP:43.2281, 33.3487, 30.9428
aos  AP:81.81, 72.06, 63.60
Car AP_R40@0.70, 0.50, 0.50:
bbox AP:85.8508, 76.5509, 70.0347
bev  AP:47.2640, 34.4235, 30.0940
3d   AP:40.5074, 30.2539, 26.3225
aos  AP:84.13, 73.55, 65.91

[2026-08-21 14:50:47] INFO Cyclist AP@0.50, 0.50, 0.50:
bbox AP:50.1934, 31.4745, 31.0656
bev  AP:6.0516, 4.5455, 4.5455
3d   AP:5.7634, 4.5455, 4.5455
aos  AP:41.00, 26.51, 26.08
Cyclist AP_R40@0.50, 0.50, 0.50:
bbox AP:48.3132, 28.5001, 27.3705
bev  AP:2.0297, 0.9847, 0.9593
3d   AP:1.7488, 0.9129, 0.8354
aos  AP:37.67, 22.20, 21.40
Cyclist AP@0.50, 0.25, 0.25:
bbox AP:50.1934, 31.4745, 31.0656
bev  AP:12.3884, 9.0344, 8.9578
3d   AP:12.2668, 9.0081, 7.7730
aos  AP:41.00, 26.51, 26.08
Cyclist AP_R40@0.50, 0.25, 0.25:
bbox AP:48.3132, 28.5001, 27.3705
bev  AP:10.1193, 5.8330, 5.7142
3d   AP:9.6017, 5.7159, 5.2301
aos  AP:37.67, 22.20, 21.40

[2026-08-21 14:50:47] INFO   Val Car Moderate mAP: 6.9394
[2026-08-21 14:50:48] INFO   Best: 9.6539 @ epoch 139
[2026-08-21 14:51:28] INFO Epoch[154] [37/371]  total=16.1412  loss_ce=0.0851  loss_bbox=0.0131  loss_depth=1.2996  loss_center=0.0076
[2026-08-21 14:52:08] INFO Epoch[154] [74/371]  total=10.6424  loss_ce=0.0240  loss_bbox=0.0045  loss_depth=0.8967  loss_center=0.0069
[2026-08-21 14:52:49] INFO Epoch[154] [111/371]  total=57.9964  loss_ce=0.1658  loss_bbox=0.0565  loss_depth=2.9905  loss_center=0.0508
[2026-08-21 14:53:30] INFO Epoch[154] [148/371]  total=4.0276  loss_ce=0.0151  loss_bbox=0.0082  loss_depth=0.0845  loss_center=0.0049
[2026-08-21 14:54:11] INFO Epoch[154] [185/371]  total=6.1313  loss_ce=0.0291  loss_bbox=0.0091  loss_depth=0.4160  loss_center=0.0038
[2026-08-21 14:54:52] INFO Epoch[154] [222/371]  total=9.3561  loss_ce=0.0352  loss_bbox=0.0047  loss_depth=0.8522  loss_center=0.0049
[2026-08-21 14:55:32] INFO Epoch[154] [259/371]  total=16.0814  loss_ce=0.1092  loss_bbox=0.0112  loss_depth=1.0720  loss_center=0.0074
[2026-08-21 14:56:13] INFO Epoch[154] [296/371]  total=19.7887  loss_ce=0.0502  loss_bbox=0.0159  loss_depth=1.3894  loss_center=0.0118
[2026-08-21 14:56:53] INFO Epoch[154] [333/371]  total=18.1397  loss_ce=0.0727  loss_bbox=0.0134  loss_depth=1.1332  loss_center=0.0068
[2026-08-21 14:57:34] INFO Epoch[154] [370/371]  total=1.8405  loss_ce=0.0105  loss_bbox=0.0080  loss_depth=-0.0051  loss_center=0.0047
[2026-08-21 14:57:35] INFO Epoch [154/249] avg_loss=10.4742  time=407.2s  lr=2.00e-05
[2026-08-21 14:57:35] INFO Checkpoint saved after epoch 154
[2026-08-21 15:03:11] INFO ==> Loading detections and GTs...
[2026-08-21 15:03:11] INFO ==> Evaluating (official)...
[2026-08-21 15:04:53] INFO Pedestrian AP@0.50, 0.50, 0.50:
bbox AP:63.6898, 56.2430, 48.5145
bev  AP:11.8424, 10.7757, 8.5784
3d   AP:10.8765, 8.0628, 7.6751
aos  AP:53.73, 47.30, 40.72
Pedestrian AP_R40@0.50, 0.50, 0.50:
bbox AP:62.9798, 54.6871, 47.8678
bev  AP:9.2612, 7.7739, 6.5101
3d   AP:7.9191, 6.2886, 5.2882
aos  AP:51.94, 44.78, 38.83
Pedestrian AP@0.50, 0.25, 0.25:
bbox AP:63.6898, 56.2430, 48.5145
bev  AP:31.7760, 27.0766, 24.8828
3d   AP:30.8822, 26.3859, 24.4626
aos  AP:53.73, 47.30, 40.72
Pedestrian AP_R40@0.50, 0.25, 0.25:
bbox AP:62.9798, 54.6871, 47.8678
bev  AP:28.4034, 23.6350, 19.7938
3d   AP:27.5124, 22.8737, 19.1538
aos  AP:51.94, 44.78, 38.83

[2026-08-21 15:06:35] INFO Car AP@0.70, 0.70, 0.70:
bbox AP:83.0713, 75.0506, 67.1738
bev  AP:27.2695, 22.1852, 18.9357
3d   AP:14.1081, 12.1443, 10.8942
aos  AP:81.72, 72.51, 63.93
Car AP_R40@0.70, 0.70, 0.70:
bbox AP:85.5331, 76.9002, 70.2594
bev  AP:23.0650, 17.2592, 14.4576
3d   AP:12.4352, 9.4907, 8.1119
aos  AP:84.02, 74.04, 66.37
Car AP@0.70, 0.50, 0.50:
bbox AP:83.0713, 75.0506, 67.1738
bev  AP:53.7945, 41.9892, 36.0038
3d   AP:47.6600, 38.9444, 33.7731
aos  AP:81.72, 72.51, 63.93
Car AP_R40@0.70, 0.50, 0.50:
bbox AP:85.5331, 76.9002, 70.2594
bev  AP:51.9926, 39.0652, 34.6927
3d   AP:47.1558, 35.2281, 30.1688
aos  AP:84.02, 74.04, 66.37

[2026-08-21 15:08:17] INFO Cyclist AP@0.50, 0.50, 0.50:
bbox AP:45.4327, 30.3088, 30.0141
bev  AP:6.1439, 3.9707, 3.7084
3d   AP:6.0762, 3.6525, 3.6739
aos  AP:37.96, 25.85, 25.60
Cyclist AP_R40@0.50, 0.50, 0.50:
bbox AP:44.4620, 26.7023, 25.5417
bev  AP:4.0882, 2.2934, 1.9957
3d   AP:3.8988, 1.8669, 1.9074
aos  AP:35.20, 21.04, 20.29
Cyclist AP@0.50, 0.25, 0.25:
bbox AP:45.4327, 30.3088, 30.0141
bev  AP:13.1794, 9.2165, 9.0559
3d   AP:13.0330, 8.9224, 8.8793
aos  AP:37.96, 25.85, 25.60
Cyclist AP_R40@0.50, 0.25, 0.25:
bbox AP:44.4620, 26.7023, 25.5417
bev  AP:12.5560, 7.4468, 6.8687
3d   AP:12.4292, 7.2322, 6.5862
aos  AP:35.20, 21.04, 20.29

[2026-08-21 15:08:17] INFO   Val Car Moderate mAP: 9.4907
[2026-08-21 15:08:18] INFO   Best: 9.6539 @ epoch 139
[2026-08-21 15:08:59] INFO Epoch[155] [37/371]  total=13.3076  loss_ce=0.0604  loss_bbox=0.0157  loss_depth=1.0976  loss_center=0.0084
[2026-08-21 15:09:40] INFO Epoch[155] [74/371]  total=40.4681  loss_ce=0.2187  loss_bbox=0.0276  loss_depth=2.2053  loss_center=0.0202
[2026-08-21 15:10:21] INFO Epoch[155] [111/371]  total=19.3017  loss_ce=0.1055  loss_bbox=0.0223  loss_depth=0.9883  loss_center=0.0148
[2026-08-21 15:11:02] INFO Epoch[155] [148/371]  total=11.1875  loss_ce=0.0152  loss_bbox=0.0054  loss_depth=0.5390  loss_center=0.0046
[2026-08-21 15:11:43] INFO Epoch[155] [185/371]  total=7.0780  loss_ce=0.0464  loss_bbox=0.0090  loss_depth=0.3205  loss_center=0.0054
[2026-08-21 15:12:24] INFO Epoch[155] [222/371]  total=3.0705  loss_ce=0.0424  loss_bbox=0.0037  loss_depth=0.0792  loss_center=0.0018
[2026-08-21 15:13:04] INFO Epoch[155] [259/371]  total=6.5147  loss_ce=0.0295  loss_bbox=0.0044  loss_depth=0.6296  loss_center=0.0012
[2026-08-21 15:13:45] INFO Epoch[155] [296/371]  total=1.4401  loss_ce=0.0125  loss_bbox=0.0060  loss_depth=-0.0579  loss_center=0.0022
[2026-08-21 15:14:25] INFO Epoch[155] [333/371]  total=1.8302  loss_ce=0.0062  loss_bbox=0.0040  loss_depth=-0.0614  loss_center=0.0019
[2026-08-21 15:15:06] INFO Epoch[155] [370/371]  total=6.3743  loss_ce=0.0577  loss_bbox=0.0056  loss_depth=0.2560  loss_center=0.0024
[2026-08-21 15:15:07] INFO Epoch [155/249] avg_loss=10.6936  time=409.7s  lr=2.00e-05
[2026-08-21 15:15:08] INFO Checkpoint saved after epoch 155
[2026-08-21 15:20:46] INFO ==> Loading detections and GTs...
[2026-08-21 15:20:47] INFO ==> Evaluating (official)...
[2026-08-21 15:22:29] INFO Pedestrian AP@0.50, 0.50, 0.50:
bbox AP:65.1496, 57.1698, 49.3052
bev  AP:11.3383, 10.3858, 8.0556
3d   AP:8.7793, 7.4336, 6.8623
aos  AP:55.03, 48.21, 41.48
Pedestrian AP_R40@0.50, 0.50, 0.50:
bbox AP:64.4314, 55.7858, 47.0567
bev  AP:9.1897, 7.5229, 6.2096
3d   AP:7.0990, 5.9334, 4.8450
aos  AP:53.47, 46.02, 38.49
Pedestrian AP@0.50, 0.25, 0.25:
bbox AP:65.1496, 57.1698, 49.3052
bev  AP:31.5557, 26.8373, 24.6800
3d   AP:31.2087, 26.5555, 24.4876
aos  AP:55.03, 48.21, 41.48
Pedestrian AP_R40@0.50, 0.25, 0.25:
bbox AP:64.4314, 55.7858, 47.0567
bev  AP:28.1115, 23.4142, 19.6477
3d   AP:27.7426, 23.0953, 19.3872
aos  AP:53.47, 46.02, 38.49

[2026-08-21 15:24:09] INFO Car AP@0.70, 0.70, 0.70:
bbox AP:86.1070, 76.5598, 68.5340
bev  AP:27.0745, 22.3170, 18.8075
3d   AP:14.4103, 12.4903, 10.9729
aos  AP:84.63, 73.76, 65.05
Car AP_R40@0.70, 0.70, 0.70:
bbox AP:87.3993, 78.6422, 71.7018
bev  AP:22.7670, 17.3399, 14.4193
3d   AP:12.6259, 10.1156, 8.1595
aos  AP:85.81, 75.53, 67.54
Car AP@0.70, 0.50, 0.50:
bbox AP:86.1070, 76.5598, 68.5340
bev  AP:55.1603, 42.3941, 36.3897
3d   AP:49.1378, 39.7906, 34.2560
aos  AP:84.63, 73.76, 65.05
Car AP_R40@0.70, 0.50, 0.50:
bbox AP:87.3993, 78.6422, 71.7018
bev  AP:53.4570, 39.7766, 34.0526
3d   AP:48.9503, 36.2011, 30.8089
aos  AP:85.81, 75.53, 67.54

[2026-08-21 15:25:50] INFO Cyclist AP@0.50, 0.50, 0.50:
bbox AP:45.0683, 30.0930, 30.3331
bev  AP:7.8446, 5.4665, 5.4199
3d   AP:7.8293, 5.4067, 5.4048
aos  AP:37.22, 25.37, 25.47
Cyclist AP_R40@0.50, 0.50, 0.50:
bbox AP:42.8334, 25.4026, 25.4122
bev  AP:4.3192, 2.3739, 2.0055
3d   AP:4.2735, 2.3306, 1.9755
aos  AP:33.73, 19.91, 19.99
Cyclist AP@0.50, 0.25, 0.25:
bbox AP:45.0683, 30.0930, 30.3331
bev  AP:14.5515, 10.3576, 10.0622
3d   AP:14.2336, 9.8174, 9.9091
aos  AP:37.22, 25.37, 25.47
Cyclist AP_R40@0.50, 0.25, 0.25:
bbox AP:42.8334, 25.4026, 25.4122
bev  AP:13.4421, 7.9651, 7.2186
3d   AP:12.4124, 7.1966, 6.8974
aos  AP:33.73, 19.91, 19.99

[2026-08-21 15:25:50] INFO   Val Car Moderate mAP: 10.1156
[2026-08-21 15:25:51] INFO   Best: 10.1156 @ epoch 155
[2026-08-21 15:26:32] INFO Epoch[156] [37/371]  total=25.1391  loss_ce=0.2040  loss_bbox=0.0294  loss_depth=1.2030  loss_center=0.0128
[2026-08-21 15:27:13] INFO Epoch[156] [74/371]  total=18.5472  loss_ce=0.1490  loss_bbox=0.0377  loss_depth=0.4931  loss_center=0.0196
[2026-08-21 15:27:55] INFO Epoch[156] [111/371]  total=22.5404  loss_ce=0.1416  loss_bbox=0.0179  loss_depth=1.4384  loss_center=0.0129
[2026-08-21 15:28:36] INFO Epoch[156] [148/371]  total=2.7837  loss_ce=0.0468  loss_bbox=0.0070  loss_depth=-0.2424  loss_center=0.0034
[2026-08-21 15:29:18] INFO Epoch[156] [185/371]  total=14.8117  loss_ce=0.1176  loss_bbox=0.0182  loss_depth=0.5681  loss_center=0.0080
[2026-08-21 15:29:59] INFO Epoch[156] [222/371]  total=16.9964  loss_ce=0.0980  loss_bbox=0.0209  loss_depth=0.8070  loss_center=0.0128
[2026-08-21 15:30:41] INFO Epoch[156] [259/371]  total=8.9575  loss_ce=0.0444  loss_bbox=0.0079  loss_depth=0.4307  loss_center=0.0050
[2026-08-21 15:31:22] INFO Epoch[156] [296/371]  total=13.2103  loss_ce=0.1653  loss_bbox=0.0367  loss_depth=-0.1076  loss_center=0.0144
[2026-08-21 15:32:04] INFO Epoch[156] [333/371]  total=19.2034  loss_ce=0.1069  loss_bbox=0.0239  loss_depth=0.9831  loss_center=0.0130
[2026-08-21 15:32:45] INFO Epoch[156] [370/371]  total=58.3470  loss_ce=0.1596  loss_bbox=0.0530  loss_depth=2.9350  loss_center=0.0587
[2026-08-21 15:32:47] INFO Epoch [156/249] avg_loss=10.6463  time=416.0s  lr=2.00e-05
[2026-08-21 15:32:47] INFO Checkpoint saved after epoch 156
[2026-08-21 15:38:26] INFO ==> Loading detections and GTs...
[2026-08-21 15:38:26] INFO ==> Evaluating (official)...
[2026-08-21 15:40:12] INFO Pedestrian AP@0.50, 0.50, 0.50:
bbox AP:62.9369, 55.6524, 48.0375
bev  AP:11.3490, 10.8918, 8.5455
3d   AP:10.3056, 8.2798, 7.5248
aos  AP:53.23, 46.98, 40.50
Pedestrian AP_R40@0.50, 0.50, 0.50:
bbox AP:62.1327, 54.1348, 47.4095
bev  AP:8.8272, 7.6971, 6.3266
3d   AP:7.6708, 6.2726, 5.1895
aos  AP:51.38, 44.57, 38.73
Pedestrian AP@0.50, 0.25, 0.25:
bbox AP:62.9369, 55.6524, 48.0375
bev  AP:31.1350, 26.4301, 24.2804
3d   AP:30.5775, 26.1705, 24.0344
aos  AP:53.23, 46.98, 40.50
Pedestrian AP_R40@0.50, 0.25, 0.25:
bbox AP:62.1327, 54.1348, 47.4095
bev  AP:27.5343, 23.0838, 19.3320
3d   AP:27.0837, 22.7154, 18.9239
aos  AP:51.38, 44.57, 38.73

[2026-08-21 15:41:58] INFO Car AP@0.70, 0.70, 0.70:
bbox AP:84.0273, 75.0108, 67.2807
bev  AP:26.1694, 21.6708, 18.5625
3d   AP:18.0585, 15.6351, 14.6575
aos  AP:82.69, 72.50, 63.99
Car AP_R40@0.70, 0.70, 0.70:
bbox AP:86.5524, 76.9215, 70.3603
bev  AP:21.8082, 16.5474, 14.0562
3d   AP:11.7932, 9.1056, 7.9043
aos  AP:85.07, 74.11, 66.40
Car AP@0.70, 0.50, 0.50:
bbox AP:84.0273, 75.0108, 67.2807
bev  AP:53.9560, 41.9574, 36.3267
3d   AP:48.2140, 39.1514, 34.2880
aos  AP:82.69, 72.50, 63.99
Car AP_R40@0.70, 0.50, 0.50:
bbox AP:86.5524, 76.9215, 70.3603
bev  AP:52.3052, 39.2018, 35.0452
3d   AP:47.5779, 35.5196, 30.5561
aos  AP:85.07, 74.11, 66.40

[2026-08-21 15:43:43] INFO Cyclist AP@0.50, 0.50, 0.50:
bbox AP:44.4779, 29.4916, 26.3653
bev  AP:12.1796, 9.9613, 9.7639
3d   AP:11.9388, 9.8628, 9.7297
aos  AP:35.44, 23.43, 20.80
Cyclist AP_R40@0.50, 0.50, 0.50:
bbox AP:42.4621, 25.1724, 24.0579
bev  AP:3.8944, 2.0819, 1.8417
3d   AP:3.4388, 1.8816, 1.5840
aos  AP:34.12, 20.24, 19.21
Cyclist AP@0.50, 0.25, 0.25:
bbox AP:44.4779, 29.4916, 26.3653
bev  AP:19.2411, 14.8351, 14.2990
3d   AP:18.1487, 14.0953, 14.1007
aos  AP:35.44, 23.43, 20.80
Cyclist AP_R40@0.50, 0.25, 0.25:
bbox AP:42.4621, 25.1724, 24.0579
bev  AP:13.1730, 7.6728, 7.0590
3d   AP:11.5824, 6.6962, 6.4229
aos  AP:34.12, 20.24, 19.21

[2026-08-21 15:43:43] INFO   Val Car Moderate mAP: 9.1056
[2026-08-21 15:43:44] INFO   Best: 10.1156 @ epoch 155
[2026-08-21 15:44:24] INFO Epoch[157] [37/371]  total=8.6870  loss_ce=0.0664  loss_bbox=0.0228  loss_depth=0.2008  loss_center=0.0066
[2026-08-21 15:45:04] INFO Epoch[157] [74/371]  total=19.6340  loss_ce=0.1031  loss_bbox=0.0130  loss_depth=1.3879  loss_center=0.0088
[2026-08-21 15:45:45] INFO Epoch[157] [111/371]  total=11.4414  loss_ce=0.0568  loss_bbox=0.0127  loss_depth=0.4027  loss_center=0.0058
[2026-08-21 15:46:26] INFO Epoch[157] [148/371]  total=8.0353  loss_ce=0.0408  loss_bbox=0.0152  loss_depth=0.5612  loss_center=0.0037
[2026-08-21 15:47:07] INFO Epoch[157] [185/371]  total=6.1432  loss_ce=0.0115  loss_bbox=0.0035  loss_depth=0.5512  loss_center=0.0042
[2026-08-21 15:47:48] INFO Epoch[157] [222/371]  total=17.0474  loss_ce=0.0699  loss_bbox=0.0168  loss_depth=1.2065  loss_center=0.0082
[2026-08-21 15:48:28] INFO Epoch[157] [259/371]  total=5.1021  loss_ce=0.0321  loss_bbox=0.0065  loss_depth=0.0443  loss_center=0.0029
[2026-08-21 15:49:09] INFO Epoch[157] [296/371]  total=24.6144  loss_ce=0.0882  loss_bbox=0.0218  loss_depth=1.8922  loss_center=0.0131
[2026-08-21 15:49:50] INFO Epoch[157] [333/371]  total=16.0404  loss_ce=0.1072  loss_bbox=0.0194  loss_depth=0.6331  loss_center=0.0086
[2026-08-21 15:50:30] INFO Epoch[157] [370/371]  total=12.8219  loss_ce=0.1026  loss_bbox=0.0157  loss_depth=0.2148  loss_center=0.0092
[2026-08-21 15:50:31] INFO Epoch [157/249] avg_loss=10.7821  time=407.9s  lr=2.00e-05
[2026-08-21 15:50:32] INFO Checkpoint saved after epoch 157
[2026-08-21 15:56:07] INFO ==> Loading detections and GTs...
[2026-08-21 15:56:08] INFO ==> Evaluating (official)...
[2026-08-21 15:57:50] INFO Pedestrian AP@0.50, 0.50, 0.50:
bbox AP:63.9052, 56.4581, 48.8251
bev  AP:15.5769, 14.6237, 12.6263
3d   AP:14.8175, 12.5222, 12.1589
aos  AP:53.72, 47.52, 41.07
Pedestrian AP_R40@0.50, 0.50, 0.50:
bbox AP:63.2211, 54.9774, 48.0996
bev  AP:9.3354, 7.5382, 6.2792
3d   AP:8.3766, 6.1366, 4.9827
aos  AP:51.91, 44.98, 39.02
Pedestrian AP@0.50, 0.25, 0.25:
bbox AP:63.9052, 56.4581, 48.8251
bev  AP:32.1499, 27.0375, 24.8287
3d   AP:31.3220, 26.3444, 24.3761
aos  AP:53.72, 47.52, 41.07
Pedestrian AP_R40@0.50, 0.25, 0.25:
bbox AP:63.2211, 54.9774, 48.0996
bev  AP:29.3175, 23.6781, 19.7019
3d   AP:27.6219, 23.0481, 19.2087
aos  AP:51.91, 44.98, 39.02

[2026-08-21 15:59:32] INFO Car AP@0.70, 0.70, 0.70:
bbox AP:83.4446, 74.8254, 67.0683
bev  AP:26.9251, 21.5457, 18.4071
3d   AP:13.8567, 11.9965, 11.0383
aos  AP:81.89, 72.08, 63.52
Car AP_R40@0.70, 0.70, 0.70:
bbox AP:85.9964, 76.7179, 70.1187
bev  AP:22.4667, 16.2620, 13.4055
3d   AP:11.8738, 9.3935, 7.9356
aos  AP:84.29, 73.64, 65.88
Car AP@0.70, 0.50, 0.50:
bbox AP:83.4446, 74.8254, 67.0683
bev  AP:53.7196, 40.7344, 35.5358
3d   AP:47.8867, 35.5859, 33.2508
aos  AP:81.89, 72.08, 63.52
Car AP_R40@0.70, 0.50, 0.50:
bbox AP:85.9964, 76.7179, 70.1187
bev  AP:51.6244, 37.4141, 33.0188
3d   AP:46.4454, 33.9891, 29.7588
aos  AP:84.29, 73.64, 65.88

[2026-08-21 16:01:13] INFO Cyclist AP@0.50, 0.50, 0.50:
bbox AP:45.2003, 30.1433, 30.0854
bev  AP:11.8762, 9.9770, 9.7587
3d   AP:10.7993, 9.7243, 9.7352
aos  AP:35.76, 23.78, 23.74
Cyclist AP_R40@0.50, 0.50, 0.50:
bbox AP:44.2718, 25.5944, 25.4005
bev  AP:3.5970, 2.0871, 1.6391
3d   AP:3.0787, 1.6948, 1.6083
aos  AP:34.93, 20.25, 20.12
Cyclist AP@0.50, 0.25, 0.25:
bbox AP:45.2003, 30.1433, 30.0854
bev  AP:18.5262, 14.5400, 13.9870
3d   AP:18.1979, 14.1307, 13.8373
aos  AP:35.76, 23.78, 23.74
Cyclist AP_R40@0.50, 0.25, 0.25:
bbox AP:44.2718, 25.5944, 25.4005
bev  AP:12.8187, 7.6521, 6.9946
3d   AP:11.8054, 7.2585, 6.5679
aos  AP:34.93, 20.25, 20.12

[2026-08-21 16:01:13] INFO   Val Car Moderate mAP: 9.3935
[2026-08-21 16:01:14] INFO   Best: 10.1156 @ epoch 155
[2026-08-21 16:01:54] INFO Epoch[158] [37/371]  total=3.9485  loss_ce=0.0268  loss_bbox=0.0034  loss_depth=0.2168  loss_center=0.0012
[2026-08-21 16:02:35] INFO Epoch[158] [74/371]  total=9.0580  loss_ce=0.0256  loss_bbox=0.0123  loss_depth=0.1378  loss_center=0.0049
[2026-08-21 16:03:17] INFO Epoch[158] [111/371]  total=8.4616  loss_ce=0.0539  loss_bbox=0.0126  loss_depth=0.3967  loss_center=0.0053
[2026-08-21 16:03:58] INFO Epoch[158] [148/371]  total=13.9426  loss_ce=0.0500  loss_bbox=0.0205  loss_depth=0.9037  loss_center=0.0133
[2026-08-21 16:04:38] INFO Epoch[158] [185/371]  total=18.2834  loss_ce=0.0476  loss_bbox=0.0182  loss_depth=1.5369  loss_center=0.0118
[2026-08-21 16:05:19] INFO Epoch[158] [222/371]  total=7.4196  loss_ce=0.0522  loss_bbox=0.0097  loss_depth=0.3668  loss_center=0.0044
[2026-08-21 16:06:00] INFO Epoch[158] [259/371]  total=0.7699  loss_ce=0.0101  loss_bbox=0.0128  loss_depth=-0.4783  loss_center=0.0046
[2026-08-21 16:06:41] INFO Epoch[158] [296/371]  total=1.6138  loss_ce=0.0155  loss_bbox=0.0124  loss_depth=-0.3905  loss_center=0.0055
[2026-08-21 16:07:22] INFO Epoch[158] [333/371]  total=25.1949  loss_ce=0.1190  loss_bbox=0.0478  loss_depth=1.1550  loss_center=0.0253
[2026-08-21 16:08:03] INFO Epoch[158] [370/371]  total=28.8354  loss_ce=0.1576  loss_bbox=0.0341  loss_depth=1.9442  loss_center=0.0175
[2026-08-21 16:08:04] INFO Epoch [158/249] avg_loss=10.3976  time=410.7s  lr=2.00e-05
[2026-08-21 16:08:05] INFO Checkpoint saved after epoch 158
[2026-08-21 16:13:40] INFO ==> Loading detections and GTs...
[2026-08-21 16:13:40] INFO ==> Evaluating (official)...
[2026-08-21 16:15:26] INFO Pedestrian AP@0.50, 0.50, 0.50:
bbox AP:63.4364, 55.9703, 48.4439
bev  AP:10.7860, 10.6813, 8.5964
3d   AP:9.3036, 9.6557, 7.7244
aos  AP:52.80, 46.45, 40.12
Pedestrian AP_R40@0.50, 0.50, 0.50:
bbox AP:62.7110, 54.5371, 47.7304
bev  AP:8.9246, 7.6433, 6.4780
3d   AP:7.3372, 6.5851, 5.0845
aos  AP:50.92, 44.15, 38.22
Pedestrian AP@0.50, 0.25, 0.25:
bbox AP:63.4364, 55.9703, 48.4439
bev  AP:30.8854, 26.8413, 24.6845
3d   AP:30.3939, 26.5753, 24.3688
aos  AP:52.80, 46.45, 40.12
Pedestrian AP_R40@0.50, 0.25, 0.25:
bbox AP:62.7110, 54.5371, 47.7304
bev  AP:27.7941, 23.4055, 19.4884
3d   AP:27.2365, 23.0215, 19.1846
aos  AP:50.92, 44.15, 38.22

[2026-08-21 16:17:12] INFO Car AP@0.70, 0.70, 0.70:
bbox AP:82.8972, 74.8267, 67.1353
bev  AP:26.7221, 21.5130, 18.4419
3d   AP:18.5729, 15.8308, 14.7029
aos  AP:81.51, 72.20, 63.77
Car AP_R40@0.70, 0.70, 0.70:
bbox AP:85.3147, 76.6629, 70.1753
bev  AP:22.2190, 16.0773, 13.8901
3d   AP:12.4198, 9.3531, 7.9969
aos  AP:83.77, 73.73, 66.15
Car AP@0.70, 0.50, 0.50:
bbox AP:82.8972, 74.8267, 67.1353
bev  AP:53.7778, 41.2548, 35.7906
3d   AP:47.5098, 35.5915, 33.5047
aos  AP:81.51, 72.20, 63.77
Car AP_R40@0.70, 0.50, 0.50:
bbox AP:85.3147, 76.6629, 70.1753
bev  AP:51.6574, 38.6068, 33.2985
3d   AP:46.9524, 33.8984, 29.8654
aos  AP:83.77, 73.73, 66.15

[2026-08-21 16:18:57] INFO Cyclist AP@0.50, 0.50, 0.50:
bbox AP:46.6916, 29.4875, 29.5657
bev  AP:11.8810, 9.9272, 9.6903
3d   AP:11.8270, 9.7309, 9.7529
aos  AP:38.26, 24.04, 23.97
Cyclist AP_R40@0.50, 0.50, 0.50:
bbox AP:44.0007, 26.5099, 25.7237
bev  AP:3.8326, 2.1210, 1.8733
3d   AP:3.6229, 1.8548, 1.8038
aos  AP:36.00, 21.44, 20.81
Cyclist AP@0.50, 0.25, 0.25:
bbox AP:46.6916, 29.4875, 29.5657
bev  AP:18.7322, 14.2265, 14.1421
3d   AP:17.6729, 13.8680, 13.5498
aos  AP:38.26, 24.04, 23.97
Cyclist AP_R40@0.50, 0.25, 0.25:
bbox AP:44.0007, 26.5099, 25.7237
bev  AP:12.9768, 7.3968, 6.8106
3d   AP:11.7220, 6.3941, 6.1571
aos  AP:36.00, 21.44, 20.81

[2026-08-21 16:18:57] INFO   Val Car Moderate mAP: 9.3531
[2026-08-21 16:18:58] INFO   Best: 10.1156 @ epoch 155
[2026-08-21 16:19:38] INFO Epoch[159] [37/371]  total=13.3929  loss_ce=0.0867  loss_bbox=0.0197  loss_depth=0.7714  loss_center=0.0067
[2026-08-21 16:20:19] INFO Epoch[159] [74/371]  total=2.7154  loss_ce=0.0319  loss_bbox=0.0060  loss_depth=-0.2337  loss_center=0.0025
[2026-08-21 16:20:59] INFO Epoch[159] [111/371]  total=14.1544  loss_ce=0.1251  loss_bbox=0.0177  loss_depth=0.6219  loss_center=0.0096
[2026-08-21 16:21:40] INFO Epoch[159] [148/371]  total=4.1065  loss_ce=0.0149  loss_bbox=0.0045  loss_depth=0.1127  loss_center=0.0032
[2026-08-21 16:22:21] INFO Epoch[159] [185/371]  total=11.3315  loss_ce=0.0617  loss_bbox=0.0163  loss_depth=0.4225  loss_center=0.0092
[2026-08-21 16:23:02] INFO Epoch[159] [222/371]  total=3.5647  loss_ce=0.0441  loss_bbox=0.0056  loss_depth=0.2062  loss_center=0.0023
[2026-08-21 16:23:42] INFO Epoch[159] [259/371]  total=5.2604  loss_ce=0.0618  loss_bbox=0.0082  loss_depth=-0.0853  loss_center=0.0028
[2026-08-21 16:24:23] INFO Epoch[159] [296/371]  total=10.8497  loss_ce=0.0642  loss_bbox=0.0163  loss_depth=0.2729  loss_center=0.0093
[2026-08-21 16:25:03] INFO Epoch[159] [333/371]  total=17.1085  loss_ce=0.1070  loss_bbox=0.0347  loss_depth=0.4307  loss_center=0.0172
[2026-08-21 16:25:44] INFO Epoch[159] [370/371]  total=9.5025  loss_ce=0.0599  loss_bbox=0.0081  loss_depth=0.4564  loss_center=0.0036
[2026-08-21 16:25:45] INFO Epoch [159/249] avg_loss=10.1974  time=407.4s  lr=2.00e-05
[2026-08-21 16:25:46] INFO Checkpoint saved after epoch 159
[2026-08-21 16:31:21] INFO ==> Loading detections and GTs...
[2026-08-21 16:31:21] INFO ==> Evaluating (official)...
[2026-08-21 16:32:58] INFO Pedestrian AP@0.50, 0.50, 0.50:
bbox AP:65.0236, 57.2222, 49.5365
bev  AP:16.2785, 14.9980, 12.9214
3d   AP:14.9891, 12.6860, 12.2574
aos  AP:54.62, 47.70, 41.25
Pedestrian AP_R40@0.50, 0.50, 0.50:
bbox AP:64.5927, 55.9448, 47.1508
bev  AP:9.9003, 8.0000, 6.7528
3d   AP:8.0131, 6.2705, 5.1628
aos  AP:53.02, 45.54, 38.16
Pedestrian AP@0.50, 0.25, 0.25:
bbox AP:65.0236, 57.2222, 49.5365
bev  AP:32.9935, 27.6749, 25.5679
3d   AP:31.9313, 26.9592, 24.9831
aos  AP:54.62, 47.70, 41.25
Pedestrian AP_R40@0.50, 0.25, 0.25:
bbox AP:64.5927, 55.9448, 47.1508
bev  AP:29.5235, 24.4475, 20.3794
3d   AP:28.5014, 23.6444, 19.7510
aos  AP:53.02, 45.54, 38.16

[2026-08-21 16:34:35] INFO Car AP@0.70, 0.70, 0.70:
bbox AP:83.2013, 75.0127, 67.3889
bev  AP:24.4666, 19.4830, 16.5827
3d   AP:13.7107, 11.7421, 10.8094
aos  AP:81.82, 72.39, 63.99
Car AP_R40@0.70, 0.70, 0.70:
bbox AP:84.1381, 75.2390, 68.6401
bev  AP:22.3924, 16.2825, 14.2470
3d   AP:12.0285, 9.1704, 7.8939
aos  AP:82.66, 72.42, 64.79
Car AP@0.70, 0.50, 0.50:
bbox AP:83.2013, 75.0127, 67.3889
bev  AP:54.6576, 41.8176, 36.3671
3d   AP:48.4505, 36.0848, 34.0589
aos  AP:81.82, 72.39, 63.99
Car AP_R40@0.70, 0.50, 0.50:
bbox AP:84.1381, 75.2390, 68.6401
bev  AP:52.6249, 39.3246, 33.9080
3d   AP:47.0517, 34.7195, 30.5441
aos  AP:82.66, 72.42, 64.79

[2026-08-21 16:36:10] INFO Cyclist AP@0.50, 0.50, 0.50:
bbox AP:43.5654, 26.7155, 26.5434
bev  AP:11.4050, 9.7018, 9.7129
3d   AP:11.4050, 9.6539, 9.6651
aos  AP:35.30, 21.75, 21.53
Cyclist AP_R40@0.50, 0.50, 0.50:
bbox AP:42.2813, 24.2410, 23.9635
bev  AP:3.5957, 1.9130, 1.8537
3d   AP:3.1521, 1.8873, 1.6906
aos  AP:34.10, 19.39, 19.17
Cyclist AP@0.50, 0.25, 0.25:
bbox AP:43.5654, 26.7155, 26.5434
bev  AP:18.2080, 14.1768, 13.9255
3d   AP:16.8504, 13.6730, 12.0715
aos  AP:35.30, 21.75, 21.53
Cyclist AP_R40@0.50, 0.25, 0.25:
bbox AP:42.2813, 24.2410, 23.9635
bev  AP:12.6097, 6.9254, 6.7661
3d   AP:10.4312, 5.9757, 5.4608
aos  AP:34.10, 19.39, 19.17

[2026-08-21 16:36:10] INFO   Val Car Moderate mAP: 9.1704
[2026-08-21 16:36:11] INFO   Best: 10.1156 @ epoch 155
[2026-08-21 16:36:52] INFO Epoch[160] [37/371]  total=4.0001  loss_ce=0.0274  loss_bbox=0.0041  loss_depth=0.1144  loss_center=0.0014
[2026-08-21 16:37:33] INFO Epoch[160] [74/371]  total=0.8004  loss_ce=0.0345  loss_bbox=0.0148  loss_depth=-0.4428  loss_center=0.0042
[2026-08-21 16:38:14] INFO Epoch[160] [111/371]  total=13.3037  loss_ce=0.0696  loss_bbox=0.0181  loss_depth=0.4255  loss_center=0.0098
[2026-08-21 16:38:54] INFO Epoch[160] [148/371]  total=19.9311  loss_ce=0.1089  loss_bbox=0.0066  loss_depth=1.8893  loss_center=0.0048
[2026-08-21 16:39:35] INFO Epoch[160] [185/371]  total=7.4995  loss_ce=0.0556  loss_bbox=0.0065  loss_depth=0.6131  loss_center=0.0044
[2026-08-21 16:40:16] INFO Epoch[160] [222/371]  total=35.4515  loss_ce=0.1468  loss_bbox=0.0455  loss_depth=0.9978  loss_center=0.0202
[2026-08-21 16:40:56] INFO Epoch[160] [259/371]  total=5.3096  loss_ce=0.0164  loss_bbox=0.0064  loss_depth=0.2631  loss_center=0.0030
[2026-08-21 16:41:37] INFO Epoch[160] [296/371]  total=17.2860  loss_ce=0.0815  loss_bbox=0.0189  loss_depth=1.0334  loss_center=0.0139
[2026-08-21 16:42:18] INFO Epoch[160] [333/371]  total=14.7438  loss_ce=0.0893  loss_bbox=0.0085  loss_depth=1.2504  loss_center=0.0071
[2026-08-21 16:42:58] INFO Epoch[160] [370/371]  total=17.5537  loss_ce=0.0968  loss_bbox=0.0100  loss_depth=0.9267  loss_center=0.0070
[2026-08-21 16:42:59] INFO Epoch [160/249] avg_loss=11.1031  time=408.3s  lr=2.00e-05
[2026-08-21 16:43:00] INFO Checkpoint saved after epoch 160
[2026-08-21 16:48:36] INFO ==> Loading detections and GTs...
[2026-08-21 16:48:37] INFO ==> Evaluating (official)...
[2026-08-21 16:50:20] INFO Pedestrian AP@0.50, 0.50, 0.50:
bbox AP:64.4302, 56.7554, 48.9285
bev  AP:15.8905, 14.8489, 12.7172
3d   AP:14.5014, 12.3323, 12.1306
aos  AP:54.52, 47.88, 41.15
Pedestrian AP_R40@0.50, 0.50, 0.50:
bbox AP:63.7712, 55.2797, 48.3120
bev  AP:9.2896, 7.7635, 6.5793
3d   AP:7.3718, 5.9953, 4.9969
aos  AP:52.96, 45.47, 39.36
Pedestrian AP@0.50, 0.25, 0.25:
bbox AP:64.4302, 56.7554, 48.9285
bev  AP:32.6690, 27.4359, 25.1066
3d   AP:31.9453, 27.0087, 24.8375
aos  AP:54.52, 47.88, 41.15
Pedestrian AP_R40@0.50, 0.25, 0.25:
bbox AP:63.7712, 55.2797, 48.3120
bev  AP:29.9567, 25.1584, 20.0671
3d   AP:28.4274, 23.6773, 19.6385
aos  AP:52.96, 45.47, 39.36

[2026-08-21 16:52:02] INFO Car AP@0.70, 0.70, 0.70:
bbox AP:84.4641, 75.9545, 67.8904
bev  AP:27.4552, 22.2409, 18.8025
3d   AP:14.7966, 16.1719, 14.9834
aos  AP:83.18, 73.48, 64.67
Car AP_R40@0.70, 0.70, 0.70:
bbox AP:87.1575, 77.9432, 71.0432
bev  AP:23.1864, 17.3891, 14.4360
3d   AP:13.1309, 9.7643, 8.3231
aos  AP:85.76, 75.15, 67.21
Car AP@0.70, 0.50, 0.50:
bbox AP:84.4641, 75.9545, 67.8904
bev  AP:54.9446, 42.3968, 36.3569
3d   AP:49.0338, 39.7081, 34.1641
aos  AP:83.18, 73.48, 64.67
Car AP_R40@0.70, 0.50, 0.50:
bbox AP:87.1575, 77.9432, 71.0432
bev  AP:53.2593, 39.6944, 33.9976
3d   AP:48.9217, 36.0213, 30.6752
aos  AP:85.76, 75.15, 67.21

[2026-08-21 16:53:45] INFO Cyclist AP@0.50, 0.50, 0.50:
bbox AP:47.0106, 29.6960, 29.2143
bev  AP:12.1838, 9.9567, 9.8919
3d   AP:11.8455, 9.8107, 9.6758
aos  AP:37.81, 23.44, 23.25
Cyclist AP_R40@0.50, 0.50, 0.50:
bbox AP:44.3594, 26.5074, 25.4847
bev  AP:4.3366, 2.2375, 2.2370
3d   AP:3.6709, 2.0998, 1.7783
aos  AP:35.42, 20.94, 20.31
Cyclist AP@0.50, 0.25, 0.25:
bbox AP:47.0106, 29.6960, 29.2143
bev  AP:19.6277, 14.2901, 14.0286
3d   AP:18.1323, 14.0909, 13.8045
aos  AP:37.81, 23.44, 23.25
Cyclist AP_R40@0.50, 0.25, 0.25:
bbox AP:44.3594, 26.5074, 25.4847
bev  AP:13.0590, 7.4424, 7.0504
3d   AP:11.9472, 6.8264, 6.3575
aos  AP:35.42, 20.94, 20.31

[2026-08-21 16:53:45] INFO   Val Car Moderate mAP: 9.7643
[2026-08-21 16:53:45] INFO   Best: 10.1156 @ epoch 155
[2026-08-21 16:54:26] INFO Epoch[161] [37/371]  total=8.2677  loss_ce=0.0361  loss_bbox=0.0058  loss_depth=0.5400  loss_center=0.0027
[2026-08-21 16:55:08] INFO Epoch[161] [74/371]  total=4.7834  loss_ce=0.0193  loss_bbox=0.0045  loss_depth=0.3939  loss_center=0.0025
[2026-08-21 16:55:49] INFO Epoch[161] [111/371]  total=9.6597  loss_ce=0.0670  loss_bbox=0.0157  loss_depth=0.2124  loss_center=0.0047
[2026-08-21 16:56:30] INFO Epoch[161] [148/371]  total=2.5838  loss_ce=0.0222  loss_bbox=0.0041  loss_depth=0.0164  loss_center=0.0012
[2026-08-21 16:57:12] INFO Epoch[161] [185/371]  total=6.3711  loss_ce=0.0633  loss_bbox=0.0185  loss_depth=0.1152  loss_center=0.0073
[2026-08-21 16:57:53] INFO Epoch[161] [222/371]  total=8.6255  loss_ce=0.0484  loss_bbox=0.0070  loss_depth=0.4170  loss_center=0.0042
[2026-08-21 16:58:34] INFO Epoch[161] [259/371]  total=12.1635  loss_ce=0.0400  loss_bbox=0.0157  loss_depth=0.7320  loss_center=0.0068
[2026-08-21 16:59:16] INFO Epoch[161] [296/371]  total=8.5494  loss_ce=0.0605  loss_bbox=0.0219  loss_depth=0.0426  loss_center=0.0098
[2026-08-21 16:59:57] INFO Epoch[161] [333/371]  total=19.9231  loss_ce=0.1136  loss_bbox=0.0220  loss_depth=1.4762  loss_center=0.0125
[2026-08-21 17:00:38] INFO Epoch[161] [370/371]  total=15.2598  loss_ce=0.0641  loss_bbox=0.0101  loss_depth=0.9369  loss_center=0.0053
[2026-08-21 17:00:39] INFO Epoch [161/249] avg_loss=10.1463  time=414.4s  lr=2.00e-05
[2026-08-21 17:00:40] INFO Checkpoint saved after epoch 161
[2026-08-21 17:06:16] INFO ==> Loading detections and GTs...
[2026-08-21 17:06:16] INFO ==> Evaluating (official)...
[2026-08-21 17:07:58] INFO Pedestrian AP@0.50, 0.50, 0.50:
bbox AP:63.0045, 55.4674, 47.9536
bev  AP:15.5020, 14.7630, 12.7239
3d   AP:14.4522, 12.5074, 12.1781
aos  AP:52.18, 45.87, 39.62
Pedestrian AP_R40@0.50, 0.50, 0.50:
bbox AP:62.0217, 53.7492, 45.4112
bev  AP:8.8999, 7.4480, 6.1399
3d   AP:7.4240, 5.9602, 4.8993
aos  AP:50.06, 43.21, 36.29
Pedestrian AP@0.50, 0.25, 0.25:
bbox AP:63.0045, 55.4674, 47.9536
bev  AP:31.1500, 26.7454, 24.4680
3d   AP:30.7634, 26.4864, 24.3187
aos  AP:52.18, 45.87, 39.62
Pedestrian AP_R40@0.50, 0.25, 0.25:
bbox AP:62.0217, 53.7492, 45.4112
bev  AP:27.8877, 23.2647, 19.3381
3d   AP:27.5221, 22.9667, 19.0068
aos  AP:50.06, 43.21, 36.29

[2026-08-21 17:09:40] INFO Car AP@0.70, 0.70, 0.70:
bbox AP:81.5305, 73.8901, 66.3613
bev  AP:26.7347, 22.0755, 18.7223
3d   AP:14.0030, 15.9555, 14.8101
aos  AP:80.17, 71.31, 63.02
Car AP_R40@0.70, 0.70, 0.70:
bbox AP:83.7679, 75.5966, 67.4431
bev  AP:22.1415, 16.9555, 14.1954
3d   AP:12.3989, 9.8741, 8.1139
aos  AP:82.26, 72.69, 63.69
Car AP@0.70, 0.50, 0.50:
bbox AP:81.5305, 73.8901, 66.3613
bev  AP:54.0832, 42.0081, 36.0571
3d   AP:47.7810, 38.9136, 33.7926
aos  AP:80.17, 71.31, 63.02
Car AP_R40@0.70, 0.50, 0.50:
bbox AP:83.7679, 75.5966, 67.4431
bev  AP:52.7485, 39.0953, 34.6657
3d   AP:47.1812, 35.2728, 30.1301
aos  AP:82.26, 72.69, 63.69

[2026-08-21 17:11:22] INFO Cyclist AP@0.50, 0.50, 0.50:
bbox AP:48.8821, 29.8410, 29.9570
bev  AP:5.1403, 3.2522, 3.1350
3d   AP:5.1261, 3.0947, 3.1094
aos  AP:40.40, 25.28, 25.20
Cyclist AP_R40@0.50, 0.50, 0.50:
bbox AP:45.7628, 26.5046, 26.5787
bev  AP:3.8722, 2.1435, 1.9203
3d   AP:3.8022, 1.8960, 1.8639
aos  AP:36.25, 20.73, 20.87
Cyclist AP@0.50, 0.25, 0.25:
bbox AP:48.8821, 29.8410, 29.9570
bev  AP:13.2048, 8.8768, 8.6816
3d   AP:12.7182, 8.5804, 8.3090
aos  AP:40.40, 25.28, 25.20
Cyclist AP_R40@0.50, 0.25, 0.25:
bbox AP:45.7628, 26.5046, 26.5787
bev  AP:11.9966, 6.6447, 6.2622
3d   AP:11.6491, 6.3484, 5.9615
aos  AP:36.25, 20.73, 20.87

[2026-08-21 17:11:22] INFO   Val Car Moderate mAP: 9.8741
[2026-08-21 17:11:22] INFO   Best: 10.1156 @ epoch 155
[2026-08-21 17:12:04] INFO Epoch[162] [37/371]  total=7.2846  loss_ce=0.0215  loss_bbox=0.0045  loss_depth=0.4238  loss_center=0.0024
[2026-08-21 17:12:45] INFO Epoch[162] [74/371]  total=19.1998  loss_ce=0.0789  loss_bbox=0.0304  loss_depth=0.8819  loss_center=0.0139
[2026-08-21 17:13:26] INFO Epoch[162] [111/371]  total=5.8093  loss_ce=0.0125  loss_bbox=0.0035  loss_depth=0.4216  loss_center=0.0019
[2026-08-21 17:14:08] INFO Epoch[162] [148/371]  total=6.0235  loss_ce=0.0329  loss_bbox=0.0084  loss_depth=0.0832  loss_center=0.0035
[2026-08-21 17:14:49] INFO Epoch[162] [185/371]  total=2.3572  loss_ce=0.0056  loss_bbox=0.0017  loss_depth=0.0451  loss_center=0.0008
[2026-08-21 17:15:31] INFO Epoch[162] [222/371]  total=5.4053  loss_ce=0.0436  loss_bbox=0.0117  loss_depth=0.1313  loss_center=0.0038
[2026-08-21 17:16:12] INFO Epoch[162] [259/371]  total=21.4237  loss_ce=0.0682  loss_bbox=0.0292  loss_depth=0.7985  loss_center=0.0119
[2026-08-21 17:16:54] INFO Epoch[162] [296/371]  total=7.5313  loss_ce=0.0745  loss_bbox=0.0191  loss_depth=-0.0811  loss_center=0.0088
[2026-08-21 17:17:35] INFO Epoch[162] [333/371]  total=36.1770  loss_ce=0.1852  loss_bbox=0.0330  loss_depth=1.9057  loss_center=0.0219
[2026-08-21 17:18:16] INFO Epoch[162] [370/371]  total=14.7879  loss_ce=0.1219  loss_bbox=0.0196  loss_depth=-0.1670  loss_center=0.0117
[2026-08-21 17:18:17] INFO Epoch [162/249] avg_loss=10.0523  time=415.0s  lr=2.00e-05
[2026-08-21 17:18:18] INFO Checkpoint saved after epoch 162
[2026-08-21 17:23:57] INFO ==> Loading detections and GTs...
[2026-08-21 17:23:57] INFO ==> Evaluating (official)...
[2026-08-21 17:25:44] INFO Pedestrian AP@0.50, 0.50, 0.50:
bbox AP:64.1178, 56.3601, 48.7164
bev  AP:15.4212, 14.8291, 12.7852
3d   AP:14.4287, 12.5222, 12.1027
aos  AP:53.55, 46.88, 40.49
Pedestrian AP_R40@0.50, 0.50, 0.50:
bbox AP:63.5909, 55.0617, 46.4491
bev  AP:8.9219, 7.5605, 6.4122
3d   AP:7.2118, 6.0066, 4.9513
aos  AP:51.69, 44.59, 37.40
Pedestrian AP@0.50, 0.25, 0.25:
bbox AP:64.1178, 56.3601, 48.7164
bev  AP:32.5026, 27.6140, 25.1574
3d   AP:31.7363, 26.7224, 24.7016
aos  AP:53.55, 46.88, 40.49
Pedestrian AP_R40@0.50, 0.25, 0.25:
bbox AP:63.5909, 55.0617, 46.4491
bev  AP:29.1660, 24.1991, 20.2187
3d   AP:28.4204, 23.4969, 19.6436
aos  AP:51.69, 44.59, 37.40

[2026-08-21 17:27:31] INFO Car AP@0.70, 0.70, 0.70:
bbox AP:83.5463, 75.4248, 67.5481
bev  AP:26.4245, 21.9185, 18.5823
3d   AP:13.7433, 15.8777, 14.6962
aos  AP:81.97, 72.62, 64.03
Car AP_R40@0.70, 0.70, 0.70:
bbox AP:86.0475, 77.2064, 70.5571
bev  AP:21.9376, 16.8352, 14.1539
3d   AP:12.0723, 9.6318, 7.9471
aos  AP:84.29, 74.10, 66.36
Car AP@0.70, 0.50, 0.50:
bbox AP:83.5463, 75.4248, 67.5481
bev  AP:53.7018, 42.0477, 36.3329
3d   AP:48.0387, 39.2212, 34.1745
aos  AP:81.97, 72.62, 64.03
Car AP_R40@0.70, 0.50, 0.50:
bbox AP:86.0475, 77.2064, 70.5571
bev  AP:52.0267, 39.2455, 34.9210
3d   AP:47.6683, 35.7236, 30.6017
aos  AP:84.29, 74.10, 66.36

[2026-08-21 17:29:18] INFO Cyclist AP@0.50, 0.50, 0.50:
bbox AP:44.1447, 29.4656, 29.5064
bev  AP:5.7435, 3.8004, 3.3521
3d   AP:5.0007, 3.0174, 3.1623
aos  AP:36.65, 24.75, 24.78
Cyclist AP_R40@0.50, 0.50, 0.50:
bbox AP:43.9652, 26.2662, 25.2923
bev  AP:4.1382, 2.3275, 2.2204
3d   AP:3.5013, 1.6842, 1.7027
aos  AP:34.67, 20.44, 19.86
Cyclist AP@0.50, 0.25, 0.25:
bbox AP:44.1447, 29.4656, 29.5064
bev  AP:14.9830, 9.7331, 9.0260
3d   AP:12.8922, 8.9176, 7.2966
aos  AP:36.65, 24.75, 24.78
Cyclist AP_R40@0.50, 0.25, 0.25:
bbox AP:43.9652, 26.2662, 25.2923
bev  AP:12.8035, 6.9806, 6.4525
3d   AP:11.6678, 6.4204, 5.7284
aos  AP:34.67, 20.44, 19.86

[2026-08-21 17:29:18] INFO   Val Car Moderate mAP: 9.6318
[2026-08-21 17:29:18] INFO   Best: 10.1156 @ epoch 155
[2026-08-21 17:29:59] INFO Epoch[163] [37/371]  total=3.0127  loss_ce=0.0041  loss_bbox=0.0045  loss_depth=0.0018  loss_center=0.0028
[2026-08-21 17:30:40] INFO Epoch[163] [74/371]  total=2.6431  loss_ce=0.0057  loss_bbox=0.0039  loss_depth=0.0843  loss_center=0.0014
[2026-08-21 17:31:22] INFO Epoch[163] [111/371]  total=11.8654  loss_ce=0.0522  loss_bbox=0.0099  loss_depth=1.0544  loss_center=0.0062
[2026-08-21 17:32:03] INFO Epoch[163] [148/371]  total=8.3832  loss_ce=0.0535  loss_bbox=0.0147  loss_depth=-0.0962  loss_center=0.0063
[2026-08-21 17:32:45] INFO Epoch[163] [185/371]  total=2.9992  loss_ce=0.0146  loss_bbox=0.0109  loss_depth=0.0396  loss_center=0.0018
[2026-08-21 17:33:26] INFO Epoch[163] [222/371]  total=9.6776  loss_ce=0.0763  loss_bbox=0.0076  loss_depth=0.3819  loss_center=0.0045
[2026-08-21 17:34:07] INFO Epoch[163] [259/371]  total=16.5157  loss_ce=0.0859  loss_bbox=0.0192  loss_depth=0.5990  loss_center=0.0123
[2026-08-21 17:34:49] INFO Epoch[163] [296/371]  total=7.1960  loss_ce=0.0437  loss_bbox=0.0109  loss_depth=0.3414  loss_center=0.0045
[2026-08-21 17:35:30] INFO Epoch[163] [333/371]  total=12.4222  loss_ce=0.0633  loss_bbox=0.0192  loss_depth=0.2000  loss_center=0.0083
[2026-08-21 17:36:11] INFO Epoch[163] [370/371]  total=10.8847  loss_ce=0.0818  loss_bbox=0.0116  loss_depth=0.2828  loss_center=0.0043
[2026-08-21 17:36:12] INFO Epoch [163/249] avg_loss=10.5307  time=414.2s  lr=2.00e-05
[2026-08-21 17:36:13] INFO Checkpoint saved after epoch 163
[2026-08-21 17:41:49] INFO ==> Loading detections and GTs...
[2026-08-21 17:41:50] INFO ==> Evaluating (official)...
[2026-08-21 17:43:30] INFO Pedestrian AP@0.50, 0.50, 0.50:
bbox AP:63.3725, 55.8487, 48.3442
bev  AP:11.4113, 10.5068, 8.6810
3d   AP:9.6518, 7.9254, 7.6669
aos  AP:54.13, 47.58, 41.07
Pedestrian AP_R40@0.50, 0.50, 0.50:
bbox AP:62.7111, 54.4239, 45.9641
bev  AP:9.1648, 7.7592, 6.4667
3d   AP:7.3038, 5.9583, 5.0411
aos  AP:52.46, 45.34, 38.00
Pedestrian AP@0.50, 0.25, 0.25:
bbox AP:63.3725, 55.8487, 48.3442
bev  AP:31.1428, 26.8774, 24.6951
3d   AP:30.2474, 26.2472, 21.1615
aos  AP:54.13, 47.58, 41.07
Pedestrian AP_R40@0.50, 0.25, 0.25:
bbox AP:62.7111, 54.4239, 45.9641
bev  AP:28.1825, 23.5255, 19.6159
3d   AP:26.3611, 22.6918, 18.1164
aos  AP:52.46, 45.34, 38.00

[2026-08-21 17:45:11] INFO Car AP@0.70, 0.70, 0.70:
bbox AP:84.4654, 75.6991, 67.7571
bev  AP:25.2693, 19.0504, 17.5135
3d   AP:17.2588, 14.5720, 12.9364
aos  AP:82.46, 72.57, 64.00
Car AP_R40@0.70, 0.70, 0.70:
bbox AP:85.5901, 75.9742, 69.1236
bev  AP:20.3859, 14.5157, 12.3917
3d   AP:10.8728, 8.0559, 6.8266
aos  AP:83.44, 72.65, 64.85
Car AP@0.70, 0.50, 0.50:
bbox AP:84.4654, 75.6991, 67.7571
bev  AP:50.5150, 37.0309, 34.6299
3d   AP:46.7672, 34.8863, 32.3128
aos  AP:82.46, 72.57, 64.00
Car AP_R40@0.70, 0.50, 0.50:
bbox AP:85.5901, 75.9742, 69.1236
bev  AP:50.2900, 35.7679, 31.2642
3d   AP:44.7219, 32.2575, 27.9710
aos  AP:83.44, 72.65, 64.85

[2026-08-21 17:46:50] INFO Cyclist AP@0.50, 0.50, 0.50:
bbox AP:46.7328, 30.6102, 30.0830
bev  AP:11.4050, 9.7252, 9.7470
3d   AP:11.2481, 9.6782, 9.7001
aos  AP:36.60, 23.42, 23.06
Cyclist AP_R40@0.50, 0.50, 0.50:
bbox AP:45.6013, 26.6918, 25.5038
bev  AP:3.8123, 1.9575, 1.8072
3d   AP:3.6337, 1.7263, 1.6575
aos  AP:35.22, 20.31, 19.59
Cyclist AP@0.50, 0.25, 0.25:
bbox AP:46.7328, 30.6102, 30.0830
bev  AP:18.9684, 14.1220, 14.1087
3d   AP:18.6127, 13.9871, 14.0028
aos  AP:36.60, 23.42, 23.06
Cyclist AP_R40@0.50, 0.25, 0.25:
bbox AP:45.6013, 26.6918, 25.5038
bev  AP:12.5071, 6.8904, 6.6686
3d   AP:12.0318, 6.6151, 6.3394
aos  AP:35.22, 20.31, 19.59

[2026-08-21 17:46:50] INFO   Val Car Moderate mAP: 8.0559
[2026-08-21 17:46:50] INFO   Best: 10.1156 @ epoch 155
[2026-08-21 17:47:32] INFO Epoch[164] [37/371]  total=0.5043  loss_ce=0.0123  loss_bbox=0.0029  loss_depth=-0.2276  loss_center=0.0012
[2026-08-21 17:48:13] INFO Epoch[164] [74/371]  total=11.5590  loss_ce=0.0355  loss_bbox=0.0070  loss_depth=0.8862  loss_center=0.0043
[2026-08-21 17:48:54] INFO Epoch[164] [111/371]  total=8.0900  loss_ce=0.0614  loss_bbox=0.0081  loss_depth=0.4163  loss_center=0.0048
[2026-08-21 17:49:35] INFO Epoch[164] [148/371]  total=4.3766  loss_ce=0.0156  loss_bbox=0.0111  loss_depth=-0.0513  loss_center=0.0046
[2026-08-21 17:50:16] INFO Epoch[164] [185/371]  total=1.8656  loss_ce=0.0183  loss_bbox=0.0093  loss_depth=-0.2012  loss_center=0.0045
[2026-08-21 17:50:57] INFO Epoch[164] [222/371]  total=29.3414  loss_ce=0.1860  loss_bbox=0.0324  loss_depth=2.1162  loss_center=0.0163
[2026-08-21 17:51:38] INFO Epoch[164] [259/371]  total=13.4700  loss_ce=0.0606  loss_bbox=0.0147  loss_depth=0.7997  loss_center=0.0078
[2026-08-21 17:52:19] INFO Epoch[164] [296/371]  total=4.1139  loss_ce=0.0418  loss_bbox=0.0079  loss_depth=0.0635  loss_center=0.0025
[2026-08-21 17:52:59] INFO Epoch[164] [333/371]  total=6.7081  loss_ce=0.0563  loss_bbox=0.0257  loss_depth=-0.3031  loss_center=0.0083
[2026-08-21 17:53:40] INFO Epoch[164] [370/371]  total=18.1353  loss_ce=0.0692  loss_bbox=0.0153  loss_depth=1.2665  loss_center=0.0083
[2026-08-21 17:53:41] INFO Epoch [164/249] avg_loss=10.7499  time=411.1s  lr=2.00e-05
[2026-08-21 17:53:42] INFO Checkpoint saved after epoch 164
[2026-08-21 17:59:19] INFO ==> Loading detections and GTs...
[2026-08-21 17:59:19] INFO ==> Evaluating (official)...
[2026-08-21 18:01:01] INFO Pedestrian AP@0.50, 0.50, 0.50:
bbox AP:64.2367, 56.5906, 49.0460
bev  AP:10.3131, 9.9084, 7.8479
3d   AP:8.3512, 7.3462, 6.6778
aos  AP:55.04, 48.20, 41.72
Pedestrian AP_R40@0.50, 0.50, 0.50:
bbox AP:62.2406, 53.6672, 46.7430
bev  AP:7.9929, 7.1772, 5.5731
3d   AP:6.2450, 5.6815, 4.7402
aos  AP:52.47, 44.83, 38.65
Pedestrian AP@0.50, 0.25, 0.25:
bbox AP:64.2367, 56.5906, 49.0460
bev  AP:30.2241, 26.2435, 21.1315
3d   AP:29.7255, 25.5392, 20.8343
aos  AP:55.04, 48.20, 41.72
Pedestrian AP_R40@0.50, 0.25, 0.25:
bbox AP:62.2406, 53.6672, 46.7430
bev  AP:26.0625, 21.6890, 18.0729
3d   AP:25.3334, 20.9930, 17.4558
aos  AP:52.47, 44.83, 38.65

[2026-08-21 18:02:42] INFO Car AP@0.70, 0.70, 0.70:
bbox AP:85.0176, 75.7983, 67.9094
bev  AP:24.3503, 18.5059, 17.2534
3d   AP:16.8544, 14.3859, 12.6154
aos  AP:83.16, 72.87, 64.34
Car AP_R40@0.70, 0.70, 0.70:
bbox AP:87.7652, 77.7787, 71.1107
bev  AP:18.9154, 13.9231, 11.9204
3d   AP:10.2930, 7.7672, 6.5176
aos  AP:85.67, 74.52, 66.84
Car AP@0.70, 0.50, 0.50:
bbox AP:85.0176, 75.7983, 67.9094
bev  AP:50.2944, 40.1671, 34.6612
3d   AP:46.9327, 35.0041, 32.2373
aos  AP:83.16, 72.87, 64.34
Car AP_R40@0.70, 0.50, 0.50:
bbox AP:87.7652, 77.7787, 71.1107
bev  AP:50.1835, 36.6059, 31.2186
3d   AP:44.8548, 32.2280, 27.9832
aos  AP:85.67, 74.52, 66.84

[2026-08-21 18:04:22] INFO Cyclist AP@0.50, 0.50, 0.50:
bbox AP:46.4624, 31.0677, 27.4618
bev  AP:11.1273, 9.9174, 9.9330
3d   AP:11.1111, 9.8657, 9.8814
aos  AP:36.02, 23.71, 21.56
Cyclist AP_R40@0.50, 0.50, 0.50:
bbox AP:45.1491, 26.3990, 25.2328
bev  AP:3.1086, 1.7249, 1.6689
3d   AP:3.0617, 1.5815, 1.5658
aos  AP:34.67, 20.15, 19.42
Cyclist AP@0.50, 0.25, 0.25:
bbox AP:46.4624, 31.0677, 27.4618
bev  AP:17.8074, 14.0935, 13.8450
3d   AP:17.5448, 13.9553, 12.4169
aos  AP:36.02, 23.71, 21.56
Cyclist AP_R40@0.50, 0.25, 0.25:
bbox AP:45.1491, 26.3990, 25.2328
bev  AP:11.4729, 6.3456, 6.1791
3d   AP:10.8393, 6.2041, 5.6222
aos  AP:34.67, 20.15, 19.42

[2026-08-21 18:04:22] INFO   Val Car Moderate mAP: 7.7672
[2026-08-21 18:04:23] INFO   Best: 10.1156 @ epoch 155
[2026-08-21 18:05:04] INFO Epoch[165] [37/371]  total=0.8302  loss_ce=0.0092  loss_bbox=0.0085  loss_depth=-0.2878  loss_center=0.0034
[2026-08-21 18:05:45] INFO Epoch[165] [74/371]  total=2.8408  loss_ce=0.0084  loss_bbox=0.0016  loss_depth=0.1726  loss_center=0.0010
[2026-08-21 18:06:26] INFO Epoch[165] [111/371]  total=26.1977  loss_ce=0.1984  loss_bbox=0.0216  loss_depth=0.9689  loss_center=0.0138
[2026-08-21 18:07:07] INFO Epoch[165] [148/371]  total=4.8689  loss_ce=0.0233  loss_bbox=0.0142  loss_depth=-0.1059  loss_center=0.0058
[2026-08-21 18:07:48] INFO Epoch[165] [185/371]  total=11.3977  loss_ce=0.0951  loss_bbox=0.0055  loss_depth=0.5215  loss_center=0.0041
[2026-08-21 18:08:28] INFO Epoch[165] [222/371]  total=23.7069  loss_ce=0.1222  loss_bbox=0.0317  loss_depth=1.1431  loss_center=0.0152
[2026-08-21 18:09:09] INFO Epoch[165] [259/371]  total=3.2839  loss_ce=0.0076  loss_bbox=0.0060  loss_depth=-0.1547  loss_center=0.0037
[2026-08-21 18:09:50] INFO Epoch[165] [296/371]  total=9.0969  loss_ce=0.0690  loss_bbox=0.0112  loss_depth=0.2801  loss_center=0.0065
[2026-08-21 18:10:31] INFO Epoch[165] [333/371]  total=6.6173  loss_ce=0.0585  loss_bbox=0.0124  loss_depth=0.0644  loss_center=0.0051
[2026-08-21 18:11:11] INFO Epoch[165] [370/371]  total=8.0281  loss_ce=0.0790  loss_bbox=0.0113  loss_depth=0.5952  loss_center=0.0052
[2026-08-21 18:11:13] INFO Epoch [165/249] avg_loss=10.1080  time=409.9s  lr=2.00e-05
[2026-08-21 18:11:13] INFO Checkpoint saved after epoch 165
[2026-08-21 18:16:50] INFO ==> Loading detections and GTs...
[2026-08-21 18:16:51] INFO ==> Evaluating (official)...
[2026-08-21 18:18:34] INFO Pedestrian AP@0.50, 0.50, 0.50:
bbox AP:64.9275, 57.1629, 49.1563
bev  AP:10.1832, 9.9440, 7.8891
3d   AP:9.1170, 7.7218, 7.2149
aos  AP:54.69, 47.93, 41.26
Pedestrian AP_R40@0.50, 0.50, 0.50:
bbox AP:64.3750, 55.7219, 46.9802
bev  AP:7.6956, 7.0594, 5.3513
3d   AP:6.2565, 5.5681, 4.5786
aos  AP:53.06, 45.54, 38.22
Pedestrian AP@0.50, 0.25, 0.25:
bbox AP:64.9275, 57.1629, 49.1563
bev  AP:31.4234, 26.6075, 24.6935
3d   AP:30.8960, 26.3608, 24.3866
aos  AP:54.69, 47.93, 41.26
Pedestrian AP_R40@0.50, 0.25, 0.25:
bbox AP:64.3750, 55.7219, 46.9802
bev  AP:27.7345, 23.2294, 19.5085
3d   AP:27.1913, 22.8644, 19.0595
aos  AP:53.06, 45.54, 38.22

[2026-08-21 18:20:16] INFO Car AP@0.70, 0.70, 0.70:
bbox AP:83.9101, 75.3192, 67.5574
bev  AP:25.9935, 21.6214, 18.3647
3d   AP:17.9589, 15.5728, 14.5687
aos  AP:82.20, 72.48, 63.93
Car AP_R40@0.70, 0.70, 0.70:
bbox AP:86.3932, 77.2891, 70.7129
bev  AP:21.1700, 16.4161, 13.8542
3d   AP:11.5995, 8.9824, 7.7616
aos  AP:84.51, 74.11, 66.41
Car AP@0.70, 0.50, 0.50:
bbox AP:83.9101, 75.3192, 67.5574
bev  AP:53.8689, 41.9658, 36.1007
3d   AP:47.5781, 38.8945, 33.9271
aos  AP:82.20, 72.48, 63.93
Car AP_R40@0.70, 0.50, 0.50:
bbox AP:86.3932, 77.2891, 70.7129
bev  AP:51.8473, 39.1287, 34.9149
3d   AP:46.9127, 35.3208, 31.2987
aos  AP:84.51, 74.11, 66.41

[2026-08-21 18:21:58] INFO Cyclist AP@0.50, 0.50, 0.50:
bbox AP:52.0753, 32.5336, 32.0292
bev  AP:11.3238, 9.8268, 9.8533
3d   AP:11.3238, 9.8124, 9.8389
aos  AP:41.16, 25.60, 25.14
Cyclist AP_R40@0.50, 0.50, 0.50:
bbox AP:49.6674, 29.0291, 28.5226
bev  AP:3.5343, 1.8779, 1.7852
3d   AP:3.5340, 1.8740, 1.7812
aos  AP:39.28, 22.55, 22.24
Cyclist AP@0.50, 0.25, 0.25:
bbox AP:52.0753, 32.5336, 32.0292
bev  AP:19.1287, 14.3394, 14.1715
3d   AP:18.5518, 14.2027, 14.0836
aos  AP:41.16, 25.60, 25.14
Cyclist AP_R40@0.50, 0.25, 0.25:
bbox AP:49.6674, 29.0291, 28.5226
bev  AP:12.8818, 7.2105, 6.7069
3d   AP:12.0432, 6.6282, 6.4271
aos  AP:39.28, 22.55, 22.24

[2026-08-21 18:21:58] INFO   Val Car Moderate mAP: 8.9824
[2026-08-21 18:21:59] INFO   Best: 10.1156 @ epoch 155
[2026-08-21 18:22:40] INFO Epoch[166] [37/371]  total=7.2951  loss_ce=0.0202  loss_bbox=0.0110  loss_depth=0.2132  loss_center=0.0062
[2026-08-21 18:23:21] INFO Epoch[166] [74/371]  total=3.1863  loss_ce=0.0297  loss_bbox=0.0122  loss_depth=-0.1444  loss_center=0.0043
[2026-08-21 18:24:02] INFO Epoch[166] [111/371]  total=11.1954  loss_ce=0.1084  loss_bbox=0.0140  loss_depth=-0.0939  loss_center=0.0097
[2026-08-21 18:24:43] INFO Epoch[166] [148/371]  total=7.5615  loss_ce=0.0224  loss_bbox=0.0041  loss_depth=0.7056  loss_center=0.0015
[2026-08-21 18:25:24] INFO Epoch[166] [185/371]  total=12.6994  loss_ce=0.0943  loss_bbox=0.0268  loss_depth=0.2723  loss_center=0.0105
[2026-08-21 18:26:05] INFO Epoch[166] [222/371]  total=36.8085  loss_ce=0.1561  loss_bbox=0.0301  loss_depth=2.6888  loss_center=0.0183
[2026-08-21 18:26:46] INFO Epoch[166] [259/371]  total=7.5986  loss_ce=0.0807  loss_bbox=0.0126  loss_depth=0.1885  loss_center=0.0058
[2026-08-21 18:27:28] INFO Epoch[166] [296/371]  total=9.5589  loss_ce=0.0424  loss_bbox=0.0103  loss_depth=0.4218  loss_center=0.0062
[2026-08-21 18:28:08] INFO Epoch[166] [333/371]  total=9.6197  loss_ce=0.0389  loss_bbox=0.0086  loss_depth=0.3826  loss_center=0.0042
[2026-08-21 18:28:50] INFO Epoch[166] [370/371]  total=5.0981  loss_ce=0.0201  loss_bbox=0.0098  loss_depth=-0.0781  loss_center=0.0036
[2026-08-21 18:28:51] INFO Epoch [166/249] avg_loss=10.6401  time=412.0s  lr=2.00e-05
[2026-08-21 18:28:51] INFO Checkpoint saved after epoch 166
[2026-08-21 18:34:26] INFO ==> Loading detections and GTs...
[2026-08-21 18:34:26] INFO ==> Evaluating (official)...
[2026-08-21 18:36:06] INFO Pedestrian AP@0.50, 0.50, 0.50:
bbox AP:64.4928, 56.7474, 49.1022
bev  AP:10.8328, 10.3386, 8.3737
3d   AP:8.8436, 7.6189, 7.3037
aos  AP:54.00, 47.56, 41.07
Pedestrian AP_R40@0.50, 0.50, 0.50:
bbox AP:64.0739, 55.4442, 46.7950
bev  AP:8.2065, 7.4894, 5.7455
3d   AP:6.9987, 5.9139, 4.9903
aos  AP:52.39, 45.21, 37.90
Pedestrian AP@0.50, 0.25, 0.25:
bbox AP:64.4928, 56.7474, 49.1022
bev  AP:30.7798, 26.6556, 24.7182
3d   AP:30.3483, 26.1113, 21.0839
aos  AP:54.00, 47.56, 41.07
Pedestrian AP_R40@0.50, 0.25, 0.25:
bbox AP:64.0739, 55.4442, 46.7950
bev  AP:27.0212, 23.2225, 19.4574
3d   AP:26.2039, 21.7334, 18.0507
aos  AP:52.39, 45.21, 37.90

[2026-08-21 18:37:47] INFO Car AP@0.70, 0.70, 0.70:
bbox AP:85.1660, 75.7681, 67.9097
bev  AP:22.8871, 17.9554, 16.6690
3d   AP:15.9092, 13.9312, 12.2916
aos  AP:83.49, 72.97, 64.41
Car AP_R40@0.70, 0.70, 0.70:
bbox AP:87.8067, 77.8761, 71.1589
bev  AP:16.9425, 12.8595, 10.5454
3d   AP:8.9760, 7.0083, 5.8564
aos  AP:85.91, 74.75, 66.95
Car AP@0.70, 0.50, 0.50:
bbox AP:85.1660, 75.7681, 67.9097
bev  AP:49.2353, 39.6135, 34.2203
3d   AP:44.8242, 34.1396, 31.6933
aos  AP:83.49, 72.97, 64.41
Car AP_R40@0.70, 0.50, 0.50:
bbox AP:87.8067, 77.8761, 71.1589
bev  AP:48.7337, 35.9549, 30.6598
3d   AP:42.2963, 31.1851, 27.1126
aos  AP:85.91, 74.75, 66.95

[2026-08-21 18:39:27] INFO Cyclist AP@0.50, 0.50, 0.50:
bbox AP:48.2825, 30.6945, 30.1088
bev  AP:4.0023, 2.5608, 2.6341
3d   AP:4.0023, 2.5210, 2.5945
aos  AP:39.77, 25.97, 25.14
Cyclist AP_R40@0.50, 0.50, 0.50:
bbox AP:46.1493, 27.0607, 26.6008
bev  AP:3.2086, 1.6717, 1.6131
3d   AP:3.1801, 1.6608, 1.5377
aos  AP:37.09, 21.29, 20.93
Cyclist AP@0.50, 0.25, 0.25:
bbox AP:48.2825, 30.6945, 30.1088
bev  AP:13.7991, 9.5098, 9.2682
3d   AP:12.8040, 8.4806, 8.4656
aos  AP:39.77, 25.97, 25.14
Cyclist AP_R40@0.50, 0.25, 0.25:
bbox AP:46.1493, 27.0607, 26.6008
bev  AP:12.2140, 7.0749, 6.4935
3d   AP:11.5606, 6.5232, 6.2780
aos  AP:37.09, 21.29, 20.93

[2026-08-21 18:39:27] INFO   Val Car Moderate mAP: 7.0083
[2026-08-21 18:39:27] INFO   Best: 10.1156 @ epoch 155
[2026-08-21 18:40:08] INFO Epoch[167] [37/371]  total=6.0561  loss_ce=0.0230  loss_bbox=0.0113  loss_depth=-0.0807  loss_center=0.0064
[2026-08-21 18:40:49] INFO Epoch[167] [74/371]  total=9.6562  loss_ce=0.0624  loss_bbox=0.0100  loss_depth=0.4575  loss_center=0.0054
[2026-08-21 18:41:30] INFO Epoch[167] [111/371]  total=9.5392  loss_ce=0.0607  loss_bbox=0.0143  loss_depth=0.2758  loss_center=0.0068
[2026-08-21 18:42:11] INFO Epoch[167] [148/371]  total=13.5371  loss_ce=0.0548  loss_bbox=0.0082  loss_depth=0.8471  loss_center=0.0036
[2026-08-21 18:42:52] INFO Epoch[167] [185/371]  total=12.2682  loss_ce=0.0528  loss_bbox=0.0208  loss_depth=0.5390  loss_center=0.0096
[2026-08-21 18:43:33] INFO Epoch[167] [222/371]  total=12.3129  loss_ce=0.1234  loss_bbox=0.0238  loss_depth=0.6405  loss_center=0.0106
[2026-08-21 18:44:13] INFO Epoch[167] [259/371]  total=5.3268  loss_ce=0.0416  loss_bbox=0.0033  loss_depth=0.2083  loss_center=0.0028
[2026-08-21 18:44:53] INFO Epoch[167] [296/371]  total=17.8084  loss_ce=0.1208  loss_bbox=0.0201  loss_depth=0.6794  loss_center=0.0125
[2026-08-21 18:45:34] INFO Epoch[167] [333/371]  total=8.4302  loss_ce=0.0284  loss_bbox=0.0153  loss_depth=0.3212  loss_center=0.0061
[2026-08-21 18:46:14] INFO Epoch[167] [370/371]  total=7.6860  loss_ce=0.0763  loss_bbox=0.0035  loss_depth=0.5311  loss_center=0.0025
[2026-08-21 18:46:15] INFO Epoch [167/249] avg_loss=10.5607  time=408.0s  lr=2.00e-05
[2026-08-21 18:46:16] INFO Checkpoint saved after epoch 167
[2026-08-21 18:51:54] INFO ==> Loading detections and GTs...
[2026-08-21 18:51:55] INFO ==> Evaluating (official)...
[2026-08-21 18:53:37] INFO Pedestrian AP@0.50, 0.50, 0.50:
bbox AP:64.8636, 57.1314, 49.2060
bev  AP:10.8880, 10.4986, 8.1519
3d   AP:9.6286, 7.8547, 7.6619
aos  AP:54.98, 48.30, 41.49
Pedestrian AP_R40@0.50, 0.50, 0.50:
bbox AP:64.3331, 55.7403, 47.0535
bev  AP:8.8959, 7.6793, 6.4506
3d   AP:7.3110, 6.0510, 5.0029
aos  AP:53.26, 45.88, 38.49
Pedestrian AP@0.50, 0.25, 0.25:
bbox AP:64.8636, 57.1314, 49.2060
bev  AP:32.3350, 27.1733, 25.1878
3d   AP:31.6897, 26.8453, 24.9090
aos  AP:54.98, 48.30, 41.49
Pedestrian AP_R40@0.50, 0.25, 0.25:
bbox AP:64.3331, 55.7403, 47.0535
bev  AP:28.4841, 23.8270, 19.8995
3d   AP:28.0293, 23.4457, 19.5804
aos  AP:53.26, 45.88, 38.49

[2026-08-21 18:55:19] INFO Car AP@0.70, 0.70, 0.70:
bbox AP:83.9469, 75.1914, 67.4556
bev  AP:27.0592, 21.7143, 18.5847
3d   AP:14.5524, 15.9061, 14.9012
aos  AP:82.67, 72.80, 64.43
Car AP_R40@0.70, 0.70, 0.70:
bbox AP:86.4134, 77.0934, 70.5194
bev  AP:22.6058, 16.4591, 13.5921
3d   AP:12.8523, 9.5662, 8.1310
aos  AP:85.00, 74.44, 66.88
Car AP@0.70, 0.50, 0.50:
bbox AP:83.9469, 75.1914, 67.4556
bev  AP:54.0017, 40.8447, 35.4772
3d   AP:48.3790, 35.8099, 33.0496
aos  AP:82.67, 72.80, 64.43
Car AP_R40@0.70, 0.50, 0.50:
bbox AP:86.4134, 77.0934, 70.5194
bev  AP:51.9447, 37.5273, 32.9926
3d   AP:46.8680, 34.1081, 29.7106
aos  AP:85.00, 74.44, 66.88

[2026-08-21 18:57:01] INFO Cyclist AP@0.50, 0.50, 0.50:
bbox AP:51.1864, 31.7359, 31.6894
bev  AP:4.8315, 2.8405, 2.7970
3d   AP:3.9310, 2.7060, 2.7613
aos  AP:38.14, 24.18, 24.03
Cyclist AP_R40@0.50, 0.50, 0.50:
bbox AP:48.3516, 28.1018, 28.0570
bev  AP:3.5609, 1.8428, 1.6525
3d   AP:3.0915, 1.5615, 1.5407
aos  AP:36.05, 20.98, 20.99
Cyclist AP@0.50, 0.25, 0.25:
bbox AP:51.1864, 31.7359, 31.6894
bev  AP:14.3712, 9.5374, 9.5199
3d   AP:13.9179, 9.1134, 9.3119
aos  AP:38.14, 24.18, 24.03
Cyclist AP_R40@0.50, 0.25, 0.25:
bbox AP:48.3516, 28.1018, 28.0570
bev  AP:13.3003, 7.1670, 7.0182
3d   AP:12.2394, 6.7247, 6.5994
aos  AP:36.05, 20.98, 20.99

[2026-08-21 18:57:01] INFO   Val Car Moderate mAP: 9.5662
[2026-08-21 18:57:02] INFO   Best: 10.1156 @ epoch 155
[2026-08-21 18:57:42] INFO Epoch[168] [37/371]  total=5.9998  loss_ce=0.0656  loss_bbox=0.0256  loss_depth=0.0552  loss_center=0.0051
[2026-08-21 18:58:23] INFO Epoch[168] [74/371]  total=12.0076  loss_ce=0.0858  loss_bbox=0.0301  loss_depth=0.2987  loss_center=0.0114
[2026-08-21 18:59:04] INFO Epoch[168] [111/371]  total=1.1513  loss_ce=0.0043  loss_bbox=0.0021  loss_depth=-0.0109  loss_center=0.0014
[2026-08-21 18:59:44] INFO Epoch[168] [148/371]  total=4.9988  loss_ce=0.0778  loss_bbox=0.0084  loss_depth=-0.1423  loss_center=0.0050
[2026-08-21 19:00:25] INFO Epoch[168] [185/371]  total=20.1317  loss_ce=0.1607  loss_bbox=0.0227  loss_depth=1.2709  loss_center=0.0107
[2026-08-21 19:01:05] INFO Epoch[168] [222/371]  total=18.8363  loss_ce=0.1304  loss_bbox=0.0183  loss_depth=1.0460  loss_center=0.0105
[2026-08-21 19:01:46] INFO Epoch[168] [259/371]  total=7.9038  loss_ce=0.0268  loss_bbox=0.0057  loss_depth=0.4041  loss_center=0.0031
[2026-08-21 19:02:26] INFO Epoch[168] [296/371]  total=2.2211  loss_ce=0.0079  loss_bbox=0.0005  loss_depth=0.1903  loss_center=0.0007
[2026-08-21 19:03:07] INFO Epoch[168] [333/371]  total=11.6807  loss_ce=0.0641  loss_bbox=0.0188  loss_depth=0.6918  loss_center=0.0100
[2026-08-21 19:03:47] INFO Epoch[168] [370/371]  total=17.8352  loss_ce=0.0821  loss_bbox=0.0175  loss_depth=1.0118  loss_center=0.0120
[2026-08-21 19:03:49] INFO Epoch [168/249] avg_loss=10.5750  time=406.8s  lr=2.00e-05
[2026-08-21 19:03:49] INFO Checkpoint saved after epoch 168
[2026-08-21 19:09:24] INFO ==> Loading detections and GTs...
[2026-08-21 19:09:25] INFO ==> Evaluating (official)...
[2026-08-21 19:11:05] INFO Pedestrian AP@0.50, 0.50, 0.50:
bbox AP:64.8507, 57.0421, 49.1296
bev  AP:11.2591, 10.5266, 8.3269
3d   AP:9.2799, 7.7029, 7.3116
aos  AP:54.94, 47.97, 41.25
Pedestrian AP_R40@0.50, 0.50, 0.50:
bbox AP:64.2351, 55.6191, 46.9253
bev  AP:9.2348, 7.9150, 6.6665
3d   AP:7.3650, 6.1901, 5.1725
aos  AP:53.06, 45.59, 38.29
Pedestrian AP@0.50, 0.25, 0.25:
bbox AP:64.8507, 57.0421, 49.1296
bev  AP:30.7925, 26.4033, 24.5104
3d   AP:30.6556, 26.1968, 21.1058
aos  AP:54.94, 47.97, 41.25
Pedestrian AP_R40@0.50, 0.25, 0.25:
bbox AP:64.2351, 55.6191, 46.9253
bev  AP:26.6143, 22.9005, 19.2160
3d   AP:26.4049, 22.6690, 18.1323
aos  AP:53.06, 45.59, 38.29

[2026-08-21 19:12:45] INFO Car AP@0.70, 0.70, 0.70:
bbox AP:84.4013, 75.2408, 67.3607
bev  AP:21.8311, 20.8126, 17.7972
3d   AP:12.4812, 14.6431, 12.6827
aos  AP:82.83, 72.60, 64.12
Car AP_R40@0.70, 0.70, 0.70:
bbox AP:86.9509, 77.1777, 70.4473
bev  AP:19.5356, 15.0291, 12.4244
3d   AP:10.2207, 8.1063, 6.4858
aos  AP:85.17, 74.24, 66.58
Car AP@0.70, 0.50, 0.50:
bbox AP:84.4013, 75.2408, 67.3607
bev  AP:54.1640, 40.9665, 35.5107
3d   AP:48.1180, 35.8237, 33.1923
aos  AP:82.83, 72.60, 64.12
Car AP_R40@0.70, 0.50, 0.50:
bbox AP:86.9509, 77.1777, 70.4473
bev  AP:52.0757, 37.6815, 33.1010
3d   AP:46.6246, 34.1959, 29.8078
aos  AP:85.17, 74.24, 66.58

[2026-08-21 19:14:26] INFO Cyclist AP@0.50, 0.50, 0.50:
bbox AP:50.9439, 31.5069, 31.2591
bev  AP:4.9882, 3.0081, 2.8460
3d   AP:4.2222, 2.7047, 2.7998
aos  AP:39.19, 24.23, 23.96
Cyclist AP_R40@0.50, 0.50, 0.50:
bbox AP:48.4762, 28.2035, 27.1582
bev  AP:3.7311, 2.0539, 1.7783
3d   AP:3.4695, 1.7860, 1.7655
aos  AP:37.72, 21.64, 21.04
Cyclist AP@0.50, 0.25, 0.25:
bbox AP:50.9439, 31.5069, 31.2591
bev  AP:14.4628, 9.7470, 9.4143
3d   AP:13.3085, 9.3306, 8.9876
aos  AP:39.19, 24.23, 23.96
Cyclist AP_R40@0.50, 0.25, 0.25:
bbox AP:48.4762, 28.2035, 27.1582
bev  AP:13.2072, 7.5089, 6.9470
3d   AP:12.5868, 7.2444, 6.5722
aos  AP:37.72, 21.64, 21.04

[2026-08-21 19:14:26] INFO   Val Car Moderate mAP: 8.1063
[2026-08-21 19:14:26] INFO   Best: 10.1156 @ epoch 155
[2026-08-21 19:15:07] INFO Epoch[169] [37/371]  total=17.9502  loss_ce=0.0756  loss_bbox=0.0140  loss_depth=1.3850  loss_center=0.0062
[2026-08-21 19:15:48] INFO Epoch[169] [74/371]  total=22.6919  loss_ce=0.1332  loss_bbox=0.0364  loss_depth=1.1880  loss_center=0.0204
[2026-08-21 19:16:28] INFO Epoch[169] [111/371]  total=12.2883  loss_ce=0.0942  loss_bbox=0.0157  loss_depth=0.6221  loss_center=0.0094
[2026-08-21 19:17:09] INFO Epoch[169] [148/371]  total=24.3448  loss_ce=0.0789  loss_bbox=0.0157  loss_depth=1.9398  loss_center=0.0125
[2026-08-21 19:17:50] INFO Epoch[169] [185/371]  total=12.0206  loss_ce=0.0583  loss_bbox=0.0197  loss_depth=0.3017  loss_center=0.0088
[2026-08-21 19:18:30] INFO Epoch[169] [222/371]  total=14.0639  loss_ce=0.1169  loss_bbox=0.0093  loss_depth=0.8350  loss_center=0.0083
[2026-08-21 19:19:11] INFO Epoch[169] [259/371]  total=8.2581  loss_ce=0.0469  loss_bbox=0.0111  loss_depth=-0.2297  loss_center=0.0068
[2026-08-21 19:19:51] INFO Epoch[169] [296/371]  total=5.1195  loss_ce=0.0135  loss_bbox=0.0039  loss_depth=0.0982  loss_center=0.0025
[2026-08-21 19:20:32] INFO Epoch[169] [333/371]  total=5.7103  loss_ce=0.0105  loss_bbox=0.0099  loss_depth=0.0064  loss_center=0.0058
[2026-08-21 19:21:13] INFO Epoch[169] [370/371]  total=5.5056  loss_ce=0.0390  loss_bbox=0.0052  loss_depth=0.2143  loss_center=0.0034
[2026-08-21 19:21:14] INFO Epoch [169/249] avg_loss=10.2102  time=408.0s  lr=2.00e-05
[2026-08-21 19:21:15] INFO Checkpoint saved after epoch 169
[2026-08-21 19:26:50] INFO ==> Loading detections and GTs...
[2026-08-21 19:26:50] INFO ==> Evaluating (official)...
[2026-08-21 19:28:26] INFO Pedestrian AP@0.50, 0.50, 0.50:
bbox AP:64.7727, 57.0866, 49.2350
bev  AP:10.7662, 10.2241, 8.2054
3d   AP:9.7036, 7.7935, 7.4594
aos  AP:54.90, 48.33, 41.62
Pedestrian AP_R40@0.50, 0.50, 0.50:
bbox AP:62.5950, 53.9567, 46.9648
bev  AP:8.7476, 7.3733, 6.2646
3d   AP:7.0941, 5.8306, 4.9162
aos  AP:51.91, 44.58, 38.56
Pedestrian AP@0.50, 0.25, 0.25:
bbox AP:64.7727, 57.0866, 49.2350
bev  AP:32.7754, 27.4229, 25.1437
3d   AP:32.0549, 27.1704, 24.8474
aos  AP:54.90, 48.33, 41.62
Pedestrian AP_R40@0.50, 0.25, 0.25:
bbox AP:62.5950, 53.9567, 46.9648
bev  AP:29.1344, 24.1396, 20.3414
3d   AP:28.6287, 23.7086, 19.9485
aos  AP:51.91, 44.58, 38.56

[2026-08-21 19:30:01] INFO Car AP@0.70, 0.70, 0.70:
bbox AP:83.1512, 74.7990, 67.2224
bev  AP:24.8557, 20.1159, 16.7757
3d   AP:14.2597, 12.2561, 11.2092
aos  AP:81.54, 72.09, 63.85
Car AP_R40@0.70, 0.70, 0.70:
bbox AP:83.8027, 75.0031, 68.4768
bev  AP:22.9184, 17.2886, 14.4459
3d   AP:12.5682, 9.4990, 8.1725
aos  AP:82.06, 72.13, 64.65
Car AP@0.70, 0.50, 0.50:
bbox AP:83.1512, 74.7990, 67.2224
bev  AP:54.2773, 41.7304, 36.0725
3d   AP:48.5811, 39.4161, 34.0211
aos  AP:81.54, 72.09, 63.85
Car AP_R40@0.70, 0.50, 0.50:
bbox AP:83.8027, 75.0031, 68.4768
bev  AP:52.0451, 39.0238, 33.6344
3d   AP:48.0822, 35.5421, 30.4605
aos  AP:82.06, 72.13, 64.65

[2026-08-21 19:31:36] INFO Cyclist AP@0.50, 0.50, 0.50:
bbox AP:47.0991, 30.9592, 27.8584
bev  AP:5.3306, 3.4094, 3.2344
3d   AP:4.8036, 3.0497, 3.0761
aos  AP:38.36, 25.78, 23.37
Cyclist AP_R40@0.50, 0.50, 0.50:
bbox AP:46.5275, 26.7250, 25.4887
bev  AP:3.9590, 2.2429, 1.9231
3d   AP:3.4653, 2.0422, 1.7449
aos  AP:35.99, 20.63, 19.84
Cyclist AP@0.50, 0.25, 0.25:
bbox AP:47.0991, 30.9592, 27.8584
bev  AP:15.0024, 10.0812, 9.4879
3d   AP:14.5110, 9.7276, 9.4390
aos  AP:38.36, 25.78, 23.37
Cyclist AP_R40@0.50, 0.25, 0.25:
bbox AP:46.5275, 26.7250, 25.4887
bev  AP:13.8088, 7.9736, 7.1884
3d   AP:13.4804, 7.6735, 7.0452
aos  AP:35.99, 20.63, 19.84

[2026-08-21 19:31:36] INFO   Val Car Moderate mAP: 9.4990
[2026-08-21 19:31:37] INFO   Best: 10.1156 @ epoch 155
[2026-08-21 19:32:17] INFO Epoch[170] [37/371]  total=35.8226  loss_ce=0.1960  loss_bbox=0.0417  loss_depth=1.9348  loss_center=0.0196
[2026-08-21 19:32:58] INFO Epoch[170] [74/371]  total=3.0944  loss_ce=0.0142  loss_bbox=0.0189  loss_depth=-0.4005  loss_center=0.0108
[2026-08-21 19:33:39] INFO Epoch[170] [111/371]  total=9.5540  loss_ce=0.0401  loss_bbox=0.0085  loss_depth=0.6503  loss_center=0.0045
[2026-08-21 19:34:20] INFO Epoch[170] [148/371]  total=18.2196  loss_ce=0.0990  loss_bbox=0.0239  loss_depth=0.9270  loss_center=0.0125
[2026-08-21 19:35:02] INFO Epoch[170] [185/371]  total=14.2801  loss_ce=0.0953  loss_bbox=0.0156  loss_depth=0.4225  loss_center=0.0104
[2026-08-21 19:35:43] INFO Epoch[170] [222/371]  total=7.8103  loss_ce=0.0220  loss_bbox=0.0097  loss_depth=0.5580  loss_center=0.0050
[2026-08-21 19:36:25] INFO Epoch[170] [259/371]  total=3.6125  loss_ce=0.0346  loss_bbox=0.0030  loss_depth=0.0857  loss_center=0.0026
[2026-08-21 19:37:06] INFO Epoch[170] [296/371]  total=5.9114  loss_ce=0.0539  loss_bbox=0.0161  loss_depth=-0.1378  loss_center=0.0076
[2026-08-21 19:37:47] INFO Epoch[170] [333/371]  total=14.6923  loss_ce=0.0257  loss_bbox=0.0253  loss_depth=0.2878  loss_center=0.0122
[2026-08-21 19:38:28] INFO Epoch[170] [370/371]  total=2.4447  loss_ce=0.0076  loss_bbox=0.0013  loss_depth=0.0947  loss_center=0.0017
[2026-08-21 19:38:29] INFO Epoch [170/249] avg_loss=10.8477  time=412.5s  lr=2.00e-05
[2026-08-21 19:38:30] INFO Checkpoint saved after epoch 170
[2026-08-21 19:44:03] INFO ==> Loading detections and GTs...
[2026-08-21 19:44:04] INFO ==> Evaluating (official)...
[2026-08-21 19:45:42] INFO Pedestrian AP@0.50, 0.50, 0.50:
bbox AP:65.1285, 57.0416, 49.2507
bev  AP:14.7672, 12.7610, 12.5763
3d   AP:9.1972, 7.8547, 7.4637
aos  AP:54.88, 48.03, 41.43
Pedestrian AP_R40@0.50, 0.50, 0.50:
bbox AP:64.5103, 54.0299, 47.0245
bev  AP:7.7931, 6.5357, 5.5510
3d   AP:6.4158, 5.8545, 4.9350
aos  AP:53.06, 44.37, 38.22
Pedestrian AP@0.50, 0.25, 0.25:
bbox AP:65.1285, 57.0416, 49.2507
bev  AP:31.2548, 27.0400, 25.2587
3d   AP:30.9021, 26.5415, 21.5054
aos  AP:54.88, 48.03, 41.43
Pedestrian AP_R40@0.50, 0.25, 0.25:
bbox AP:64.5103, 54.0299, 47.0245
bev  AP:28.1685, 23.6768, 19.8327
3d   AP:26.8544, 23.0468, 18.3606
aos  AP:53.06, 44.37, 38.22

[2026-08-21 19:47:19] INFO Car AP@0.70, 0.70, 0.70:
bbox AP:83.0944, 75.2543, 67.3309
bev  AP:26.7765, 21.4792, 18.3077
3d   AP:13.3607, 11.4452, 10.6869
aos  AP:81.66, 72.74, 64.16
Car AP_R40@0.70, 0.70, 0.70:
bbox AP:83.8669, 77.1417, 68.5945
bev  AP:22.1260, 16.0994, 13.2614
3d   AP:11.4096, 8.9427, 7.5614
aos  AP:82.39, 74.34, 64.99
Car AP@0.70, 0.50, 0.50:
bbox AP:83.0944, 75.2543, 67.3309
bev  AP:53.8706, 40.6846, 35.2788
3d   AP:47.9078, 35.6684, 32.9770
aos  AP:81.66, 72.74, 64.16
Car AP_R40@0.70, 0.50, 0.50:
bbox AP:83.8669, 77.1417, 68.5945
bev  AP:51.5501, 37.3507, 32.8726
3d   AP:46.3406, 34.0781, 28.7450
aos  AP:82.39, 74.34, 64.99

[2026-08-21 19:48:56] INFO Cyclist AP@0.50, 0.50, 0.50:
bbox AP:50.8307, 31.1279, 30.9108
bev  AP:11.1111, 9.6803, 9.7015
3d   AP:10.7331, 9.6123, 9.6336
aos  AP:39.61, 24.15, 23.96
Cyclist AP_R40@0.50, 0.50, 0.50:
bbox AP:48.1880, 27.9067, 26.7798
bev  AP:3.6049, 1.7911, 1.6986
3d   AP:2.5154, 1.3073, 1.3126
aos  AP:37.58, 21.63, 20.88
Cyclist AP@0.50, 0.25, 0.25:
bbox AP:50.8307, 31.1279, 30.9108
bev  AP:18.5711, 14.2387, 14.1222
3d   AP:18.4594, 14.2114, 14.0655
aos  AP:39.61, 24.15, 23.96
Cyclist AP_R40@0.50, 0.25, 0.25:
bbox AP:48.1880, 27.9067, 26.7798
bev  AP:12.7876, 7.1863, 6.6763
3d   AP:12.6897, 7.1260, 6.4975
aos  AP:37.58, 21.63, 20.88

[2026-08-21 19:48:56] INFO   Val Car Moderate mAP: 8.9427
[2026-08-21 19:48:57] INFO   Best: 10.1156 @ epoch 155
[2026-08-21 19:49:38] INFO Epoch[171] [37/371]  total=11.7412  loss_ce=0.0840  loss_bbox=0.0121  loss_depth=0.3982  loss_center=0.0052
[2026-08-21 19:50:18] INFO Epoch[171] [74/371]  total=36.2363  loss_ce=0.2063  loss_bbox=0.0579  loss_depth=1.6591  loss_center=0.0321
[2026-08-21 19:50:59] INFO Epoch[171] [111/371]  total=14.6069  loss_ce=0.1269  loss_bbox=0.0345  loss_depth=0.2929  loss_center=0.0195
[2026-08-21 19:51:40] INFO Epoch[171] [148/371]  total=16.8780  loss_ce=0.1081  loss_bbox=0.0359  loss_depth=1.1749  loss_center=0.0138
[2026-08-21 19:52:21] INFO Epoch[171] [185/371]  total=10.3585  loss_ce=0.0375  loss_bbox=0.0122  loss_depth=0.2312  loss_center=0.0053
[2026-08-21 19:53:02] INFO Epoch[171] [222/371]  total=1.4506  loss_ce=0.0145  loss_bbox=0.0007  loss_depth=0.0565  loss_center=0.0003
[2026-08-21 19:53:42] INFO Epoch[171] [259/371]  total=6.7728  loss_ce=0.0291  loss_bbox=0.0069  loss_depth=0.3019  loss_center=0.0046
[2026-08-21 19:54:23] INFO Epoch[171] [296/371]  total=14.7626  loss_ce=0.0582  loss_bbox=0.0110  loss_depth=0.9062  loss_center=0.0052
[2026-08-21 19:55:03] INFO Epoch[171] [333/371]  total=2.2184  loss_ce=0.0294  loss_bbox=0.0022  loss_depth=0.0450  loss_center=0.0012
[2026-08-21 19:55:44] INFO Epoch[171] [370/371]  total=8.8928  loss_ce=0.0548  loss_bbox=0.0164  loss_depth=0.3113  loss_center=0.0079
[2026-08-21 19:55:46] INFO Epoch [171/249] avg_loss=10.5070  time=409.1s  lr=2.00e-05
[2026-08-21 19:55:46] INFO Checkpoint saved after epoch 171
[2026-08-21 20:01:21] INFO ==> Loading detections and GTs...
[2026-08-21 20:01:22] INFO ==> Evaluating (official)...
[2026-08-21 20:02:58] INFO Pedestrian AP@0.50, 0.50, 0.50:
bbox AP:64.8543, 57.0213, 49.3459
bev  AP:11.2987, 10.4749, 8.2536
3d   AP:9.9858, 7.9992, 7.7531
aos  AP:54.44, 47.88, 41.44
Pedestrian AP_R40@0.50, 0.50, 0.50:
bbox AP:62.8755, 54.0648, 47.1122
bev  AP:9.2056, 7.5621, 6.3548
3d   AP:7.5235, 6.1624, 5.0418
aos  AP:51.68, 44.33, 38.31
Pedestrian AP@0.50, 0.25, 0.25:
bbox AP:64.8543, 57.0213, 49.3459
bev  AP:32.5591, 27.4681, 25.3432
3d   AP:32.1175, 27.1796, 25.1890
aos  AP:54.44, 47.88, 41.44
Pedestrian AP_R40@0.50, 0.25, 0.25:
bbox AP:62.8755, 54.0648, 47.1122
bev  AP:29.0565, 24.0839, 20.2692
3d   AP:28.7829, 23.7791, 20.0795
aos  AP:51.68, 44.33, 38.31

[2026-08-21 20:04:35] INFO Car AP@0.70, 0.70, 0.70:
bbox AP:85.5435, 75.8553, 68.0937
bev  AP:26.5310, 21.5290, 18.3841
3d   AP:17.9802, 15.3734, 14.6090
aos  AP:84.17, 73.26, 64.80
Car AP_R40@0.70, 0.70, 0.70:
bbox AP:88.4210, 76.2892, 69.4579
bev  AP:21.4576, 16.1235, 13.2883
3d   AP:11.4835, 9.0044, 7.7219
aos  AP:86.88, 73.55, 65.70
Car AP@0.70, 0.50, 0.50:
bbox AP:85.5435, 75.8553, 68.0937
bev  AP:55.1760, 41.5284, 35.8691
3d   AP:48.7615, 36.0719, 33.4630
aos  AP:84.17, 73.26, 64.80
Car AP_R40@0.70, 0.50, 0.50:
bbox AP:88.4210, 76.2892, 69.4579
bev  AP:53.1842, 38.1427, 33.5908
3d   AP:47.3265, 34.5481, 30.1766
aos  AP:86.88, 73.55, 65.70

[2026-08-21 20:06:11] INFO Cyclist AP@0.50, 0.50, 0.50:
bbox AP:46.9698, 31.0966, 31.2107
bev  AP:12.6283, 10.1201, 9.8152
3d   AP:11.1604, 9.7412, 9.7527
aos  AP:35.27, 23.32, 23.40
Cyclist AP_R40@0.50, 0.50, 0.50:
bbox AP:46.3265, 26.7266, 26.5204
bev  AP:4.8012, 2.5242, 2.1626
3d   AP:3.6383, 1.9284, 1.7583
aos  AP:35.07, 20.26, 20.23
Cyclist AP@0.50, 0.25, 0.25:
bbox AP:46.9698, 31.0966, 31.2107
bev  AP:19.7344, 14.5720, 14.4003
3d   AP:18.1715, 14.1949, 12.6328
aos  AP:35.27, 23.32, 23.40
Cyclist AP_R40@0.50, 0.25, 0.25:
bbox AP:46.3265, 26.7266, 26.5204
bev  AP:13.3185, 7.2948, 7.2736
3d   AP:11.9330, 6.7612, 6.1982
aos  AP:35.07, 20.26, 20.23

[2026-08-21 20:06:11] INFO   Val Car Moderate mAP: 9.0044
[2026-08-21 20:06:12] INFO   Best: 10.1156 @ epoch 155
[2026-08-21 20:06:52] INFO Epoch[172] [37/371]  total=3.9176  loss_ce=0.0763  loss_bbox=0.0038  loss_depth=0.3129  loss_center=0.0012
[2026-08-21 20:07:33] INFO Epoch[172] [74/371]  total=3.3410  loss_ce=0.0082  loss_bbox=0.0077  loss_depth=-0.0005  loss_center=0.0033
[2026-08-21 20:08:13] INFO Epoch[172] [111/371]  total=10.4545  loss_ce=0.0710  loss_bbox=0.0123  loss_depth=0.7262  loss_center=0.0046
[2026-08-21 20:08:54] INFO Epoch[172] [148/371]  total=1.2788  loss_ce=0.0032  loss_bbox=0.0026  loss_depth=0.0651  loss_center=0.0010
[2026-08-21 20:09:35] INFO Epoch[172] [185/371]  total=8.4091  loss_ce=0.0739  loss_bbox=0.0165  loss_depth=-0.1436  loss_center=0.0052
[2026-08-21 20:10:16] INFO Epoch[172] [222/371]  total=0.9201  loss_ce=0.0143  loss_bbox=0.0058  loss_depth=-0.1836  loss_center=0.0016
[2026-08-21 20:10:57] INFO Epoch[172] [259/371]  total=8.6966  loss_ce=0.1396  loss_bbox=0.0136  loss_depth=0.1180  loss_center=0.0064
[2026-08-21 20:11:37] INFO Epoch[172] [296/371]  total=8.2456  loss_ce=0.0236  loss_bbox=0.0042  loss_depth=0.5401  loss_center=0.0031
[2026-08-21 20:12:18] INFO Epoch[172] [333/371]  total=2.1441  loss_ce=0.0097  loss_bbox=0.0028  loss_depth=0.1079  loss_center=0.0012
[2026-08-21 20:12:58] INFO Epoch[172] [370/371]  total=4.5180  loss_ce=0.0046  loss_bbox=0.0019  loss_depth=0.3258  loss_center=0.0005
[2026-08-21 20:13:00] INFO Epoch [172/249] avg_loss=10.6442  time=407.8s  lr=2.00e-05
[2026-08-21 20:13:00] INFO Checkpoint saved after epoch 172
[2026-08-21 20:18:35] INFO ==> Loading detections and GTs...
[2026-08-21 20:18:35] INFO ==> Evaluating (official)...
[2026-08-21 20:20:16] INFO Pedestrian AP@0.50, 0.50, 0.50:
bbox AP:64.3563, 56.6137, 48.9277
bev  AP:15.3462, 14.7837, 12.6647
3d   AP:9.2390, 7.7091, 7.4128
aos  AP:54.14, 47.61, 41.14
Pedestrian AP_R40@0.50, 0.50, 0.50:
bbox AP:63.7076, 55.2076, 48.2063
bev  AP:8.3798, 7.5994, 6.3237
3d   AP:6.4556, 5.8060, 4.7990
aos  AP:52.32, 45.20, 39.15
Pedestrian AP@0.50, 0.25, 0.25:
bbox AP:64.3563, 56.6137, 48.9277
bev  AP:31.7273, 26.9271, 24.7531
3d   AP:31.0311, 26.6558, 24.5045
aos  AP:54.14, 47.61, 41.14
Pedestrian AP_R40@0.50, 0.25, 0.25:
bbox AP:63.7076, 55.2076, 48.2063
bev  AP:28.2767, 23.4287, 19.5978
3d   AP:27.7218, 22.9675, 19.1033
aos  AP:52.32, 45.20, 39.15

[2026-08-21 20:21:56] INFO Car AP@0.70, 0.70, 0.70:
bbox AP:81.7002, 73.9507, 66.4517
bev  AP:22.4548, 21.0373, 17.9800
3d   AP:12.5312, 15.2173, 14.4890
aos  AP:80.35, 71.47, 63.24
Car AP_R40@0.70, 0.70, 0.70:
bbox AP:84.0580, 75.7827, 69.4161
bev  AP:20.1975, 15.4466, 12.7232
3d   AP:10.8003, 8.7999, 7.4701
aos  AP:82.56, 73.01, 65.54
Car AP@0.70, 0.50, 0.50:
bbox AP:81.7002, 73.9507, 66.4517
bev  AP:49.7090, 40.2254, 34.7811
3d   AP:46.9408, 35.2292, 32.5696
aos  AP:80.35, 71.47, 63.24
Car AP_R40@0.70, 0.50, 0.50:
bbox AP:84.0580, 75.7827, 69.4161
bev  AP:49.6020, 36.7494, 32.3077
3d   AP:45.4317, 33.4248, 28.2640
aos  AP:82.56, 73.01, 65.54

[2026-08-21 20:23:37] INFO Cyclist AP@0.50, 0.50, 0.50:
bbox AP:52.1425, 32.3684, 32.2997
bev  AP:12.5081, 10.0630, 10.0201
3d   AP:12.2533, 10.0068, 9.9026
aos  AP:39.57, 24.42, 24.45
Cyclist AP_R40@0.50, 0.50, 0.50:
bbox AP:50.5986, 28.8893, 28.8321
bev  AP:4.7816, 2.4517, 2.4814
3d   AP:4.3484, 2.3157, 2.3028
aos  AP:38.17, 21.75, 21.69
Cyclist AP@0.50, 0.25, 0.25:
bbox AP:52.1425, 32.3684, 32.2997
bev  AP:19.7742, 14.9364, 14.3337
3d   AP:19.7607, 14.8494, 14.2610
aos  AP:39.57, 24.42, 24.45
Cyclist AP_R40@0.50, 0.25, 0.25:
bbox AP:50.5986, 28.8893, 28.8321
bev  AP:14.4737, 8.2801, 7.5524
3d   AP:14.4348, 8.2209, 7.4328
aos  AP:38.17, 21.75, 21.69

[2026-08-21 20:23:37] INFO   Val Car Moderate mAP: 8.7999
[2026-08-21 20:23:37] INFO   Best: 10.1156 @ epoch 155
[2026-08-21 20:24:18] INFO Epoch[173] [37/371]  total=32.3425  loss_ce=0.1280  loss_bbox=0.0509  loss_depth=1.8438  loss_center=0.0245
[2026-08-21 20:24:59] INFO Epoch[173] [74/371]  total=14.8022  loss_ce=0.0738  loss_bbox=0.0202  loss_depth=0.9158  loss_center=0.0117
[2026-08-21 20:25:40] INFO Epoch[173] [111/371]  total=8.5548  loss_ce=0.1215  loss_bbox=0.0053  loss_depth=0.4672  loss_center=0.0038
[2026-08-21 20:26:21] INFO Epoch[173] [148/371]  total=1.5846  loss_ce=0.0061  loss_bbox=0.0014  loss_depth=0.0161  loss_center=0.0005
[2026-08-21 20:27:02] INFO Epoch[173] [185/371]  total=3.9174  loss_ce=0.0088  loss_bbox=0.0027  loss_depth=0.0391  loss_center=0.0023
[2026-08-21 20:27:44] INFO Epoch[173] [222/371]  total=17.6456  loss_ce=0.0686  loss_bbox=0.0160  loss_depth=1.5101  loss_center=0.0066
[2026-08-21 20:28:24] INFO Epoch[173] [259/371]  total=0.9495  loss_ce=0.0010  loss_bbox=0.0021  loss_depth=-0.0065  loss_center=0.0007
[2026-08-21 20:29:05] INFO Epoch[173] [296/371]  total=5.8443  loss_ce=0.0432  loss_bbox=0.0021  loss_depth=0.2118  loss_center=0.0031
[2026-08-21 20:29:46] INFO Epoch[173] [333/371]  total=26.2199  loss_ce=0.1385  loss_bbox=0.0333  loss_depth=1.8625  loss_center=0.0185
[2026-08-21 20:30:27] INFO Epoch[173] [370/371]  total=2.8655  loss_ce=0.0112  loss_bbox=0.0037  loss_depth=0.2352  loss_center=0.0025
[2026-08-21 20:30:28] INFO Epoch [173/249] avg_loss=10.4499  time=411.1s  lr=2.00e-05
[2026-08-21 20:30:29] INFO Checkpoint saved after epoch 173
[2026-08-21 20:36:04] INFO ==> Loading detections and GTs...
[2026-08-21 20:36:04] INFO ==> Evaluating (official)...
[2026-08-21 20:37:41] INFO Pedestrian AP@0.50, 0.50, 0.50:
bbox AP:64.1743, 56.3621, 48.6194
bev  AP:15.7879, 14.7610, 12.6390
3d   AP:14.4158, 12.4071, 12.0709
aos  AP:54.03, 47.44, 40.88
Pedestrian AP_R40@0.50, 0.50, 0.50:
bbox AP:63.3421, 54.8949, 46.2966
bev  AP:9.0738, 7.5129, 6.2578
3d   AP:7.2028, 5.7908, 4.8538
aos  AP:52.11, 44.94, 37.69
Pedestrian AP@0.50, 0.25, 0.25:
bbox AP:64.1743, 56.3621, 48.6194
bev  AP:32.7859, 27.7388, 25.2843
3d   AP:32.2499, 27.3114, 24.9285
aos  AP:54.03, 47.44, 40.88
Pedestrian AP_R40@0.50, 0.25, 0.25:
bbox AP:63.3421, 54.8949, 46.2966
bev  AP:30.1531, 25.1037, 20.2142
3d   AP:28.7343, 23.5976, 19.7970
aos  AP:52.11, 44.94, 37.69

[2026-08-21 20:39:18] INFO Car AP@0.70, 0.70, 0.70:
bbox AP:82.4266, 74.3951, 66.8020
bev  AP:26.7123, 21.5395, 18.4450
3d   AP:14.0353, 11.9779, 10.8806
aos  AP:81.00, 71.75, 63.41
Car AP_R40@0.70, 0.70, 0.70:
bbox AP:83.3629, 74.5162, 67.9684
bev  AP:22.4322, 16.2604, 14.0207
3d   AP:12.3393, 9.2787, 7.9128
aos  AP:81.84, 71.71, 64.16
Car AP@0.70, 0.50, 0.50:
bbox AP:82.4266, 74.3951, 66.8020
bev  AP:53.9550, 41.4859, 35.8085
3d   AP:48.3040, 35.9891, 33.8568
aos  AP:81.00, 71.75, 63.41
Car AP_R40@0.70, 0.50, 0.50:
bbox AP:83.3629, 74.5162, 67.9684
bev  AP:52.1402, 38.9531, 33.4143
3d   AP:48.0781, 34.6331, 30.2731
aos  AP:81.84, 71.71, 64.16

[2026-08-21 20:40:55] INFO Cyclist AP@0.50, 0.50, 0.50:
bbox AP:50.6713, 31.7930, 31.7931
bev  AP:13.2944, 10.2597, 10.0826
3d   AP:12.6720, 9.9023, 9.8971
aos  AP:40.29, 24.88, 24.84
Cyclist AP_R40@0.50, 0.50, 0.50:
bbox AP:48.7574, 28.2593, 27.2637
bev  AP:6.3855, 3.0479, 2.9528
3d   AP:4.8151, 2.6319, 2.3238
aos  AP:38.49, 22.05, 21.24
Cyclist AP@0.50, 0.25, 0.25:
bbox AP:50.6713, 31.7930, 31.7931
bev  AP:22.0602, 14.8622, 14.5672
3d   AP:19.3395, 14.4238, 14.3009
aos  AP:40.29, 24.88, 24.84
Cyclist AP_R40@0.50, 0.25, 0.25:
bbox AP:48.7574, 28.2593, 27.2637
bev  AP:15.7868, 8.5154, 7.8744
3d   AP:13.5937, 7.5909, 7.0860
aos  AP:38.49, 22.05, 21.24

[2026-08-21 20:40:55] INFO   Val Car Moderate mAP: 9.2787
[2026-08-21 20:40:55] INFO   Best: 10.1156 @ epoch 155
[2026-08-21 20:41:36] INFO Epoch[174] [37/371]  total=15.1636  loss_ce=0.0774  loss_bbox=0.0189  loss_depth=0.4066  loss_center=0.0081
[2026-08-21 20:42:16] INFO Epoch[174] [74/371]  total=0.7113  loss_ce=0.0045  loss_bbox=0.0069  loss_depth=-0.2481  loss_center=0.0023
[2026-08-21 20:42:57] INFO Epoch[174] [111/371]  total=16.9379  loss_ce=0.1541  loss_bbox=0.0170  loss_depth=1.0743  loss_center=0.0124
[2026-08-21 20:43:38] INFO Epoch[174] [148/371]  total=15.5542  loss_ce=0.0710  loss_bbox=0.0209  loss_depth=0.7766  loss_center=0.0091
[2026-08-21 20:44:19] INFO Epoch[174] [185/371]  total=15.7971  loss_ce=0.0612  loss_bbox=0.0134  loss_depth=0.8473  loss_center=0.0067
[2026-08-21 20:45:00] INFO Epoch[174] [222/371]  total=8.2131  loss_ce=0.0711  loss_bbox=0.0125  loss_depth=-0.1052  loss_center=0.0069
[2026-08-21 20:45:42] INFO Epoch[174] [259/371]  total=42.0070  loss_ce=0.0993  loss_bbox=0.0355  loss_depth=2.3022  loss_center=0.0261
[2026-08-21 20:46:23] INFO Epoch[174] [296/371]  total=9.9639  loss_ce=0.0377  loss_bbox=0.0099  loss_depth=0.6185  loss_center=0.0049
[2026-08-21 20:47:04] INFO Epoch[174] [333/371]  total=7.6690  loss_ce=0.0331  loss_bbox=0.0069  loss_depth=0.4448  loss_center=0.0057
[2026-08-21 20:47:45] INFO Epoch[174] [370/371]  total=2.9366  loss_ce=0.0137  loss_bbox=0.0050  loss_depth=-0.0638  loss_center=0.0022
[2026-08-21 20:47:46] INFO Epoch [174/249] avg_loss=10.6761  time=411.5s  lr=2.00e-05
[2026-08-21 20:47:47] INFO Checkpoint saved after epoch 174
[2026-08-21 20:53:22] INFO ==> Loading detections and GTs...
[2026-08-21 20:53:22] INFO ==> Evaluating (official)...
[2026-08-21 20:54:59] INFO Pedestrian AP@0.50, 0.50, 0.50:
bbox AP:64.5682, 56.8921, 48.8845
bev  AP:8.5605, 6.9738, 6.4216
3d   AP:8.0432, 6.3534, 5.9318
aos  AP:53.75, 47.24, 40.70
Pedestrian AP_R40@0.50, 0.50, 0.50:
bbox AP:62.3904, 53.6597, 46.6653
bev  AP:6.3781, 5.8021, 4.7020
3d   AP:5.8332, 5.1263, 3.7750
aos  AP:50.80, 43.49, 37.65
Pedestrian AP@0.50, 0.25, 0.25:
bbox AP:64.5682, 56.8921, 48.8845
bev  AP:25.9304, 24.7186, 20.3380
3d   AP:25.6326, 24.2952, 20.1646
aos  AP:53.75, 47.24, 40.70
Pedestrian AP_R40@0.50, 0.25, 0.25:
bbox AP:62.3904, 53.6597, 46.6653
bev  AP:22.7147, 19.8856, 16.5425
3d   AP:22.2227, 19.3684, 15.2492
aos  AP:50.80, 43.49, 37.65

[2026-08-21 20:56:35] INFO Car AP@0.70, 0.70, 0.70:
bbox AP:83.9674, 75.3736, 67.5895
bev  AP:25.1959, 20.9609, 17.7847
3d   AP:17.1802, 14.4872, 12.7825
aos  AP:82.77, 73.01, 64.44
Car AP_R40@0.70, 0.70, 0.70:
bbox AP:86.4343, 75.5694, 68.8775
bev  AP:20.1141, 15.2345, 12.5576
3d   AP:10.5896, 7.8448, 6.6520
aos  AP:85.09, 73.05, 65.29
Car AP@0.70, 0.50, 0.50:
bbox AP:83.9674, 75.3736, 67.5895
bev  AP:54.0362, 40.7748, 35.3758
3d   AP:47.1508, 35.2296, 32.7290
aos  AP:82.77, 73.01, 64.44
Car AP_R40@0.70, 0.50, 0.50:
bbox AP:86.4343, 75.5694, 68.8775
bev  AP:51.8843, 37.4795, 32.9607
3d   AP:45.5566, 33.4539, 28.3466
aos  AP:85.09, 73.05, 65.29

[2026-08-21 20:58:11] INFO Cyclist AP@0.50, 0.50, 0.50:
bbox AP:45.6323, 30.4500, 30.5812
bev  AP:10.9905, 9.8904, 9.7761
3d   AP:10.6818, 9.8152, 9.8288
aos  AP:36.12, 23.56, 23.52
Cyclist AP_R40@0.50, 0.50, 0.50:
bbox AP:44.8860, 25.8832, 25.8868
bev  AP:3.2200, 1.8892, 1.6787
3d   AP:2.7904, 1.5658, 1.4592
aos  AP:35.43, 20.42, 20.23
Cyclist AP@0.50, 0.25, 0.25:
bbox AP:45.6323, 30.4500, 30.5812
bev  AP:18.5152, 14.1691, 14.0311
3d   AP:18.3422, 14.1174, 12.7273
aos  AP:36.12, 23.56, 23.52
Cyclist AP_R40@0.50, 0.25, 0.25:
bbox AP:44.8860, 25.8832, 25.8868
bev  AP:12.3445, 6.8488, 6.5606
3d   AP:11.7421, 6.7816, 6.0153
aos  AP:35.43, 20.42, 20.23

[2026-08-21 20:58:11] INFO   Val Car Moderate mAP: 7.8448
[2026-08-21 20:58:12] INFO   Best: 10.1156 @ epoch 155
[2026-08-21 20:58:53] INFO Epoch[175] [37/371]  total=18.6803  loss_ce=0.1127  loss_bbox=0.0226  loss_depth=1.4387  loss_center=0.0098
[2026-08-21 20:59:33] INFO Epoch[175] [74/371]  total=5.8232  loss_ce=0.0342  loss_bbox=0.0047  loss_depth=0.1533  loss_center=0.0031
[2026-08-21 21:00:14] INFO Epoch[175] [111/371]  total=17.2264  loss_ce=0.0534  loss_bbox=0.0138  loss_depth=1.2265  loss_center=0.0063
[2026-08-21 21:00:54] INFO Epoch[175] [148/371]  total=0.2838  loss_ce=0.0212  loss_bbox=0.0024  loss_depth=-0.1127  loss_center=0.0012
[2026-08-21 21:01:35] INFO Epoch[175] [185/371]  total=3.7304  loss_ce=0.0178  loss_bbox=0.0157  loss_depth=-0.1113  loss_center=0.0029
[2026-08-21 21:02:15] INFO Epoch[175] [222/371]  total=4.6549  loss_ce=0.0442  loss_bbox=0.0079  loss_depth=-0.0238  loss_center=0.0029
[2026-08-21 21:02:56] INFO Epoch[175] [259/371]  total=3.4976  loss_ce=0.0187  loss_bbox=0.0008  loss_depth=0.3907  loss_center=0.0013
[2026-08-21 21:03:37] INFO Epoch[175] [296/371]  total=9.4292  loss_ce=0.0279  loss_bbox=0.0067  loss_depth=0.6266  loss_center=0.0042
[2026-08-21 21:04:18] INFO Epoch[175] [333/371]  total=7.5775  loss_ce=0.0171  loss_bbox=0.0060  loss_depth=0.2869  loss_center=0.0032
[2026-08-21 21:04:58] INFO Epoch[175] [370/371]  total=12.9348  loss_ce=0.0823  loss_bbox=0.0105  loss_depth=0.7421  loss_center=0.0079
[2026-08-21 21:04:59] INFO Epoch [175/249] avg_loss=10.5974  time=407.6s  lr=2.00e-05
[2026-08-21 21:05:00] INFO Checkpoint saved after epoch 175
[2026-08-21 21:10:36] INFO ==> Loading detections and GTs...
[2026-08-21 21:10:37] INFO ==> Evaluating (official)...
[2026-08-21 21:12:15] INFO Pedestrian AP@0.50, 0.50, 0.50:
bbox AP:63.5700, 56.1473, 48.5275
bev  AP:15.5051, 14.8397, 12.7782
3d   AP:14.2540, 12.4211, 12.3516
aos  AP:53.26, 46.92, 40.56
Pedestrian AP_R40@0.50, 0.50, 0.50:
bbox AP:63.0344, 54.6830, 46.1828
bev  AP:9.1963, 7.6909, 6.4200
3d   AP:7.2904, 6.0339, 5.0536
aos  AP:51.42, 44.46, 37.32
Pedestrian AP@0.50, 0.25, 0.25:
bbox AP:63.5700, 56.1473, 48.5275
bev  AP:31.7762, 27.0335, 24.8094
3d   AP:31.0694, 26.5857, 24.5520
aos  AP:53.26, 46.92, 40.56
Pedestrian AP_R40@0.50, 0.25, 0.25:
bbox AP:63.0344, 54.6830, 46.1828
bev  AP:28.3132, 23.5709, 19.6823
3d   AP:26.8708, 23.1471, 19.2614
aos  AP:51.42, 44.46, 37.32

[2026-08-21 21:13:54] INFO Car AP@0.70, 0.70, 0.70:
bbox AP:82.4672, 74.2833, 66.7262
bev  AP:26.7053, 21.5043, 18.3068
3d   AP:14.0096, 15.5642, 14.5967
aos  AP:81.00, 71.55, 63.28
Car AP_R40@0.70, 0.70, 0.70:
bbox AP:85.0179, 74.4211, 67.9254
bev  AP:22.2656, 16.2226, 13.2439
3d   AP:12.1970, 9.2467, 7.8186
aos  AP:83.37, 71.54, 64.04
Car AP@0.70, 0.50, 0.50:
bbox AP:82.4672, 74.2833, 66.7262
bev  AP:53.7211, 41.1104, 35.5310
3d   AP:48.1055, 35.8347, 33.4609
aos  AP:81.00, 71.55, 63.28
Car AP_R40@0.70, 0.50, 0.50:
bbox AP:85.0179, 74.4211, 67.9254
bev  AP:51.7758, 38.6128, 33.1567
3d   AP:47.7561, 34.3949, 30.0329
aos  AP:83.37, 71.54, 64.04

[2026-08-21 21:15:32] INFO Cyclist AP@0.50, 0.50, 0.50:
bbox AP:46.8804, 29.4172, 29.2130
bev  AP:13.1806, 10.8891, 10.5894
3d   AP:12.2303, 10.1332, 9.9764
aos  AP:37.67, 23.65, 23.40
Cyclist AP_R40@0.50, 0.50, 0.50:
bbox AP:45.1697, 26.5995, 25.7135
bev  AP:5.5857, 3.1020, 2.8433
3d   AP:4.1637, 2.3235, 2.2095
aos  AP:35.88, 20.95, 20.23
Cyclist AP@0.50, 0.25, 0.25:
bbox AP:46.8804, 29.4172, 29.2130
bev  AP:20.4237, 14.5559, 14.1452
3d   AP:19.2292, 14.3540, 14.0704
aos  AP:37.67, 23.65, 23.40
Cyclist AP_R40@0.50, 0.25, 0.25:
bbox AP:45.1697, 26.5995, 25.7135
bev  AP:13.7682, 7.7810, 7.6183
3d   AP:13.3119, 7.6637, 7.0410
aos  AP:35.88, 20.95, 20.23

[2026-08-21 21:15:32] INFO   Val Car Moderate mAP: 9.2467
[2026-08-21 21:15:33] INFO   Best: 10.1156 @ epoch 155
[2026-08-21 21:16:13] INFO Epoch[176] [37/371]  total=16.3011  loss_ce=0.0884  loss_bbox=0.0164  loss_depth=0.9667  loss_center=0.0085
[2026-08-21 21:16:54] INFO Epoch[176] [74/371]  total=7.6241  loss_ce=0.0224  loss_bbox=0.0044  loss_depth=0.6116  loss_center=0.0030
[2026-08-21 21:17:35] INFO Epoch[176] [111/371]  total=28.1085  loss_ce=0.1505  loss_bbox=0.0353  loss_depth=1.7645  loss_center=0.0201
[2026-08-21 21:18:16] INFO Epoch[176] [148/371]  total=7.6476  loss_ce=0.0392  loss_bbox=0.0083  loss_depth=0.1969  loss_center=0.0051
[2026-08-21 21:18:57] INFO Epoch[176] [185/371]  total=8.1483  loss_ce=0.0783  loss_bbox=0.0105  loss_depth=0.4059  loss_center=0.0051
[2026-08-21 21:19:38] INFO Epoch[176] [222/371]  total=10.7448  loss_ce=0.0596  loss_bbox=0.0066  loss_depth=0.8223  loss_center=0.0039
[2026-08-21 21:20:19] INFO Epoch[176] [259/371]  total=0.6296  loss_ce=0.0016  loss_bbox=0.0029  loss_depth=-0.2085  loss_center=0.0008
[2026-08-21 21:21:00] INFO Epoch[176] [296/371]  total=9.5723  loss_ce=0.0658  loss_bbox=0.0134  loss_depth=0.5788  loss_center=0.0086
[2026-08-21 21:21:40] INFO Epoch[176] [333/371]  total=21.3047  loss_ce=0.1092  loss_bbox=0.0227  loss_depth=1.3794  loss_center=0.0128
[2026-08-21 21:22:21] INFO Epoch[176] [370/371]  total=20.5715  loss_ce=0.0925  loss_bbox=0.0181  loss_depth=1.5323  loss_center=0.0117
[2026-08-21 21:22:22] INFO Epoch [176/249] avg_loss=10.8657  time=409.7s  lr=2.00e-05
[2026-08-21 21:22:23] INFO Checkpoint saved after epoch 176
[2026-08-21 21:28:00] INFO ==> Loading detections and GTs...
[2026-08-21 21:28:01] INFO ==> Evaluating (official)...
[2026-08-21 21:29:45] INFO Pedestrian AP@0.50, 0.50, 0.50:
bbox AP:65.0484, 57.1877, 49.2222
bev  AP:10.9462, 10.6341, 8.3667
3d   AP:9.1262, 7.7722, 7.1175
aos  AP:55.98, 48.83, 41.96
Pedestrian AP_R40@0.50, 0.50, 0.50:
bbox AP:66.2086, 55.7790, 48.6860
bev  AP:8.4128, 7.7019, 6.3616
3d   AP:7.2246, 6.0829, 4.9827
aos  AP:55.79, 46.68, 40.34
Pedestrian AP@0.50, 0.25, 0.25:
bbox AP:65.0484, 57.1877, 49.2222
bev  AP:31.1209, 26.3781, 20.9768
3d   AP:30.8597, 26.1249, 20.8706
aos  AP:55.98, 48.83, 41.96
Pedestrian AP_R40@0.50, 0.25, 0.25:
bbox AP:66.2086, 55.7790, 48.6860
bev  AP:26.6229, 22.0380, 18.1120
3d   AP:26.2560, 21.8425, 17.8522
aos  AP:55.79, 46.68, 40.34

[2026-08-21 21:31:29] INFO Car AP@0.70, 0.70, 0.70:
bbox AP:83.7916, 75.3208, 67.5273
bev  AP:17.5284, 14.4088, 13.0528
3d   AP:10.1381, 8.3286, 7.6693
aos  AP:82.41, 72.68, 64.13
Car AP_R40@0.70, 0.70, 0.70:
bbox AP:86.1364, 77.1859, 70.5311
bev  AP:15.9143, 11.7246, 9.9211
3d   AP:8.2479, 6.2924, 5.1592
aos  AP:84.57, 74.23, 66.45
Car AP@0.70, 0.50, 0.50:
bbox AP:83.7916, 75.3208, 67.5273
bev  AP:47.7953, 35.4476, 32.6791
3d   AP:43.3870, 33.0870, 27.6035
aos  AP:82.41, 72.68, 64.13
Car AP_R40@0.70, 0.50, 0.50:
bbox AP:86.1364, 77.1859, 70.5311
bev  AP:46.3180, 33.7506, 28.4044
3d   AP:40.4063, 29.2086, 25.0873
aos  AP:84.57, 74.23, 66.45

[2026-08-21 21:33:12] INFO Cyclist AP@0.50, 0.50, 0.50:
bbox AP:50.7481, 31.4090, 31.4669
bev  AP:11.1604, 9.6516, 9.6740
3d   AP:10.8344, 9.6152, 9.6376
aos  AP:38.02, 23.03, 22.96
Cyclist AP_R40@0.50, 0.50, 0.50:
bbox AP:48.2488, 28.1462, 26.9365
bev  AP:3.1669, 1.5705, 1.5726
3d   AP:2.5821, 1.4161, 1.4186
aos  AP:35.88, 20.70, 19.77
Cyclist AP@0.50, 0.25, 0.25:
bbox AP:50.7481, 31.4090, 31.4669
bev  AP:18.4631, 14.1367, 14.0002
3d   AP:18.3630, 14.1112, 13.9645
aos  AP:38.02, 23.03, 22.96
Cyclist AP_R40@0.50, 0.25, 0.25:
bbox AP:48.2488, 28.1462, 26.9365
bev  AP:12.3313, 6.9245, 6.5492
3d   AP:12.2409, 6.8196, 6.4784
aos  AP:35.88, 20.70, 19.77

[2026-08-21 21:33:12] INFO   Val Car Moderate mAP: 6.2924
[2026-08-21 21:33:12] INFO   Best: 10.1156 @ epoch 155
[2026-08-21 21:33:53] INFO Epoch[177] [37/371]  total=9.0786  loss_ce=0.0832  loss_bbox=0.0073  loss_depth=0.3513  loss_center=0.0041
[2026-08-21 21:34:33] INFO Epoch[177] [74/371]  total=1.2458  loss_ce=0.0019  loss_bbox=0.0017  loss_depth=0.0284  loss_center=0.0010
[2026-08-21 21:35:14] INFO Epoch[177] [111/371]  total=3.6159  loss_ce=0.0146  loss_bbox=0.0061  loss_depth=0.0485  loss_center=0.0021
[2026-08-21 21:35:55] INFO Epoch[177] [148/371]  total=15.2249  loss_ce=0.0833  loss_bbox=0.0151  loss_depth=0.9684  loss_center=0.0096
[2026-08-21 21:36:36] INFO Epoch[177] [185/371]  total=6.7789  loss_ce=0.0366  loss_bbox=0.0148  loss_depth=-0.0025  loss_center=0.0056
[2026-08-21 21:37:17] INFO Epoch[177] [222/371]  total=2.6904  loss_ce=0.0074  loss_bbox=0.0023  loss_depth=0.0985  loss_center=0.0023
[2026-08-21 21:37:58] INFO Epoch[177] [259/371]  total=6.5437  loss_ce=0.0420  loss_bbox=0.0171  loss_depth=-0.0388  loss_center=0.0063
[2026-08-21 21:38:39] INFO Epoch[177] [296/371]  total=7.6148  loss_ce=0.0431  loss_bbox=0.0138  loss_depth=0.1251  loss_center=0.0061
[2026-08-21 21:39:20] INFO Epoch[177] [333/371]  total=10.0961  loss_ce=0.0523  loss_bbox=0.0130  loss_depth=0.5898  loss_center=0.0054
[2026-08-21 21:40:01] INFO Epoch[177] [370/371]  total=13.2135  loss_ce=0.1495  loss_bbox=0.0212  loss_depth=0.0794  loss_center=0.0092
[2026-08-21 21:40:02] INFO Epoch [177/249] avg_loss=10.2454  time=409.9s  lr=2.00e-05
[2026-08-21 21:40:02] INFO Checkpoint saved after epoch 177
[2026-08-21 21:45:39] INFO ==> Loading detections and GTs...
[2026-08-21 21:45:40] INFO ==> Evaluating (official)...
[2026-08-21 21:47:18] INFO Pedestrian AP@0.50, 0.50, 0.50:
bbox AP:64.9578, 56.9388, 49.1510
bev  AP:16.0920, 14.9991, 12.9973
3d   AP:14.7021, 12.5148, 12.2574
aos  AP:55.10, 48.01, 41.44
Pedestrian AP_R40@0.50, 0.50, 0.50:
bbox AP:64.4015, 55.5595, 46.8466
bev  AP:9.7401, 8.2379, 6.7374
3d   AP:7.6054, 6.2891, 5.1189
aos  AP:53.34, 45.68, 38.29
Pedestrian AP@0.50, 0.25, 0.25:
bbox AP:64.9578, 56.9388, 49.1510
bev  AP:32.4125, 27.2787, 24.8715
3d   AP:31.6033, 26.8419, 24.5427
aos  AP:55.10, 48.01, 41.44
Pedestrian AP_R40@0.50, 0.25, 0.25:
bbox AP:64.4015, 55.5595, 46.8466
bev  AP:28.5406, 23.6830, 19.6937
3d   AP:27.7833, 23.0979, 19.1477
aos  AP:53.34, 45.68, 38.29

[2026-08-21 21:48:57] INFO Car AP@0.70, 0.70, 0.70:
bbox AP:82.6668, 74.5975, 66.9858
bev  AP:25.5937, 20.9793, 17.6496
3d   AP:13.0315, 10.9099, 9.1418
aos  AP:81.37, 71.99, 63.66
Car AP_R40@0.70, 0.70, 0.70:
bbox AP:83.6073, 74.8067, 68.2346
bev  AP:20.5451, 15.2476, 12.5823
3d   AP:11.2179, 8.6505, 7.0100
aos  AP:82.24, 72.06, 64.48
Car AP@0.70, 0.50, 0.50:
bbox AP:82.6668, 74.5975, 66.9858
bev  AP:49.8681, 40.4387, 35.0393
3d   AP:46.6259, 35.0449, 32.4648
aos  AP:81.37, 71.99, 63.66
Car AP_R40@0.70, 0.50, 0.50:
bbox AP:83.6073, 74.8067, 68.2346
bev  AP:49.7330, 36.8658, 32.5261
3d   AP:45.1343, 33.1930, 28.1066
aos  AP:82.24, 72.06, 64.48

[2026-08-21 21:50:35] INFO Cyclist AP@0.50, 0.50, 0.50:
bbox AP:47.1098, 31.8456, 28.2814
bev  AP:11.2481, 9.8137, 9.8392
3d   AP:11.0490, 9.7442, 9.7700
aos  AP:35.46, 23.86, 21.16
Cyclist AP_R40@0.50, 0.50, 0.50:
bbox AP:46.0698, 27.1667, 25.9790
bev  AP:3.9003, 2.0826, 1.9521
3d   AP:3.0904, 1.6759, 1.5338
aos  AP:34.33, 20.08, 19.39
Cyclist AP@0.50, 0.25, 0.25:
bbox AP:47.1098, 31.8456, 28.2814
bev  AP:19.3456, 14.5664, 13.0723
3d   AP:19.0296, 14.4206, 12.9594
aos  AP:35.46, 23.86, 21.16
Cyclist AP_R40@0.50, 0.25, 0.25:
bbox AP:46.0698, 27.1667, 25.9790
bev  AP:12.9052, 7.3867, 6.7224
3d   AP:12.5871, 7.1253, 6.3353
aos  AP:34.33, 20.08, 19.39

[2026-08-21 21:50:35] INFO   Val Car Moderate mAP: 8.6505
[2026-08-21 21:50:35] INFO   Best: 10.1156 @ epoch 155
[2026-08-21 21:51:17] INFO Epoch[178] [37/371]  total=35.6862  loss_ce=0.1885  loss_bbox=0.0409  loss_depth=2.7275  loss_center=0.0202
[2026-08-21 21:51:58] INFO Epoch[178] [74/371]  total=12.9637  loss_ce=0.0829  loss_bbox=0.0226  loss_depth=0.6543  loss_center=0.0120
[2026-08-21 21:52:39] INFO Epoch[178] [111/371]  total=16.3723  loss_ce=0.0945  loss_bbox=0.0185  loss_depth=0.8218  loss_center=0.0142
[2026-08-21 21:53:21] INFO Epoch[178] [148/371]  total=0.0361  loss_ce=0.0032  loss_bbox=0.0000  loss_depth=0.0000  loss_center=0.0000
[2026-08-21 21:54:02] INFO Epoch[178] [185/371]  total=14.8615  loss_ce=0.0625  loss_bbox=0.0113  loss_depth=1.0011  loss_center=0.0108
[2026-08-21 21:54:44] INFO Epoch[178] [222/371]  total=3.0674  loss_ce=0.0156  loss_bbox=0.0023  loss_depth=0.0784  loss_center=0.0008
[2026-08-21 21:55:25] INFO Epoch[178] [259/371]  total=11.7738  loss_ce=0.0555  loss_bbox=0.0064  loss_depth=0.8419  loss_center=0.0071
[2026-08-21 21:56:06] INFO Epoch[178] [296/371]  total=19.6730  loss_ce=0.1054  loss_bbox=0.0148  loss_depth=1.5485  loss_center=0.0109
[2026-08-21 21:56:46] INFO Epoch[178] [333/371]  total=23.8571  loss_ce=0.1896  loss_bbox=0.0269  loss_depth=1.3211  loss_center=0.0160
[2026-08-21 21:57:27] INFO Epoch[178] [370/371]  total=17.2950  loss_ce=0.0961  loss_bbox=0.0199  loss_depth=1.3714  loss_center=0.0088
[2026-08-21 21:57:28] INFO Epoch [178/249] avg_loss=10.6689  time=412.8s  lr=2.00e-05
[2026-08-21 21:57:28] INFO Checkpoint saved after epoch 178
[2026-08-21 22:03:06] INFO ==> Loading detections and GTs...
[2026-08-21 22:03:06] INFO ==> Evaluating (official)...
[2026-08-21 22:04:45] INFO Pedestrian AP@0.50, 0.50, 0.50:
bbox AP:64.7792, 56.9169, 48.9919
bev  AP:9.5107, 7.5475, 7.3462
3d   AP:8.3521, 6.9163, 6.2160
aos  AP:54.93, 47.98, 41.29
Pedestrian AP_R40@0.50, 0.50, 0.50:
bbox AP:65.7355, 55.4525, 48.4973
bev  AP:7.2289, 6.1047, 5.1149
3d   AP:5.9660, 5.2949, 4.2590
aos  AP:54.55, 45.70, 39.56
Pedestrian AP@0.50, 0.25, 0.25:
bbox AP:64.7792, 56.9169, 48.9919
bev  AP:28.7491, 25.1928, 20.4762
3d   AP:25.9310, 24.7630, 20.2741
aos  AP:54.93, 47.98, 41.29
Pedestrian AP_R40@0.50, 0.25, 0.25:
bbox AP:65.7355, 55.4525, 48.4973
bev  AP:23.8733, 20.1498, 16.8116
3d   AP:22.6033, 19.8247, 16.5423
aos  AP:54.55, 45.70, 39.56

[2026-08-21 22:06:23] INFO Car AP@0.70, 0.70, 0.70:
bbox AP:84.0453, 75.5289, 67.6580
bev  AP:22.9083, 18.0267, 16.6976
3d   AP:15.8895, 13.8531, 12.3375
aos  AP:82.67, 72.84, 64.20
Car AP_R40@0.70, 0.70, 0.70:
bbox AP:85.0998, 75.7138, 68.9560
bev  AP:17.0968, 12.9359, 11.2050
3d   AP:8.8578, 7.0185, 5.8719
aos  AP:83.65, 72.88, 65.04
Car AP@0.70, 0.50, 0.50:
bbox AP:84.0453, 75.5289, 67.6580
bev  AP:49.7878, 40.3107, 35.0024
3d   AP:46.0970, 34.7402, 32.3580
aos  AP:82.67, 72.84, 64.20
Car AP_R40@0.70, 0.50, 0.50:
bbox AP:85.0998, 75.7138, 68.9560
bev  AP:49.8903, 37.0009, 32.4738
3d   AP:44.5621, 33.0068, 27.8948
aos  AP:83.65, 72.88, 65.04

[2026-08-21 22:08:02] INFO Cyclist AP@0.50, 0.50, 0.50:
bbox AP:52.2470, 32.4727, 32.2330
bev  AP:10.8835, 9.8295, 9.8556
3d   AP:10.8464, 9.7291, 9.7554
aos  AP:39.58, 24.37, 24.00
Cyclist AP_R40@0.50, 0.50, 0.50:
bbox AP:49.6253, 28.8673, 28.6952
bev  AP:3.0190, 1.6986, 1.6552
3d   AP:2.5983, 1.4118, 1.3400
aos  AP:37.55, 21.78, 21.66
Cyclist AP@0.50, 0.25, 0.25:
bbox AP:52.2470, 32.4727, 32.2330
bev  AP:18.7029, 14.1435, 14.0207
3d   AP:18.6549, 14.1298, 13.9968
aos  AP:39.58, 24.37, 24.00
Cyclist AP_R40@0.50, 0.25, 0.25:
bbox AP:49.6253, 28.8673, 28.6952
bev  AP:12.7815, 6.9996, 6.9567
3d   AP:12.6841, 6.9639, 6.8006
aos  AP:37.55, 21.78, 21.66

[2026-08-21 22:08:02] INFO   Val Car Moderate mAP: 7.0185
[2026-08-21 22:08:03] INFO   Best: 10.1156 @ epoch 155
[2026-08-21 22:08:44] INFO Epoch[179] [37/371]  total=7.7083  loss_ce=0.0190  loss_bbox=0.0060  loss_depth=0.4681  loss_center=0.0034
[2026-08-21 22:09:24] INFO Epoch[179] [74/371]  total=7.3796  loss_ce=0.0206  loss_bbox=0.0020  loss_depth=0.7247  loss_center=0.0011
[2026-08-21 22:10:04] INFO Epoch[179] [111/371]  total=8.9243  loss_ce=0.0172  loss_bbox=0.0089  loss_depth=0.6568  loss_center=0.0068
[2026-08-21 22:10:46] INFO Epoch[179] [148/371]  total=22.5769  loss_ce=0.1842  loss_bbox=0.0331  loss_depth=0.9795  loss_center=0.0186
[2026-08-21 22:11:27] INFO Epoch[179] [185/371]  total=23.8931  loss_ce=0.1245  loss_bbox=0.0203  loss_depth=1.3423  loss_center=0.0137
[2026-08-21 22:12:08] INFO Epoch[179] [222/371]  total=3.1632  loss_ce=0.0125  loss_bbox=0.0022  loss_depth=0.1257  loss_center=0.0014
[2026-08-21 22:12:49] INFO Epoch[179] [259/371]  total=51.2550  loss_ce=0.1493  loss_bbox=0.0448  loss_depth=2.3937  loss_center=0.0381
[2026-08-21 22:13:29] INFO Epoch[179] [296/371]  total=7.4047  loss_ce=0.0681  loss_bbox=0.0154  loss_depth=-0.0681  loss_center=0.0099
[2026-08-21 22:14:10] INFO Epoch[179] [333/371]  total=12.6900  loss_ce=0.0551  loss_bbox=0.0155  loss_depth=0.4253  loss_center=0.0079
[2026-08-21 22:14:51] INFO Epoch[179] [370/371]  total=8.9056  loss_ce=0.0805  loss_bbox=0.0116  loss_depth=0.0194  loss_center=0.0076
[2026-08-21 22:14:52] INFO Epoch [179/249] avg_loss=10.5888  time=409.4s  lr=2.00e-05
[2026-08-21 22:14:53] INFO Checkpoint saved after epoch 179
[2026-08-21 22:20:31] INFO ==> Loading detections and GTs...
[2026-08-21 22:20:31] INFO ==> Evaluating (official)...
[2026-08-21 22:22:07] INFO Pedestrian AP@0.50, 0.50, 0.50:
bbox AP:65.3165, 57.2669, 49.1008
bev  AP:15.6988, 14.9143, 12.8701
3d   AP:13.9343, 12.4422, 11.7933
aos  AP:54.72, 47.88, 40.97
Pedestrian AP_R40@0.50, 0.50, 0.50:
bbox AP:64.8592, 54.1495, 47.1142
bev  AP:9.6430, 7.9852, 5.9006
3d   AP:6.7866, 5.7956, 4.6674
aos  AP:53.12, 44.18, 38.08
Pedestrian AP@0.50, 0.25, 0.25:
bbox AP:65.3165, 57.2669, 49.1008
bev  AP:32.2093, 27.5386, 25.3135
3d   AP:31.7077, 27.0807, 21.5851
aos  AP:54.72, 47.88, 40.97
Pedestrian AP_R40@0.50, 0.25, 0.25:
bbox AP:64.8592, 54.1495, 47.1142
bev  AP:28.9180, 23.9781, 20.1104
3d   AP:28.4570, 23.5192, 18.8113
aos  AP:53.12, 44.18, 38.08

[2026-08-21 22:23:42] INFO Car AP@0.70, 0.70, 0.70:
bbox AP:83.6930, 75.2629, 67.4833
bev  AP:25.9803, 21.3429, 17.2251
3d   AP:14.8852, 12.6583, 11.4897
aos  AP:82.17, 72.47, 63.87
Car AP_R40@0.70, 0.70, 0.70:
bbox AP:84.7118, 75.6068, 68.8005
bev  AP:24.6028, 18.0655, 15.0805
3d   AP:13.1963, 10.2883, 8.3871
aos  AP:83.09, 72.63, 64.73
Car AP@0.70, 0.50, 0.50:
bbox AP:83.6930, 75.2629, 67.4833
bev  AP:55.2161, 42.4552, 36.3298
3d   AP:48.7710, 36.2313, 34.0442
aos  AP:82.17, 72.47, 63.87
Car AP_R40@0.70, 0.50, 0.50:
bbox AP:84.7118, 75.6068, 68.8005
bev  AP:53.2691, 39.7192, 34.0588
3d   AP:48.5665, 34.9348, 30.6111
aos  AP:83.09, 72.63, 64.73

[2026-08-21 22:25:18] INFO Cyclist AP@0.50, 0.50, 0.50:
bbox AP:47.3124, 28.4082, 28.4122
bev  AP:5.7460, 3.4772, 3.2762
3d   AP:4.0793, 2.7521, 2.8760
aos  AP:37.88, 23.34, 23.39
Cyclist AP_R40@0.50, 0.50, 0.50:
bbox AP:45.6331, 25.8003, 25.7344
bev  AP:4.4809, 2.3625, 2.0723
3d   AP:3.4690, 1.8196, 1.8440
aos  AP:35.25, 19.76, 19.65
Cyclist AP@0.50, 0.25, 0.25:
bbox AP:47.3124, 28.4082, 28.4122
bev  AP:14.8484, 9.7888, 9.5565
3d   AP:13.9537, 9.2312, 8.1348
aos  AP:37.88, 23.34, 23.39
Cyclist AP_R40@0.50, 0.25, 0.25:
bbox AP:45.6331, 25.8003, 25.7344
bev  AP:13.4405, 7.5184, 6.9596
3d   AP:12.1400, 6.6958, 6.2355
aos  AP:35.25, 19.76, 19.65

[2026-08-21 22:25:18] INFO   Val Car Moderate mAP: 10.2883
[2026-08-21 22:25:19] INFO   Best: 10.2883 @ epoch 179
[2026-08-21 22:26:00] INFO Epoch[180] [37/371]  total=6.9260  loss_ce=0.0382  loss_bbox=0.0077  loss_depth=0.3958  loss_center=0.0039
[2026-08-21 22:26:40] INFO Epoch[180] [74/371]  total=5.3208  loss_ce=0.0144  loss_bbox=0.0048  loss_depth=0.1566  loss_center=0.0023
[2026-08-21 22:27:21] INFO Epoch[180] [111/371]  total=0.3012  loss_ce=0.0183  loss_bbox=0.0027  loss_depth=-0.1644  loss_center=0.0012
[2026-08-21 22:28:01] INFO Epoch[180] [148/371]  total=17.6791  loss_ce=0.1048  loss_bbox=0.0254  loss_depth=0.8290  loss_center=0.0093
[2026-08-21 22:28:42] INFO Epoch[180] [185/371]  total=0.0902  loss_ce=0.0056  loss_bbox=0.0000  loss_depth=0.0000  loss_center=0.0000
[2026-08-21 22:29:23] INFO Epoch[180] [222/371]  total=2.6197  loss_ce=0.0045  loss_bbox=0.0018  loss_depth=0.1796  loss_center=0.0009
[2026-08-21 22:30:03] INFO Epoch[180] [259/371]  total=0.7648  loss_ce=0.0005  loss_bbox=0.0013  loss_depth=-0.0286  loss_center=0.0002
[2026-08-21 22:30:44] INFO Epoch[180] [296/371]  total=5.3238  loss_ce=0.0177  loss_bbox=0.0029  loss_depth=0.3374  loss_center=0.0020
[2026-08-21 22:31:24] INFO Epoch[180] [333/371]  total=21.2154  loss_ce=0.1303  loss_bbox=0.0813  loss_depth=0.9335  loss_center=0.0298
[2026-08-21 22:32:04] INFO Epoch[180] [370/371]  total=5.1280  loss_ce=0.0554  loss_bbox=0.0167  loss_depth=-0.1811  loss_center=0.0077
[2026-08-21 22:32:05] INFO Epoch [180/249] avg_loss=10.2013  time=406.5s  lr=2.00e-05
[2026-08-21 22:32:06] INFO Checkpoint saved after epoch 180
[2026-08-21 22:37:43] INFO ==> Loading detections and GTs...
[2026-08-21 22:37:43] INFO ==> Evaluating (official)...
[2026-08-21 22:39:29] INFO Pedestrian AP@0.50, 0.50, 0.50:
bbox AP:64.3406, 56.4044, 48.6126
bev  AP:15.6565, 14.7931, 12.9140
3d   AP:14.5321, 12.5148, 12.4747
aos  AP:54.72, 47.74, 40.94
Pedestrian AP_R40@0.50, 0.50, 0.50:
bbox AP:65.0000, 56.4622, 47.8978
bev  AP:9.1619, 7.7363, 6.3903
3d   AP:7.6164, 6.1397, 5.0765
aos  AP:53.93, 46.55, 39.18
Pedestrian AP@0.50, 0.25, 0.25:
bbox AP:64.3406, 56.4044, 48.6126
bev  AP:32.4686, 27.4607, 24.7970
3d   AP:31.6835, 26.9768, 24.5843
aos  AP:54.72, 47.74, 40.94
Pedestrian AP_R40@0.50, 0.25, 0.25:
bbox AP:65.0000, 56.4622, 47.8978
bev  AP:29.4803, 24.8450, 19.8761
3d   AP:27.8213, 23.3830, 19.4298
aos  AP:53.93, 46.55, 39.18

[2026-08-21 22:41:13] INFO Car AP@0.70, 0.70, 0.70:
bbox AP:82.2191, 74.6515, 66.9422
bev  AP:26.6934, 21.7547, 18.5762
3d   AP:13.5967, 11.4781, 10.7948
aos  AP:80.83, 71.97, 63.51
Car AP_R40@0.70, 0.70, 0.70:
bbox AP:84.6562, 76.3874, 69.8994
bev  AP:22.1771, 16.7367, 14.0701
3d   AP:11.5557, 9.0385, 7.7887
aos  AP:83.12, 73.41, 65.81
Car AP@0.70, 0.50, 0.50:
bbox AP:82.2191, 74.6515, 66.9422
bev  AP:53.1464, 41.2012, 35.5919
3d   AP:47.6460, 35.7620, 33.4970
aos  AP:80.83, 71.97, 63.51
Car AP_R40@0.70, 0.50, 0.50:
bbox AP:84.6562, 76.3874, 69.8994
bev  AP:51.0832, 38.3710, 33.1068
3d   AP:47.1232, 34.0764, 29.8957
aos  AP:83.12, 73.41, 65.81

[2026-08-21 22:42:57] INFO Cyclist AP@0.50, 0.50, 0.50:
bbox AP:50.0960, 30.7240, 30.8780
bev  AP:11.3043, 9.6578, 9.6778
3d   AP:11.1111, 9.6364, 9.6564
aos  AP:39.66, 24.19, 24.17
Cyclist AP_R40@0.50, 0.50, 0.50:
bbox AP:47.5328, 27.6646, 27.6697
bev  AP:3.9962, 1.9568, 2.0307
3d   AP:3.3410, 1.8266, 1.6918
aos  AP:37.64, 21.76, 21.67
Cyclist AP@0.50, 0.25, 0.25:
bbox AP:50.0960, 30.7240, 30.8780
bev  AP:19.2608, 14.0881, 13.9757
3d   AP:18.8487, 13.8935, 13.7546
aos  AP:39.66, 24.19, 24.17
Cyclist AP_R40@0.50, 0.25, 0.25:
bbox AP:47.5328, 27.6646, 27.6697
bev  AP:13.6437, 7.6091, 7.3242
3d   AP:13.3698, 7.3527, 6.7888
aos  AP:37.64, 21.76, 21.67

[2026-08-21 22:42:57] INFO   Val Car Moderate mAP: 9.0385
[2026-08-21 22:42:58] INFO   Best: 10.2883 @ epoch 179
[2026-08-21 22:43:39] INFO Epoch[181] [37/371]  total=8.3627  loss_ce=0.0492  loss_bbox=0.0040  loss_depth=0.4931  loss_center=0.0023
[2026-08-21 22:44:21] INFO Epoch[181] [74/371]  total=23.6735  loss_ce=0.1496  loss_bbox=0.0263  loss_depth=1.2889  loss_center=0.0163
[2026-08-21 22:45:02] INFO Epoch[181] [111/371]  total=3.9363  loss_ce=0.0185  loss_bbox=0.0056  loss_depth=-0.0266  loss_center=0.0024
[2026-08-21 22:45:44] INFO Epoch[181] [148/371]  total=0.0107  loss_ce=0.0008  loss_bbox=0.0000  loss_depth=0.0000  loss_center=0.0000
[2026-08-21 22:46:25] INFO Epoch[181] [185/371]  total=18.3600  loss_ce=0.1698  loss_bbox=0.0187  loss_depth=1.4422  loss_center=0.0090
[2026-08-21 22:47:07] INFO Epoch[181] [222/371]  total=2.9786  loss_ce=0.0052  loss_bbox=0.0046  loss_depth=-0.1684  loss_center=0.0050
[2026-08-21 22:47:48] INFO Epoch[181] [259/371]  total=3.0694  loss_ce=0.0358  loss_bbox=0.0202  loss_depth=-0.5556  loss_center=0.0103
[2026-08-21 22:48:29] INFO Epoch[181] [296/371]  total=5.6846  loss_ce=0.0157  loss_bbox=0.0016  loss_depth=0.5501  loss_center=0.0018
[2026-08-21 22:49:10] INFO Epoch[181] [333/371]  total=9.6323  loss_ce=0.0633  loss_bbox=0.0055  loss_depth=0.7096  loss_center=0.0034
[2026-08-21 22:49:51] INFO Epoch[181] [370/371]  total=9.2951  loss_ce=0.0452  loss_bbox=0.0102  loss_depth=0.2432  loss_center=0.0073
[2026-08-21 22:49:52] INFO Epoch [181/249] avg_loss=10.6783  time=414.0s  lr=2.00e-05
[2026-08-21 22:49:52] INFO Checkpoint saved after epoch 181
[2026-08-21 22:55:27] INFO ==> Loading detections and GTs...
[2026-08-21 22:55:27] INFO ==> Evaluating (official)...
[2026-08-21 22:57:06] INFO Pedestrian AP@0.50, 0.50, 0.50:
bbox AP:65.3756, 57.3183, 49.5285
bev  AP:16.0654, 15.0234, 13.0602
3d   AP:14.4830, 12.5983, 12.4689
aos  AP:56.06, 49.11, 42.32
Pedestrian AP_R40@0.50, 0.50, 0.50:
bbox AP:64.8926, 54.3509, 47.3398
bev  AP:9.6780, 8.4379, 6.9365
3d   AP:7.6273, 6.2282, 5.1233
aos  AP:54.73, 45.76, 39.41
Pedestrian AP@0.50, 0.25, 0.25:
bbox AP:65.3756, 57.3183, 49.5285
bev  AP:32.3764, 27.5126, 25.2865
3d   AP:31.9599, 27.2138, 25.0930
aos  AP:56.06, 49.11, 42.32
Pedestrian AP_R40@0.50, 0.25, 0.25:
bbox AP:64.8926, 54.3509, 47.3398
bev  AP:28.8034, 23.9702, 20.1279
3d   AP:28.5085, 23.7320, 19.9305
aos  AP:54.73, 45.76, 39.41

[2026-08-21 22:58:43] INFO Car AP@0.70, 0.70, 0.70:
bbox AP:85.3920, 76.1633, 68.1146
bev  AP:27.0286, 22.1124, 18.5450
3d   AP:18.5775, 15.6735, 14.6782
aos  AP:84.09, 73.59, 64.78
Car AP_R40@0.70, 0.70, 0.70:
bbox AP:86.5939, 76.4770, 69.4479
bev  AP:22.6403, 17.0078, 14.2246
3d   AP:12.2535, 9.1791, 7.8710
aos  AP:85.22, 73.75, 65.70
Car AP@0.70, 0.50, 0.50:
bbox AP:85.3920, 76.1633, 68.1146
bev  AP:55.9321, 42.6030, 36.4551
3d   AP:49.4655, 39.6453, 34.1338
aos  AP:84.09, 73.59, 64.78
Car AP_R40@0.70, 0.50, 0.50:
bbox AP:86.5939, 76.4770, 69.4479
bev  AP:54.1267, 40.0045, 34.1728
3d   AP:49.2697, 36.0675, 30.6726
aos  AP:85.22, 73.75, 65.70

[2026-08-21 23:00:22] INFO Cyclist AP@0.50, 0.50, 0.50:
bbox AP:47.0605, 30.7321, 31.0678
bev  AP:12.1465, 9.9522, 9.9059
3d   AP:10.9905, 9.7674, 9.7935
aos  AP:37.22, 23.98, 24.39
Cyclist AP_R40@0.50, 0.50, 0.50:
bbox AP:46.6250, 26.8127, 26.8614
bev  AP:4.2480, 2.4057, 2.1088
3d   AP:3.1007, 1.5829, 1.5291
aos  AP:36.58, 20.92, 21.06
Cyclist AP@0.50, 0.25, 0.25:
bbox AP:47.0605, 30.7321, 31.0678
bev  AP:19.2109, 14.3000, 14.2446
3d   AP:18.9808, 14.0776, 12.7273
aos  AP:37.22, 23.98, 24.39
Cyclist AP_R40@0.50, 0.25, 0.25:
bbox AP:46.6250, 26.8127, 26.8614
bev  AP:13.3983, 7.3526, 7.2638
3d   AP:12.9562, 6.9585, 6.5107
aos  AP:36.58, 20.92, 21.06

[2026-08-21 23:00:22] INFO   Val Car Moderate mAP: 9.1791
[2026-08-21 23:00:22] INFO   Best: 10.2883 @ epoch 179
[2026-08-21 23:01:04] INFO Epoch[182] [37/371]  total=11.3304  loss_ce=0.1061  loss_bbox=0.0271  loss_depth=0.2489  loss_center=0.0112
[2026-08-21 23:01:44] INFO Epoch[182] [74/371]  total=0.1894  loss_ce=0.0022  loss_bbox=0.0092  loss_depth=-0.3479  loss_center=0.0022
[2026-08-21 23:02:25] INFO Epoch[182] [111/371]  total=25.3113  loss_ce=0.1541  loss_bbox=0.0239  loss_depth=1.4212  loss_center=0.0153
[2026-08-21 23:03:06] INFO Epoch[182] [148/371]  total=15.8735  loss_ce=0.1049  loss_bbox=0.0258  loss_depth=0.7204  loss_center=0.0114
[2026-08-21 23:03:46] INFO Epoch[182] [185/371]  total=26.7312  loss_ce=0.1596  loss_bbox=0.0295  loss_depth=1.4449  loss_center=0.0160
[2026-08-21 23:04:27] INFO Epoch[182] [222/371]  total=5.7611  loss_ce=0.0157  loss_bbox=0.0069  loss_depth=0.3098  loss_center=0.0045
[2026-08-21 23:05:09] INFO Epoch[182] [259/371]  total=8.4676  loss_ce=0.0390  loss_bbox=0.0119  loss_depth=0.3207  loss_center=0.0053
[2026-08-21 23:05:50] INFO Epoch[182] [296/371]  total=11.1613  loss_ce=0.0228  loss_bbox=0.0078  loss_depth=0.7085  loss_center=0.0035
[2026-08-21 23:06:32] INFO Epoch[182] [333/371]  total=12.5977  loss_ce=0.0509  loss_bbox=0.0093  loss_depth=0.8735  loss_center=0.0067
[2026-08-21 23:07:13] INFO Epoch[182] [370/371]  total=20.9238  loss_ce=0.1705  loss_bbox=0.0300  loss_depth=1.0470  loss_center=0.0170
[2026-08-21 23:07:14] INFO Epoch [182/249] avg_loss=10.7542  time=411.7s  lr=2.00e-05
[2026-08-21 23:07:15] INFO Checkpoint saved after epoch 182
[2026-08-21 23:12:54] INFO ==> Loading detections and GTs...
[2026-08-21 23:12:54] INFO ==> Evaluating (official)...
[2026-08-21 23:14:38] INFO Pedestrian AP@0.50, 0.50, 0.50:
bbox AP:64.0448, 56.3193, 48.7284
bev  AP:10.9851, 10.4836, 8.2493
3d   AP:9.1658, 7.6965, 7.4212
aos  AP:53.36, 46.64, 40.36
Pedestrian AP_R40@0.50, 0.50, 0.50:
bbox AP:63.4401, 54.9435, 46.3927
bev  AP:8.8211, 7.5517, 6.2885
3d   AP:6.8673, 5.6862, 4.7835
aos  AP:52.50, 45.19, 37.93
Pedestrian AP@0.50, 0.25, 0.25:
bbox AP:64.0448, 56.3193, 48.7284
bev  AP:30.6346, 26.5545, 24.5510
3d   AP:29.5909, 25.6265, 20.2233
aos  AP:53.36, 46.64, 40.36
Pedestrian AP_R40@0.50, 0.25, 0.25:
bbox AP:63.4401, 54.9435, 46.3927
bev  AP:27.3425, 23.1420, 19.2122
3d   AP:25.8773, 22.6278, 17.9266
aos  AP:52.50, 45.19, 37.93

[2026-08-21 23:16:22] INFO Car AP@0.70, 0.70, 0.70:
bbox AP:83.5321, 75.0230, 67.3367
bev  AP:26.4948, 21.0708, 18.0134
3d   AP:18.2330, 15.2316, 14.3536
aos  AP:82.22, 72.48, 63.93
Car AP_R40@0.70, 0.70, 0.70:
bbox AP:86.0359, 76.9359, 70.4063
bev  AP:21.3831, 15.6398, 12.8948
3d   AP:11.7314, 8.8565, 7.5660
aos  AP:84.57, 74.06, 66.35
Car AP@0.70, 0.50, 0.50:
bbox AP:83.5321, 75.0230, 67.3367
bev  AP:53.5972, 40.9379, 35.5817
3d   AP:48.1210, 35.6304, 33.4765
aos  AP:82.22, 72.48, 63.93
Car AP_R40@0.70, 0.50, 0.50:
bbox AP:86.0359, 76.9359, 70.4063
bev  AP:51.6695, 38.4300, 33.0563
3d   AP:46.8896, 34.1594, 29.8740
aos  AP:84.57, 74.06, 66.35

[2026-08-21 23:18:06] INFO Cyclist AP@0.50, 0.50, 0.50:
bbox AP:48.6592, 30.4762, 30.4763
bev  AP:12.0577, 9.8313, 9.8518
3d   AP:11.2665, 9.8005, 9.8251
aos  AP:38.83, 24.56, 23.94
Cyclist AP_R40@0.50, 0.50, 0.50:
bbox AP:46.5733, 27.1835, 27.1107
bev  AP:4.0005, 2.2912, 2.0518
3d   AP:3.6714, 1.9362, 1.8540
aos  AP:37.00, 21.43, 21.13
Cyclist AP@0.50, 0.25, 0.25:
bbox AP:48.6592, 30.4762, 30.4763
bev  AP:18.6705, 13.9932, 13.9162
3d   AP:18.5666, 13.9494, 13.8547
aos  AP:38.83, 24.56, 23.94
Cyclist AP_R40@0.50, 0.25, 0.25:
bbox AP:46.5733, 27.1835, 27.1107
bev  AP:13.8428, 7.4177, 7.2679
3d   AP:13.3926, 7.2789, 7.0396
aos  AP:37.00, 21.43, 21.13

[2026-08-21 23:18:06] INFO   Val Car Moderate mAP: 8.8565
[2026-08-21 23:18:07] INFO   Best: 10.2883 @ epoch 179
[2026-08-21 23:18:47] INFO Epoch[183] [37/371]  total=16.6426  loss_ce=0.0717  loss_bbox=0.0103  loss_depth=1.2151  loss_center=0.0064
[2026-08-21 23:19:28] INFO Epoch[183] [74/371]  total=7.9028  loss_ce=0.0418  loss_bbox=0.0102  loss_depth=0.1563  loss_center=0.0072
[2026-08-21 23:20:08] INFO Epoch[183] [111/371]  total=3.8955  loss_ce=0.0309  loss_bbox=0.0158  loss_depth=-0.2682  loss_center=0.0114
[2026-08-21 23:20:50] INFO Epoch[183] [148/371]  total=1.5620  loss_ce=0.0353  loss_bbox=0.0121  loss_depth=-0.3978  loss_center=0.0035
[2026-08-21 23:21:31] INFO Epoch[183] [185/371]  total=6.7073  loss_ce=0.0454  loss_bbox=0.0098  loss_depth=0.1808  loss_center=0.0030
[2026-08-21 23:22:13] INFO Epoch[183] [222/371]  total=17.5698  loss_ce=0.0699  loss_bbox=0.0161  loss_depth=1.2070  loss_center=0.0080
[2026-08-21 23:22:54] INFO Epoch[183] [259/371]  total=4.1604  loss_ce=0.0212  loss_bbox=0.0052  loss_depth=0.0008  loss_center=0.0023
[2026-08-21 23:23:35] INFO Epoch[183] [296/371]  total=11.8175  loss_ce=0.0493  loss_bbox=0.0083  loss_depth=0.8194  loss_center=0.0051
[2026-08-21 23:24:16] INFO Epoch[183] [333/371]  total=14.1869  loss_ce=0.0723  loss_bbox=0.0148  loss_depth=0.6458  loss_center=0.0125
[2026-08-21 23:24:58] INFO Epoch[183] [370/371]  total=0.9505  loss_ce=0.0022  loss_bbox=0.0011  loss_depth=-0.0794  loss_center=0.0007
[2026-08-21 23:24:59] INFO Epoch [183/249] avg_loss=10.5923  time=412.4s  lr=2.00e-05
[2026-08-21 23:24:59] INFO Checkpoint saved after epoch 183
[2026-08-21 23:30:36] INFO ==> Loading detections and GTs...
[2026-08-21 23:30:37] INFO ==> Evaluating (official)...
[2026-08-21 23:32:14] INFO Pedestrian AP@0.50, 0.50, 0.50:
bbox AP:65.5337, 57.5267, 49.5215
bev  AP:15.7881, 15.1717, 12.9666
3d   AP:14.1307, 12.6061, 12.3462
aos  AP:55.95, 48.86, 41.99
Pedestrian AP_R40@0.50, 0.50, 0.50:
bbox AP:63.5496, 54.5455, 45.6854
bev  AP:9.5900, 7.9691, 6.6723
3d   AP:7.4007, 6.1289, 5.0932
aos  AP:53.41, 45.44, 37.79
Pedestrian AP@0.50, 0.25, 0.25:
bbox AP:65.5337, 57.5267, 49.5215
bev  AP:32.4006, 27.4523, 25.4755
3d   AP:31.8952, 26.9216, 21.7280
aos  AP:55.95, 48.86, 41.99
Pedestrian AP_R40@0.50, 0.25, 0.25:
bbox AP:63.5496, 54.5455, 45.6854
bev  AP:28.6713, 24.1234, 20.0960
3d   AP:27.3203, 23.6716, 18.8510
aos  AP:53.41, 45.44, 37.79

[2026-08-21 23:33:50] INFO Car AP@0.70, 0.70, 0.70:
bbox AP:84.9799, 76.0219, 68.0028
bev  AP:27.3992, 21.8389, 18.5962
3d   AP:18.9600, 15.9283, 14.7256
aos  AP:83.50, 73.23, 64.43
Car AP_R40@0.70, 0.70, 0.70:
bbox AP:85.9460, 77.9697, 69.3167
bev  AP:23.2468, 16.6477, 13.6192
3d   AP:12.8135, 9.5093, 8.0649
aos  AP:84.37, 74.90, 65.26
Car AP@0.70, 0.50, 0.50:
bbox AP:84.9799, 76.0219, 68.0028
bev  AP:55.0937, 41.3962, 35.8183
3d   AP:49.0690, 36.0609, 33.1853
aos  AP:83.50, 73.23, 64.43
Car AP_R40@0.70, 0.50, 0.50:
bbox AP:85.9460, 77.9697, 69.3167
bev  AP:53.1265, 38.1888, 33.4379
3d   AP:48.5525, 34.5519, 28.9814
aos  AP:84.37, 74.90, 65.26

[2026-08-21 23:35:27] INFO Cyclist AP@0.50, 0.50, 0.50:
bbox AP:45.1327, 30.0996, 27.0394
bev  AP:3.6235, 2.5529, 2.6423
3d   AP:3.3424, 2.3980, 1.6331
aos  AP:37.16, 24.73, 22.93
Cyclist AP_R40@0.50, 0.50, 0.50:
bbox AP:43.5991, 25.8447, 24.6078
bev  AP:2.8488, 1.4822, 1.4994
3d   AP:2.2000, 1.3345, 1.0797
aos  AP:34.19, 19.94, 19.01
Cyclist AP@0.50, 0.25, 0.25:
bbox AP:45.1327, 30.0996, 27.0394
bev  AP:13.0434, 8.9605, 7.3962
3d   AP:12.7330, 7.0843, 7.1276
aos  AP:37.16, 24.73, 22.93
Cyclist AP_R40@0.50, 0.25, 0.25:
bbox AP:43.5991, 25.8447, 24.6078
bev  AP:11.0478, 6.1644, 5.7661
3d   AP:10.4523, 5.5036, 5.4448
aos  AP:34.19, 19.94, 19.01

[2026-08-21 23:35:27] INFO   Val Car Moderate mAP: 9.5093
[2026-08-21 23:35:28] INFO   Best: 10.2883 @ epoch 179
[2026-08-21 23:36:08] INFO Epoch[184] [37/371]  total=6.8937  loss_ce=0.0297  loss_bbox=0.0058  loss_depth=0.3535  loss_center=0.0030
[2026-08-21 23:36:49] INFO Epoch[184] [74/371]  total=11.6500  loss_ce=0.0480  loss_bbox=0.0064  loss_depth=1.1105  loss_center=0.0044
[2026-08-21 23:37:29] INFO Epoch[184] [111/371]  total=17.3038  loss_ce=0.0952  loss_bbox=0.0119  loss_depth=1.2608  loss_center=0.0069
[2026-08-21 23:38:10] INFO Epoch[184] [148/371]  total=17.4256  loss_ce=0.0962  loss_bbox=0.0402  loss_depth=1.0423  loss_center=0.0156
[2026-08-21 23:38:51] INFO Epoch[184] [185/371]  total=5.1866  loss_ce=0.0129  loss_bbox=0.0077  loss_depth=0.2817  loss_center=0.0017
[2026-08-21 23:39:32] INFO Epoch[184] [222/371]  total=1.3569  loss_ce=0.0065  loss_bbox=0.0044  loss_depth=0.0065  loss_center=0.0016
[2026-08-21 23:40:12] INFO Epoch[184] [259/371]  total=4.5377  loss_ce=0.0334  loss_bbox=0.0061  loss_depth=0.0118  loss_center=0.0053
[2026-08-21 23:40:53] INFO Epoch[184] [296/371]  total=3.8253  loss_ce=0.0027  loss_bbox=0.0036  loss_depth=0.2649  loss_center=0.0005
[2026-08-21 23:41:34] INFO Epoch[184] [333/371]  total=15.6591  loss_ce=0.1294  loss_bbox=0.0221  loss_depth=-0.0841  loss_center=0.0136
[2026-08-21 23:42:15] INFO Epoch[184] [370/371]  total=11.2282  loss_ce=0.0689  loss_bbox=0.0192  loss_depth=0.4776  loss_center=0.0057
[2026-08-21 23:42:17] INFO Epoch [184/249] avg_loss=9.9090  time=408.9s  lr=2.00e-05
[2026-08-21 23:42:17] INFO Checkpoint saved after epoch 184
[2026-08-21 23:47:52] INFO ==> Loading detections and GTs...
[2026-08-21 23:47:52] INFO ==> Evaluating (official)...
[2026-08-21 23:49:36] INFO Pedestrian AP@0.50, 0.50, 0.50:
bbox AP:64.0761, 56.2962, 48.5928
bev  AP:15.4348, 14.6397, 12.6777
3d   AP:14.5092, 12.4211, 12.2123
aos  AP:53.77, 47.15, 40.67
Pedestrian AP_R40@0.50, 0.50, 0.50:
bbox AP:64.8750, 54.8056, 47.9790
bev  AP:9.0006, 7.3820, 6.2049
3d   AP:7.3045, 5.8746, 4.9416
aos  AP:53.04, 44.63, 38.71
Pedestrian AP@0.50, 0.25, 0.25:
bbox AP:64.0761, 56.2962, 48.5928
bev  AP:31.4866, 26.8578, 24.5203
3d   AP:30.7007, 26.5599, 24.3198
aos  AP:53.77, 47.15, 40.67
Pedestrian AP_R40@0.50, 0.25, 0.25:
bbox AP:64.8750, 54.8056, 47.9790
bev  AP:27.9475, 23.2556, 19.5342
3d   AP:27.4005, 22.8045, 19.1015
aos  AP:53.04, 44.63, 38.71

[2026-08-21 23:51:19] INFO Car AP@0.70, 0.70, 0.70:
bbox AP:83.1722, 74.8246, 67.0828
bev  AP:26.6172, 21.3276, 18.3034
3d   AP:13.5328, 11.6394, 10.7418
aos  AP:81.93, 72.39, 63.77
Car AP_R40@0.70, 0.70, 0.70:
bbox AP:85.8040, 76.7113, 70.1532
bev  AP:22.0837, 16.0137, 13.8451
3d   AP:11.4619, 9.0598, 7.7597
aos  AP:84.41, 74.01, 66.24
Car AP@0.70, 0.50, 0.50:
bbox AP:83.1722, 74.8246, 67.0828
bev  AP:54.1044, 41.6568, 35.9347
3d   AP:48.5242, 35.9925, 33.7157
aos  AP:81.93, 72.39, 63.77
Car AP_R40@0.70, 0.50, 0.50:
bbox AP:85.8040, 76.7113, 70.1532
bev  AP:52.2766, 39.1060, 33.5447
3d   AP:47.8630, 34.6039, 30.2437
aos  AP:84.41, 74.01, 66.24

[2026-08-21 23:53:01] INFO Cyclist AP@0.50, 0.50, 0.50:
bbox AP:49.1413, 30.7005, 30.6262
bev  AP:5.0169, 2.9590, 2.8707
3d   AP:4.7415, 2.8887, 2.8159
aos  AP:39.95, 25.66, 25.41
Cyclist AP_R40@0.50, 0.50, 0.50:
bbox AP:46.8025, 27.8574, 26.7307
bev  AP:3.5813, 2.0140, 1.8002
3d   AP:3.3289, 1.6756, 1.5992
aos  AP:36.56, 21.61, 20.57
Cyclist AP@0.50, 0.25, 0.25:
bbox AP:49.1413, 30.7005, 30.6262
bev  AP:14.0753, 9.6832, 9.0195
3d   AP:12.9823, 8.6855, 8.5003
aos  AP:39.95, 25.66, 25.41
Cyclist AP_R40@0.50, 0.25, 0.25:
bbox AP:46.8025, 27.8574, 26.7307
bev  AP:12.7084, 7.4200, 6.7045
3d   AP:11.9371, 6.7493, 6.3144
aos  AP:36.56, 21.61, 20.57

[2026-08-21 23:53:01] INFO   Val Car Moderate mAP: 9.0598
[2026-08-21 23:53:02] INFO   Best: 10.2883 @ epoch 179
[2026-08-21 23:53:42] INFO Epoch[185] [37/371]  total=8.2160  loss_ce=0.0671  loss_bbox=0.0089  loss_depth=0.2116  loss_center=0.0045
[2026-08-21 23:54:23] INFO Epoch[185] [74/371]  total=9.7721  loss_ce=0.0370  loss_bbox=0.0163  loss_depth=0.1935  loss_center=0.0062
[2026-08-21 23:55:04] INFO Epoch[185] [111/371]  total=11.3081  loss_ce=0.0506  loss_bbox=0.0099  loss_depth=0.8629  loss_center=0.0045
[2026-08-21 23:55:45] INFO Epoch[185] [148/371]  total=9.7553  loss_ce=0.0461  loss_bbox=0.0169  loss_depth=0.2023  loss_center=0.0096
[2026-08-21 23:56:26] INFO Epoch[185] [185/371]  total=25.4279  loss_ce=0.1270  loss_bbox=0.0241  loss_depth=1.5156  loss_center=0.0157
[2026-08-21 23:57:07] INFO Epoch[185] [222/371]  total=11.5557  loss_ce=0.0498  loss_bbox=0.0194  loss_depth=0.8037  loss_center=0.0084
[2026-08-21 23:57:48] INFO Epoch[185] [259/371]  total=5.6899  loss_ce=0.0187  loss_bbox=0.0021  loss_depth=0.6325  loss_center=0.0016
[2026-08-21 23:58:29] INFO Epoch[185] [296/371]  total=9.9376  loss_ce=0.0722  loss_bbox=0.0197  loss_depth=-0.0217  loss_center=0.0079
[2026-08-21 23:59:09] INFO Epoch[185] [333/371]  total=3.4808  loss_ce=0.0145  loss_bbox=0.0025  loss_depth=0.2424  loss_center=0.0013
[2026-08-21 23:59:50] INFO Epoch[185] [370/371]  total=6.7511  loss_ce=0.0326  loss_bbox=0.0091  loss_depth=0.4727  loss_center=0.0049
[2026-08-21 23:59:51] INFO Epoch [185/249] avg_loss=10.7161  time=409.4s  lr=2.00e-05
[2026-08-21 23:59:52] INFO Checkpoint saved after epoch 185
[2026-08-22 00:05:29] INFO ==> Loading detections and GTs...
[2026-08-22 00:05:29] INFO ==> Evaluating (official)...
[2026-08-22 00:07:15] INFO Pedestrian AP@0.50, 0.50, 0.50:
bbox AP:64.5824, 56.5045, 48.8979
bev  AP:15.3395, 14.7377, 12.8271
3d   AP:14.1061, 12.5222, 12.3409
aos  AP:54.44, 47.36, 41.04
Pedestrian AP_R40@0.50, 0.50, 0.50:
bbox AP:63.9474, 55.2771, 46.6402
bev  AP:9.0569, 7.5951, 6.2524
3d   AP:7.4269, 5.9639, 5.0518
aos  AP:52.69, 45.28, 37.87
Pedestrian AP@0.50, 0.25, 0.25:
bbox AP:64.5824, 56.5045, 48.8979
bev  AP:31.3534, 26.8803, 24.5628
3d   AP:30.8194, 26.3382, 21.1578
aos  AP:54.44, 47.36, 41.04
Pedestrian AP_R40@0.50, 0.25, 0.25:
bbox AP:63.9474, 55.2771, 46.6402
bev  AP:27.9900, 23.2350, 19.3746
3d   AP:26.6845, 21.8565, 18.1943
aos  AP:52.69, 45.28, 37.87

[2026-08-22 00:09:02] INFO Car AP@0.70, 0.70, 0.70:
bbox AP:82.9959, 74.5643, 66.7717
bev  AP:26.1586, 21.1547, 18.1222
3d   AP:13.4057, 11.2252, 10.3437
aos  AP:81.75, 72.01, 63.36
Car AP_R40@0.70, 0.70, 0.70:
bbox AP:85.4785, 76.3823, 69.7384
bev  AP:21.3854, 16.0941, 13.4969
3d   AP:11.2091, 8.7437, 7.5267
aos  AP:84.09, 73.57, 65.72
Car AP@0.70, 0.50, 0.50:
bbox AP:82.9959, 74.5643, 66.7717
bev  AP:53.3845, 41.6767, 35.7428
3d   AP:47.8123, 38.7456, 33.6821
aos  AP:81.75, 72.01, 63.36
Car AP_R40@0.70, 0.50, 0.50:
bbox AP:85.4785, 76.3823, 69.7384
bev  AP:51.7545, 38.8413, 34.3029
3d   AP:47.4620, 35.2977, 30.0162
aos  AP:84.09, 73.57, 65.72

[2026-08-22 00:10:46] INFO Cyclist AP@0.50, 0.50, 0.50:
bbox AP:48.5423, 29.9279, 30.1059
bev  AP:11.7989, 9.8673, 9.8930
3d   AP:10.9091, 9.7368, 9.7594
aos  AP:37.73, 22.85, 22.61
Cyclist AP_R40@0.50, 0.50, 0.50:
bbox AP:45.3929, 26.6126, 25.5561
bev  AP:3.8137, 2.1419, 1.8928
3d   AP:3.1544, 1.6968, 1.6386
aos  AP:35.01, 20.33, 19.49
Cyclist AP@0.50, 0.25, 0.25:
bbox AP:48.5423, 29.9279, 30.1059
bev  AP:17.8372, 13.7194, 13.4364
3d   AP:17.7729, 13.6958, 13.3946
aos  AP:37.73, 22.85, 22.61
Cyclist AP_R40@0.50, 0.25, 0.25:
bbox AP:45.3929, 26.6126, 25.5561
bev  AP:11.7928, 6.5971, 6.2945
3d   AP:11.7505, 6.5737, 6.2059
aos  AP:35.01, 20.33, 19.49

[2026-08-22 00:10:46] INFO   Val Car Moderate mAP: 8.7437
[2026-08-22 00:10:47] INFO   Best: 10.2883 @ epoch 179
[2026-08-22 00:11:27] INFO Epoch[186] [37/371]  total=2.6126  loss_ce=0.0113  loss_bbox=0.0027  loss_depth=0.1230  loss_center=0.0023
[2026-08-22 00:12:07] INFO Epoch[186] [74/371]  total=53.0623  loss_ce=0.1983  loss_bbox=0.0547  loss_depth=3.0207  loss_center=0.0462
[2026-08-22 00:12:48] INFO Epoch[186] [111/371]  total=11.8097  loss_ce=0.0525  loss_bbox=0.0109  loss_depth=0.7589  loss_center=0.0055
[2026-08-22 00:13:29] INFO Epoch[186] [148/371]  total=5.2344  loss_ce=0.0526  loss_bbox=0.0104  loss_depth=-0.1352  loss_center=0.0049
[2026-08-22 00:14:11] INFO Epoch[186] [185/371]  total=7.9570  loss_ce=0.0595  loss_bbox=0.0074  loss_depth=0.4260  loss_center=0.0054
[2026-08-22 00:14:52] INFO Epoch[186] [222/371]  total=29.9607  loss_ce=0.1650  loss_bbox=0.0318  loss_depth=2.4877  loss_center=0.0139
[2026-08-22 00:15:34] INFO Epoch[186] [259/371]  total=5.2812  loss_ce=0.0554  loss_bbox=0.0168  loss_depth=-0.0582  loss_center=0.0063
[2026-08-22 00:16:15] INFO Epoch[186] [296/371]  total=17.6478  loss_ce=0.1295  loss_bbox=0.0208  loss_depth=0.8120  loss_center=0.0111
[2026-08-22 00:16:57] INFO Epoch[186] [333/371]  total=15.7871  loss_ce=0.0770  loss_bbox=0.0262  loss_depth=0.3631  loss_center=0.0113
[2026-08-22 00:17:38] INFO Epoch[186] [370/371]  total=5.0752  loss_ce=0.0093  loss_bbox=0.0040  loss_depth=0.0746  loss_center=0.0021
[2026-08-22 00:17:39] INFO Epoch [186/249] avg_loss=10.0310  time=412.5s  lr=2.00e-05
[2026-08-22 00:17:40] INFO Checkpoint saved after epoch 186
[2026-08-22 00:23:15] INFO ==> Loading detections and GTs...
[2026-08-22 00:23:16] INFO ==> Evaluating (official)...
[2026-08-22 00:24:55] INFO Pedestrian AP@0.50, 0.50, 0.50:
bbox AP:64.7766, 56.6900, 49.0743
bev  AP:15.6052, 14.9840, 12.8773
3d   AP:14.8800, 14.5799, 12.5518
aos  AP:53.52, 46.65, 40.39
Pedestrian AP_R40@0.50, 0.50, 0.50:
bbox AP:64.2216, 53.7821, 46.8221
bev  AP:9.2472, 7.7191, 6.3838
3d   AP:7.8573, 6.7760, 5.2806
aos  AP:51.59, 43.04, 37.15
Pedestrian AP@0.50, 0.25, 0.25:
bbox AP:64.7766, 56.6900, 49.0743
bev  AP:31.7096, 27.3641, 24.9124
3d   AP:31.1916, 26.9071, 21.4321
aos  AP:53.52, 46.65, 40.39
Pedestrian AP_R40@0.50, 0.25, 0.25:
bbox AP:64.2216, 53.7821, 46.8221
bev  AP:28.3965, 23.7778, 19.9087
3d   AP:26.9322, 23.2336, 18.5423
aos  AP:51.59, 43.04, 37.15

[2026-08-22 00:26:33] INFO Car AP@0.70, 0.70, 0.70:
bbox AP:83.6143, 75.2239, 67.4854
bev  AP:24.8425, 20.5721, 17.7385
3d   AP:12.0098, 10.8800, 10.1723
aos  AP:82.30, 72.61, 64.00
Car AP_R40@0.70, 0.70, 0.70:
bbox AP:84.7738, 75.4437, 68.7385
bev  AP:19.7032, 14.9923, 12.4379
3d   AP:10.3950, 8.3937, 7.1765
aos  AP:83.41, 72.71, 64.81
Car AP@0.70, 0.50, 0.50:
bbox AP:83.6143, 75.2239, 67.4854
bev  AP:53.7366, 41.1685, 35.6129
3d   AP:46.9576, 35.4860, 33.3035
aos  AP:82.30, 72.61, 64.00
Car AP_R40@0.70, 0.50, 0.50:
bbox AP:84.7738, 75.4437, 68.7385
bev  AP:51.3587, 38.6075, 33.2069
3d   AP:45.5569, 33.8810, 29.7641
aos  AP:83.41, 72.71, 64.81

[2026-08-22 00:28:11] INFO Cyclist AP@0.50, 0.50, 0.50:
bbox AP:45.2656, 30.1865, 30.2160
bev  AP:3.8767, 2.9111, 3.0174
3d   AP:3.1270, 2.3784, 2.3143
aos  AP:36.21, 23.29, 23.50
Cyclist AP_R40@0.50, 0.50, 0.50:
bbox AP:44.5929, 26.6153, 25.4959
bev  AP:3.0368, 1.6925, 1.6157
3d   AP:2.2157, 1.3061, 1.2576
aos  AP:35.23, 20.43, 19.88
Cyclist AP@0.50, 0.25, 0.25:
bbox AP:45.2656, 30.1865, 30.2160
bev  AP:12.2042, 8.5132, 8.4401
3d   AP:12.1743, 8.5003, 8.4180
aos  AP:36.21, 23.29, 23.50
Cyclist AP_R40@0.50, 0.25, 0.25:
bbox AP:44.5929, 26.6153, 25.4959
bev  AP:11.1825, 6.4633, 6.1759
3d   AP:11.0950, 6.4398, 6.0366
aos  AP:35.23, 20.43, 19.88

[2026-08-22 00:28:11] INFO   Val Car Moderate mAP: 8.3937
[2026-08-22 00:28:12] INFO   Best: 10.2883 @ epoch 179
[2026-08-22 00:28:52] INFO Epoch[187] [37/371]  total=12.7355  loss_ce=0.0470  loss_bbox=0.0092  loss_depth=0.6333  loss_center=0.0071
[2026-08-22 00:29:32] INFO Epoch[187] [74/371]  total=9.1452  loss_ce=0.1129  loss_bbox=0.0040  loss_depth=0.5282  loss_center=0.0037
[2026-08-22 00:30:13] INFO Epoch[187] [111/371]  total=6.1869  loss_ce=0.0571  loss_bbox=0.0201  loss_depth=-0.1064  loss_center=0.0084
[2026-08-22 00:30:54] INFO Epoch[187] [148/371]  total=17.0714  loss_ce=0.0558  loss_bbox=0.0214  loss_depth=1.2987  loss_center=0.0115
[2026-08-22 00:31:34] INFO Epoch[187] [185/371]  total=12.6076  loss_ce=0.0784  loss_bbox=0.0164  loss_depth=0.3990  loss_center=0.0067
[2026-08-22 00:32:15] INFO Epoch[187] [222/371]  total=13.7070  loss_ce=0.0737  loss_bbox=0.0197  loss_depth=0.5313  loss_center=0.0103
[2026-08-22 00:32:56] INFO Epoch[187] [259/371]  total=17.0665  loss_ce=0.0896  loss_bbox=0.0196  loss_depth=0.9172  loss_center=0.0086
[2026-08-22 00:33:37] INFO Epoch[187] [296/371]  total=5.8252  loss_ce=0.0094  loss_bbox=0.0058  loss_depth=0.1502  loss_center=0.0035
[2026-08-22 00:34:18] INFO Epoch[187] [333/371]  total=9.9869  loss_ce=0.0707  loss_bbox=0.0185  loss_depth=-0.0140  loss_center=0.0113
[2026-08-22 00:34:59] INFO Epoch[187] [370/371]  total=34.8505  loss_ce=0.2670  loss_bbox=0.0616  loss_depth=1.2950  loss_center=0.0370
[2026-08-22 00:35:01] INFO Epoch [187/249] avg_loss=10.8073  time=409.0s  lr=2.00e-05
[2026-08-22 00:35:01] INFO Checkpoint saved after epoch 187
[2026-08-22 00:40:38] INFO ==> Loading detections and GTs...
[2026-08-22 00:40:38] INFO ==> Evaluating (official)...
[2026-08-22 00:42:16] INFO Pedestrian AP@0.50, 0.50, 0.50:
bbox AP:64.5493, 56.6100, 48.7834
bev  AP:10.1817, 8.4373, 7.8499
3d   AP:9.3350, 7.9992, 7.6230
aos  AP:52.80, 45.54, 39.40
Pedestrian AP_R40@0.50, 0.50, 0.50:
bbox AP:62.3879, 53.6775, 46.6567
bev  AP:7.9560, 6.6061, 5.3552
3d   AP:6.8420, 5.9144, 4.9774
aos  AP:50.56, 43.03, 37.09
Pedestrian AP@0.50, 0.25, 0.25:
bbox AP:64.5493, 56.6100, 48.7834
bev  AP:31.2186, 26.4570, 21.2323
3d   AP:30.7243, 25.9199, 21.0187
aos  AP:52.80, 45.54, 39.40
Pedestrian AP_R40@0.50, 0.25, 0.25:
bbox AP:62.3879, 53.6775, 46.6567
bev  AP:26.5637, 21.9460, 18.1701
3d   AP:26.0447, 21.5668, 17.8496
aos  AP:50.56, 43.03, 37.09

[2026-08-22 00:43:54] INFO Car AP@0.70, 0.70, 0.70:
bbox AP:82.8748, 75.0197, 67.2845
bev  AP:23.6532, 18.2065, 16.9446
3d   AP:10.8800, 9.5511, 8.0129
aos  AP:81.60, 72.57, 64.08
Car AP_R40@0.70, 0.70, 0.70:
bbox AP:85.3218, 75.1530, 68.5215
bev  AP:17.9474, 13.4415, 11.5518
3d   AP:9.0729, 7.1402, 6.1323
aos  AP:83.92, 72.59, 64.89
Car AP@0.70, 0.50, 0.50:
bbox AP:82.8748, 75.0197, 67.2845
bev  AP:49.4583, 39.9832, 34.5238
3d   AP:45.3782, 34.4489, 32.0425
aos  AP:81.60, 72.57, 64.08
Car AP_R40@0.70, 0.50, 0.50:
bbox AP:85.3218, 75.1530, 68.5215
bev  AP:49.3282, 36.2852, 30.9771
3d   AP:42.9956, 31.5341, 27.4928
aos  AP:83.92, 72.59, 64.89

[2026-08-22 00:45:31] INFO Cyclist AP@0.50, 0.50, 0.50:
bbox AP:45.5044, 29.7732, 29.9870
bev  AP:3.7850, 2.9261, 2.9217
3d   AP:2.2084, 1.3986, 1.4058
aos  AP:37.68, 25.02, 25.05
Cyclist AP_R40@0.50, 0.50, 0.50:
bbox AP:43.5364, 25.6571, 25.4538
bev  AP:2.4751, 1.5040, 1.4580
3d   AP:1.5447, 0.8928, 0.8697
aos  AP:34.52, 20.23, 20.07
Cyclist AP@0.50, 0.25, 0.25:
bbox AP:45.5044, 29.7732, 29.9870
bev  AP:13.0505, 8.9343, 8.7573
3d   AP:12.9415, 8.9098, 7.6287
aos  AP:37.68, 25.02, 25.05
Cyclist AP_R40@0.50, 0.25, 0.25:
bbox AP:43.5364, 25.6571, 25.4538
bev  AP:11.4545, 6.4897, 6.3837
3d   AP:11.0405, 6.4680, 5.8715
aos  AP:34.52, 20.23, 20.07

[2026-08-22 00:45:31] INFO   Val Car Moderate mAP: 7.1402
[2026-08-22 00:45:32] INFO   Best: 10.2883 @ epoch 179
[2026-08-22 00:46:13] INFO Epoch[188] [37/371]  total=20.5037  loss_ce=0.1036  loss_bbox=0.0179  loss_depth=0.7920  loss_center=0.0160
[2026-08-22 00:46:53] INFO Epoch[188] [74/371]  total=10.9613  loss_ce=0.0208  loss_bbox=0.0133  loss_depth=0.6535  loss_center=0.0065
[2026-08-22 00:47:34] INFO Epoch[188] [111/371]  total=2.4532  loss_ce=0.0030  loss_bbox=0.0009  loss_depth=0.2270  loss_center=0.0010
[2026-08-22 00:48:14] INFO Epoch[188] [148/371]  total=4.4106  loss_ce=0.0221  loss_bbox=0.0045  loss_depth=0.0945  loss_center=0.0035
[2026-08-22 00:48:55] INFO Epoch[188] [185/371]  total=15.6937  loss_ce=0.1304  loss_bbox=0.0316  loss_depth=0.3610  loss_center=0.0158
[2026-08-22 00:49:36] INFO Epoch[188] [222/371]  total=15.2094  loss_ce=0.0488  loss_bbox=0.0124  loss_depth=0.6143  loss_center=0.0074
[2026-08-22 00:50:16] INFO Epoch[188] [259/371]  total=7.1993  loss_ce=0.0246  loss_bbox=0.0041  loss_depth=0.5380  loss_center=0.0024
[2026-08-22 00:50:57] INFO Epoch[188] [296/371]  total=6.5428  loss_ce=0.0160  loss_bbox=0.0041  loss_depth=0.5993  loss_center=0.0027
[2026-08-22 00:51:37] INFO Epoch[188] [333/371]  total=16.4553  loss_ce=0.1363  loss_bbox=0.0260  loss_depth=0.5872  loss_center=0.0100
[2026-08-22 00:52:18] INFO Epoch[188] [370/371]  total=26.4479  loss_ce=0.1062  loss_bbox=0.0279  loss_depth=1.8101  loss_center=0.0163
[2026-08-22 00:52:19] INFO Epoch [188/249] avg_loss=10.1917  time=407.2s  lr=2.00e-05
[2026-08-22 00:52:20] INFO Checkpoint saved after epoch 188
[2026-08-22 00:57:54] INFO ==> Loading detections and GTs...
[2026-08-22 00:57:55] INFO ==> Evaluating (official)...
[2026-08-22 00:59:33] INFO Pedestrian AP@0.50, 0.50, 0.50:
bbox AP:64.9853, 57.0471, 49.2425
bev  AP:10.6171, 10.2250, 8.0186
3d   AP:9.6885, 7.9619, 7.7018
aos  AP:53.88, 46.88, 40.39
Pedestrian AP_R40@0.50, 0.50, 0.50:
bbox AP:62.9672, 53.9900, 47.0248
bev  AP:8.5544, 7.2571, 6.0070
3d   AP:7.3010, 6.0326, 5.0148
aos  AP:51.68, 44.05, 38.06
Pedestrian AP@0.50, 0.25, 0.25:
bbox AP:64.9853, 57.0471, 49.2425
bev  AP:31.7619, 27.0691, 25.0470
3d   AP:31.1140, 26.5714, 21.3530
aos  AP:53.88, 46.88, 40.39
Pedestrian AP_R40@0.50, 0.25, 0.25:
bbox AP:62.9672, 53.9900, 47.0248
bev  AP:28.2287, 23.4989, 19.7510
3d   AP:26.8893, 23.0926, 18.4989
aos  AP:51.68, 44.05, 38.06

[2026-08-22 01:01:12] INFO Car AP@0.70, 0.70, 0.70:
bbox AP:82.9331, 74.7758, 67.0413
bev  AP:26.5989, 21.7173, 18.5921
3d   AP:14.2921, 15.9067, 14.8119
aos  AP:81.71, 72.36, 63.82
Car AP_R40@0.70, 0.70, 0.70:
bbox AP:85.3955, 76.5623, 68.1749
bev  AP:22.1748, 16.8503, 14.1386
3d   AP:12.5156, 9.8575, 8.0939
aos  AP:84.02, 73.88, 64.53
Car AP@0.70, 0.50, 0.50:
bbox AP:82.9331, 74.7758, 67.0413
bev  AP:54.1687, 41.8923, 36.1056
3d   AP:48.1218, 36.0750, 33.9162
aos  AP:81.71, 72.36, 63.82
Car AP_R40@0.70, 0.50, 0.50:
bbox AP:85.3955, 76.5623, 68.1749
bev  AP:52.0618, 39.1715, 33.6471
3d   AP:47.5635, 34.5649, 30.3286
aos  AP:84.02, 73.88, 64.53

[2026-08-22 01:02:51] INFO Cyclist AP@0.50, 0.50, 0.50:
bbox AP:45.2796, 29.7792, 29.9371
bev  AP:5.2908, 3.3376, 3.2190
3d   AP:4.7567, 2.9313, 2.7865
aos  AP:37.59, 24.96, 25.00
Cyclist AP_R40@0.50, 0.50, 0.50:
bbox AP:44.6579, 26.4130, 25.4212
bev  AP:4.0528, 2.2670, 2.1295
3d   AP:3.3605, 1.9725, 1.5978
aos  AP:35.61, 20.59, 19.87
Cyclist AP@0.50, 0.25, 0.25:
bbox AP:45.2796, 29.7792, 29.9371
bev  AP:13.3785, 9.5304, 8.8530
3d   AP:13.2397, 9.2302, 8.7104
aos  AP:37.59, 24.96, 25.00
Cyclist AP_R40@0.50, 0.25, 0.25:
bbox AP:44.6579, 26.4130, 25.4212
bev  AP:12.6765, 7.2818, 6.8826
3d   AP:12.3486, 7.0872, 6.4180
aos  AP:35.61, 20.59, 19.87

[2026-08-22 01:02:51] INFO   Val Car Moderate mAP: 9.8575
[2026-08-22 01:02:52] INFO   Best: 10.2883 @ epoch 179
[2026-08-22 01:03:32] INFO Epoch[189] [37/371]  total=17.5990  loss_ce=0.0971  loss_bbox=0.0134  loss_depth=1.3094  loss_center=0.0069
[2026-08-22 01:04:12] INFO Epoch[189] [74/371]  total=22.6738  loss_ce=0.1381  loss_bbox=0.0415  loss_depth=0.4159  loss_center=0.0189
[2026-08-22 01:04:53] INFO Epoch[189] [111/371]  total=3.6642  loss_ce=0.0319  loss_bbox=0.0068  loss_depth=0.0624  loss_center=0.0032
[2026-08-22 01:05:33] INFO Epoch[189] [148/371]  total=5.6328  loss_ce=0.0359  loss_bbox=0.0177  loss_depth=0.0346  loss_center=0.0071
[2026-08-22 01:06:14] INFO Epoch[189] [185/371]  total=9.3966  loss_ce=0.0708  loss_bbox=0.0062  loss_depth=0.5729  loss_center=0.0035
[2026-08-22 01:06:55] INFO Epoch[189] [222/371]  total=3.6883  loss_ce=0.0173  loss_bbox=0.0033  loss_depth=0.0361  loss_center=0.0030
[2026-08-22 01:07:35] INFO Epoch[189] [259/371]  total=7.9823  loss_ce=0.0739  loss_bbox=0.0128  loss_depth=0.1566  loss_center=0.0064
[2026-08-22 01:08:16] INFO Epoch[189] [296/371]  total=6.7200  loss_ce=0.0532  loss_bbox=0.0211  loss_depth=-0.2555  loss_center=0.0098
[2026-08-22 01:08:57] INFO Epoch[189] [333/371]  total=8.7897  loss_ce=0.0503  loss_bbox=0.0088  loss_depth=0.4353  loss_center=0.0044
[2026-08-22 01:09:37] INFO Epoch[189] [370/371]  total=9.9585  loss_ce=0.0318  loss_bbox=0.0097  loss_depth=0.2863  loss_center=0.0048
[2026-08-22 01:09:38] INFO Epoch [189/249] avg_loss=9.9881  time=406.7s  lr=2.00e-05
[2026-08-22 01:09:39] INFO Checkpoint saved after epoch 189
[2026-08-22 01:15:14] INFO ==> Loading detections and GTs...
[2026-08-22 01:15:15] INFO ==> Evaluating (official)...
[2026-08-22 01:16:54] INFO Pedestrian AP@0.50, 0.50, 0.50:
bbox AP:65.4640, 57.4197, 49.6898
bev  AP:15.2151, 14.8448, 12.6390
3d   AP:14.3668, 12.5222, 12.1878
aos  AP:55.13, 48.08, 41.47
Pedestrian AP_R40@0.50, 0.50, 0.50:
bbox AP:65.0548, 56.1683, 47.4426
bev  AP:8.2490, 7.2943, 5.5652
3d   AP:7.4716, 6.1061, 5.1199
aos  AP:53.63, 45.93, 38.61
Pedestrian AP@0.50, 0.25, 0.25:
bbox AP:65.4640, 57.4197, 49.6898
bev  AP:31.1824, 26.8125, 24.9495
3d   AP:31.0515, 26.6078, 21.3728
aos  AP:55.13, 48.08, 41.47
Pedestrian AP_R40@0.50, 0.25, 0.25:
bbox AP:65.0548, 56.1683, 47.4426
bev  AP:27.9108, 23.3247, 19.5112
3d   AP:27.7397, 23.1115, 18.3495
aos  AP:53.63, 45.93, 38.61

[2026-08-22 01:18:35] INFO Car AP@0.70, 0.70, 0.70:
bbox AP:86.1313, 76.3090, 68.2598
bev  AP:25.9112, 21.0433, 18.1629
3d   AP:13.5343, 11.5518, 10.6514
aos  AP:84.71, 73.61, 64.77
Car AP_R40@0.70, 0.70, 0.70:
bbox AP:88.8660, 78.3592, 71.4708
bev  AP:20.5694, 15.6197, 13.5865
3d   AP:11.5212, 8.9270, 7.6208
aos  AP:87.30, 75.37, 67.33
Car AP@0.70, 0.50, 0.50:
bbox AP:86.1313, 76.3090, 68.2598
bev  AP:54.7214, 41.6724, 36.0349
3d   AP:48.7779, 36.2300, 33.7409
aos  AP:84.71, 73.61, 64.77
Car AP_R40@0.70, 0.50, 0.50:
bbox AP:88.8660, 78.3592, 71.4708
bev  AP:52.8815, 39.2628, 33.6902
3d   AP:47.4347, 34.7495, 30.3581
aos  AP:87.30, 75.37, 67.33

[2026-08-22 01:20:14] INFO Cyclist AP@0.50, 0.50, 0.50:
bbox AP:47.5265, 31.3083, 31.3325
bev  AP:5.8661, 3.9654, 3.9619
3d   AP:5.7029, 3.9007, 3.9298
aos  AP:38.05, 25.77, 25.51
Cyclist AP_R40@0.50, 0.50, 0.50:
bbox AP:47.0756, 26.8673, 26.8101
bev  AP:3.7085, 2.1108, 1.7554
3d   AP:3.3880, 1.7130, 1.6652
aos  AP:36.00, 20.54, 20.40
Cyclist AP@0.50, 0.25, 0.25:
bbox AP:47.5265, 31.3083, 31.3325
bev  AP:14.0121, 9.1418, 9.2034
3d   AP:13.7708, 9.0821, 9.1683
aos  AP:38.05, 25.77, 25.51
Cyclist AP_R40@0.50, 0.25, 0.25:
bbox AP:47.0756, 26.8673, 26.8101
bev  AP:12.8514, 7.3309, 6.8387
3d   AP:12.2602, 6.8826, 6.7123
aos  AP:36.00, 20.54, 20.40

[2026-08-22 01:20:14] INFO   Val Car Moderate mAP: 8.9270
[2026-08-22 01:20:14] INFO   Best: 10.2883 @ epoch 179
[2026-08-22 01:20:55] INFO Epoch[190] [37/371]  total=7.4592  loss_ce=0.0278  loss_bbox=0.0034  loss_depth=0.5317  loss_center=0.0030
[2026-08-22 01:21:35] INFO Epoch[190] [74/371]  total=1.5603  loss_ce=0.0005  loss_bbox=0.0018  loss_depth=-0.1131  loss_center=0.0006
[2026-08-22 01:22:16] INFO Epoch[190] [111/371]  total=18.5532  loss_ce=0.0340  loss_bbox=0.0156  loss_depth=2.0183  loss_center=0.0099
[2026-08-22 01:22:57] INFO Epoch[190] [148/371]  total=6.5298  loss_ce=0.0206  loss_bbox=0.0042  loss_depth=0.3185  loss_center=0.0047
[2026-08-22 01:23:38] INFO Epoch[190] [185/371]  total=9.2814  loss_ce=0.0429  loss_bbox=0.0173  loss_depth=-0.0471  loss_center=0.0069
[2026-08-22 01:24:18] INFO Epoch[190] [222/371]  total=0.4399  loss_ce=0.0126  loss_bbox=0.0057  loss_depth=-0.0779  loss_center=0.0014
[2026-08-22 01:24:59] INFO Epoch[190] [259/371]  total=7.3505  loss_ce=0.0332  loss_bbox=0.0074  loss_depth=0.2883  loss_center=0.0037
[2026-08-22 01:25:40] INFO Epoch[190] [296/371]  total=8.5080  loss_ce=0.0533  loss_bbox=0.0106  loss_depth=0.1792  loss_center=0.0059
[2026-08-22 01:26:21] INFO Epoch[190] [333/371]  total=16.5033  loss_ce=0.0985  loss_bbox=0.0206  loss_depth=0.7355  loss_center=0.0134
[2026-08-22 01:27:02] INFO Epoch[190] [370/371]  total=25.2713  loss_ce=0.1106  loss_bbox=0.0277  loss_depth=1.8581  loss_center=0.0193
[2026-08-22 01:27:04] INFO Epoch [190/249] avg_loss=9.7644  time=409.3s  lr=2.00e-05
[2026-08-22 01:27:04] INFO Checkpoint saved after epoch 190
[2026-08-22 01:32:40] INFO ==> Loading detections and GTs...
[2026-08-22 01:32:40] INFO ==> Evaluating (official)...
[2026-08-22 01:34:16] INFO Pedestrian AP@0.50, 0.50, 0.50:
bbox AP:65.4022, 57.3977, 49.4771
bev  AP:15.0015, 14.8156, 12.5763
3d   AP:13.9612, 12.3257, 12.1878
aos  AP:54.83, 47.83, 41.22
Pedestrian AP_R40@0.50, 0.50, 0.50:
bbox AP:64.9145, 54.3085, 47.3079
bev  AP:8.2392, 7.5334, 6.1351
3d   AP:7.4375, 6.2228, 4.9641
aos  AP:53.35, 44.40, 38.25
Pedestrian AP@0.50, 0.25, 0.25:
bbox AP:65.4022, 57.3977, 49.4771
bev  AP:31.7570, 26.6082, 21.3745
3d   AP:31.4380, 26.3338, 21.2655
aos  AP:54.83, 47.83, 41.22
Pedestrian AP_R40@0.50, 0.25, 0.25:
bbox AP:64.9145, 54.3085, 47.3079
bev  AP:27.1417, 23.5002, 18.4960
3d   AP:26.7935, 23.1641, 18.2942
aos  AP:53.35, 44.40, 38.25

[2026-08-22 01:35:51] INFO Car AP@0.70, 0.70, 0.70:
bbox AP:85.6462, 76.2180, 68.1800
bev  AP:26.0551, 21.0673, 17.9845
3d   AP:18.2769, 15.3245, 14.5344
aos  AP:84.23, 73.45, 64.70
Car AP_R40@0.70, 0.70, 0.70:
bbox AP:88.5401, 76.5246, 69.6114
bev  AP:20.8725, 15.5534, 12.8361
3d   AP:11.6934, 8.9836, 7.6160
aos  AP:86.95, 73.61, 65.71
Car AP@0.70, 0.50, 0.50:
bbox AP:85.6462, 76.2180, 68.1800
bev  AP:51.0411, 40.8995, 35.3843
3d   AP:47.9306, 35.5739, 32.9840
aos  AP:84.23, 73.45, 64.70
Car AP_R40@0.70, 0.50, 0.50:
bbox AP:88.5401, 76.5246, 69.6114
bev  AP:51.3310, 37.5107, 33.0260
3d   AP:46.6255, 33.8652, 28.7477
aos  AP:86.95, 73.61, 65.71

[2026-08-22 01:37:26] INFO Cyclist AP@0.50, 0.50, 0.50:
bbox AP:45.9365, 30.2456, 30.5532
bev  AP:4.9727, 3.1175, 2.9394
3d   AP:3.9676, 2.8168, 2.7415
aos  AP:37.29, 24.09, 24.24
Cyclist AP_R40@0.50, 0.50, 0.50:
bbox AP:45.0776, 26.0125, 26.1650
bev  AP:3.6902, 2.1184, 1.8250
3d   AP:3.0924, 1.7667, 1.6039
aos  AP:35.91, 20.53, 20.55
Cyclist AP@0.50, 0.25, 0.25:
bbox AP:45.9365, 30.2456, 30.5532
bev  AP:13.0357, 8.7074, 8.7607
3d   AP:12.8331, 8.6794, 7.5020
aos  AP:37.29, 24.09, 24.24
Cyclist AP_R40@0.50, 0.25, 0.25:
bbox AP:45.0776, 26.0125, 26.1650
bev  AP:11.6477, 6.5740, 6.3325
3d   AP:11.5401, 6.5253, 5.8482
aos  AP:35.91, 20.53, 20.55

[2026-08-22 01:37:26] INFO   Val Car Moderate mAP: 8.9836
[2026-08-22 01:37:26] INFO   Best: 10.2883 @ epoch 179
[2026-08-22 01:38:07] INFO Epoch[191] [37/371]  total=25.8920  loss_ce=0.1251  loss_bbox=0.0259  loss_depth=1.9769  loss_center=0.0101
[2026-08-22 01:38:48] INFO Epoch[191] [74/371]  total=5.5640  loss_ce=0.0338  loss_bbox=0.0190  loss_depth=-0.1562  loss_center=0.0081
[2026-08-22 01:39:28] INFO Epoch[191] [111/371]  total=13.3692  loss_ce=0.0557  loss_bbox=0.0095  loss_depth=1.3170  loss_center=0.0046
[2026-08-22 01:40:09] INFO Epoch[191] [148/371]  total=6.2460  loss_ce=0.0435  loss_bbox=0.0114  loss_depth=0.0931  loss_center=0.0060
[2026-08-22 01:40:50] INFO Epoch[191] [185/371]  total=8.5226  loss_ce=0.0556  loss_bbox=0.0125  loss_depth=0.4518  loss_center=0.0081
[2026-08-22 01:41:31] INFO Epoch[191] [222/371]  total=4.5668  loss_ce=0.0275  loss_bbox=0.0106  loss_depth=0.1421  loss_center=0.0038
[2026-08-22 01:42:12] INFO Epoch[191] [259/371]  total=15.9566  loss_ce=0.1218  loss_bbox=0.0241  loss_depth=0.3407  loss_center=0.0126
[2026-08-22 01:42:52] INFO Epoch[191] [296/371]  total=8.1361  loss_ce=0.0326  loss_bbox=0.0110  loss_depth=0.2973  loss_center=0.0060
[2026-08-22 01:43:32] INFO Epoch[191] [333/371]  total=7.0636  loss_ce=0.0262  loss_bbox=0.0109  loss_depth=0.2698  loss_center=0.0045
[2026-08-22 01:44:13] INFO Epoch[191] [370/371]  total=13.3440  loss_ce=0.1084  loss_bbox=0.0078  loss_depth=0.8076  loss_center=0.0052
[2026-08-22 01:44:14] INFO Epoch [191/249] avg_loss=10.8951  time=407.9s  lr=2.00e-05
[2026-08-22 01:44:15] INFO Checkpoint saved after epoch 191
[2026-08-22 01:49:49] INFO ==> Loading detections and GTs...
[2026-08-22 01:49:50] INFO ==> Evaluating (official)...
[2026-08-22 01:51:34] INFO Pedestrian AP@0.50, 0.50, 0.50:
bbox AP:64.7874, 56.9083, 49.0368
bev  AP:15.8567, 14.7469, 12.8993
3d   AP:14.4758, 12.4637, 12.1399
aos  AP:54.54, 47.72, 40.96
Pedestrian AP_R40@0.50, 0.50, 0.50:
bbox AP:65.7603, 55.4074, 48.4671
bev  AP:9.6618, 8.0613, 6.5595
3d   AP:7.5703, 5.8798, 4.8223
aos  AP:54.20, 45.37, 39.30
Pedestrian AP@0.50, 0.25, 0.25:
bbox AP:64.7874, 56.9083, 49.0368
bev  AP:32.2979, 27.1563, 24.7472
3d   AP:32.1443, 27.0375, 24.5773
aos  AP:54.54, 47.72, 40.96
Pedestrian AP_R40@0.50, 0.25, 0.25:
bbox AP:65.7603, 55.4074, 48.4671
bev  AP:29.3839, 24.5811, 19.6635
3d   AP:28.2650, 23.3914, 19.4437
aos  AP:54.20, 45.37, 39.30

[2026-08-22 01:53:19] INFO Car AP@0.70, 0.70, 0.70:
bbox AP:85.1710, 75.7758, 67.6502
bev  AP:27.6100, 22.7160, 19.0829
3d   AP:14.7415, 12.8814, 11.3757
aos  AP:83.67, 73.02, 64.17
Car AP_R40@0.70, 0.70, 0.70:
bbox AP:87.9517, 77.7521, 70.8258
bev  AP:23.8558, 17.6915, 14.8015
3d   AP:12.9808, 10.4294, 8.4828
aos  AP:86.29, 74.70, 66.69
Car AP@0.70, 0.50, 0.50:
bbox AP:85.1710, 75.7758, 67.6502
bev  AP:56.0995, 42.9566, 36.7873
3d   AP:49.5552, 39.8592, 34.7539
aos  AP:83.67, 73.02, 64.17
Car AP_R40@0.70, 0.50, 0.50:
bbox AP:87.9517, 77.7521, 70.8258
bev  AP:55.2163, 40.1886, 35.7327
3d   AP:49.7029, 36.5806, 32.2844
aos  AP:86.29, 74.70, 66.69

[2026-08-22 01:55:03] INFO Cyclist AP@0.50, 0.50, 0.50:
bbox AP:48.8909, 30.3409, 30.6204
bev  AP:5.2184, 3.4857, 3.3842
3d   AP:4.9385, 3.1276, 3.0041
aos  AP:40.39, 25.82, 25.95
Cyclist AP_R40@0.50, 0.50, 0.50:
bbox AP:46.7242, 27.0839, 27.2829
bev  AP:4.2204, 2.2408, 2.1666
3d   AP:3.5771, 2.0675, 1.7336
aos  AP:37.15, 21.28, 21.49
Cyclist AP@0.50, 0.25, 0.25:
bbox AP:48.8909, 30.3409, 30.6204
bev  AP:13.3498, 8.8511, 8.6934
3d   AP:12.5416, 8.2912, 8.0988
aos  AP:40.39, 25.82, 25.95
Cyclist AP_R40@0.50, 0.25, 0.25:
bbox AP:46.7242, 27.0839, 27.2829
bev  AP:12.4464, 6.7590, 6.4164
3d   AP:11.4044, 6.1134, 5.8687
aos  AP:37.15, 21.28, 21.49

[2026-08-22 01:55:03] INFO   Val Car Moderate mAP: 10.4294
[2026-08-22 01:55:04] INFO   Best: 10.4294 @ epoch 191
[2026-08-22 01:55:45] INFO Epoch[192] [37/371]  total=3.3548  loss_ce=0.0083  loss_bbox=0.0013  loss_depth=0.1628  loss_center=0.0011
[2026-08-22 01:56:25] INFO Epoch[192] [74/371]  total=9.1810  loss_ce=0.0370  loss_bbox=0.0132  loss_depth=0.5229  loss_center=0.0088
[2026-08-22 01:57:06] INFO Epoch[192] [111/371]  total=6.8506  loss_ce=0.0760  loss_bbox=0.0067  loss_depth=0.2889  loss_center=0.0037
[2026-08-22 01:57:47] INFO Epoch[192] [148/371]  total=41.5883  loss_ce=0.1272  loss_bbox=0.0356  loss_depth=2.2633  loss_center=0.0230
[2026-08-22 01:58:28] INFO Epoch[192] [185/371]  total=19.8392  loss_ce=0.1348  loss_bbox=0.0192  loss_depth=1.1201  loss_center=0.0099
[2026-08-22 01:59:08] INFO Epoch[192] [222/371]  total=16.7502  loss_ce=0.1029  loss_bbox=0.0339  loss_depth=0.7086  loss_center=0.0132
[2026-08-22 01:59:49] INFO Epoch[192] [259/371]  total=3.8122  loss_ce=0.0077  loss_bbox=0.0088  loss_depth=0.1812  loss_center=0.0037
[2026-08-22 02:00:30] INFO Epoch[192] [296/371]  total=20.6718  loss_ce=0.1122  loss_bbox=0.0235  loss_depth=1.1989  loss_center=0.0122
[2026-08-22 02:01:10] INFO Epoch[192] [333/371]  total=17.0034  loss_ce=0.1286  loss_bbox=0.0097  loss_depth=0.8877  loss_center=0.0082
[2026-08-22 02:01:51] INFO Epoch[192] [370/371]  total=7.6926  loss_ce=0.0579  loss_bbox=0.0061  loss_depth=0.4113  loss_center=0.0028
[2026-08-22 02:01:52] INFO Epoch [192/249] avg_loss=9.8186  time=407.5s  lr=2.00e-05
[2026-08-22 02:01:52] INFO Checkpoint saved after epoch 192
[2026-08-22 02:07:26] INFO ==> Loading detections and GTs...
[2026-08-22 02:07:27] INFO ==> Evaluating (official)...
[2026-08-22 02:09:02] INFO Pedestrian AP@0.50, 0.50, 0.50:
bbox AP:65.5569, 57.4883, 49.4486
bev  AP:15.1974, 14.7907, 12.4573
3d   AP:13.5914, 12.2995, 11.8538
aos  AP:54.48, 47.59, 40.88
Pedestrian AP_R40@0.50, 0.50, 0.50:
bbox AP:63.4812, 54.5467, 45.6425
bev  AP:8.4443, 7.4559, 5.6021
3d   AP:6.7615, 5.8289, 4.7236
aos  AP:51.62, 44.08, 36.69
Pedestrian AP@0.50, 0.25, 0.25:
bbox AP:65.5569, 57.4883, 49.4486
bev  AP:31.3764, 27.1416, 21.5453
3d   AP:31.0083, 26.7089, 21.3882
aos  AP:54.48, 47.59, 40.88
Pedestrian AP_R40@0.50, 0.25, 0.25:
bbox AP:63.4812, 54.5467, 45.6425
bev  AP:27.5442, 23.8447, 18.8468
3d   AP:27.1439, 22.4574, 18.5250
aos  AP:51.62, 44.08, 36.69

[2026-08-22 02:10:39] INFO Car AP@0.70, 0.70, 0.70:
bbox AP:86.8189, 76.9134, 68.5748
bev  AP:27.0468, 21.7104, 18.6095
3d   AP:13.8151, 12.0011, 10.8061
aos  AP:85.30, 74.05, 65.12
Car AP_R40@0.70, 0.70, 0.70:
bbox AP:88.0109, 77.3010, 70.0264
bev  AP:22.5379, 16.4190, 14.1478
3d   AP:11.8846, 9.2672, 7.9153
aos  AP:86.41, 74.27, 66.10
Car AP@0.70, 0.50, 0.50:
bbox AP:86.8189, 76.9134, 68.5748
bev  AP:56.0808, 42.3246, 36.5637
3d   AP:49.4865, 36.5736, 34.1000
aos  AP:85.30, 74.05, 65.12
Car AP_R40@0.70, 0.50, 0.50:
bbox AP:88.0109, 77.3010, 70.0264
bev  AP:54.3359, 39.9819, 34.2599
3d   AP:48.2233, 35.1375, 30.7471
aos  AP:86.41, 74.27, 66.10

[2026-08-22 02:12:15] INFO Cyclist AP@0.50, 0.50, 0.50:
bbox AP:48.8862, 31.9755, 31.9635
bev  AP:5.3015, 3.2231, 3.1022
3d   AP:5.0183, 2.9028, 2.8922
aos  AP:40.21, 26.57, 26.71
Cyclist AP_R40@0.50, 0.50, 0.50:
bbox AP:48.4707, 27.7491, 27.4860
bev  AP:3.8239, 2.2372, 1.8451
3d   AP:3.5864, 1.8288, 1.7150
aos  AP:38.03, 21.62, 21.57
Cyclist AP@0.50, 0.25, 0.25:
bbox AP:48.8862, 31.9755, 31.9635
bev  AP:13.4935, 9.4944, 9.4611
3d   AP:13.1175, 9.0970, 7.6191
aos  AP:40.21, 26.57, 26.71
Cyclist AP_R40@0.50, 0.25, 0.25:
bbox AP:48.4707, 27.7491, 27.4860
bev  AP:12.3525, 7.1738, 6.9585
3d   AP:11.9869, 6.8391, 6.1413
aos  AP:38.03, 21.62, 21.57

[2026-08-22 02:12:15] INFO   Val Car Moderate mAP: 9.2672
[2026-08-22 02:12:15] INFO   Best: 10.4294 @ epoch 191
[2026-08-22 02:12:56] INFO Epoch[193] [37/371]  total=0.8767  loss_ce=0.0021  loss_bbox=0.0011  loss_depth=-0.0355  loss_center=0.0005
[2026-08-22 02:13:37] INFO Epoch[193] [74/371]  total=11.8157  loss_ce=0.0672  loss_bbox=0.0103  loss_depth=0.6353  loss_center=0.0084
[2026-08-22 02:14:18] INFO Epoch[193] [111/371]  total=16.2632  loss_ce=0.1379  loss_bbox=0.0400  loss_depth=-0.0193  loss_center=0.0160
[2026-08-22 02:14:58] INFO Epoch[193] [148/371]  total=2.4041  loss_ce=0.0023  loss_bbox=0.0022  loss_depth=0.0350  loss_center=0.0004
[2026-08-22 02:15:39] INFO Epoch[193] [185/371]  total=8.8796  loss_ce=0.0411  loss_bbox=0.0072  loss_depth=0.4371  loss_center=0.0062
[2026-08-22 02:16:20] INFO Epoch[193] [222/371]  total=1.5241  loss_ce=0.0093  loss_bbox=0.0042  loss_depth=-0.0301  loss_center=0.0015
[2026-08-22 02:17:01] INFO Epoch[193] [259/371]  total=10.0044  loss_ce=0.0479  loss_bbox=0.0177  loss_depth=0.4294  loss_center=0.0068
[2026-08-22 02:17:42] INFO Epoch[193] [296/371]  total=12.4166  loss_ce=0.0662  loss_bbox=0.0220  loss_depth=0.2311  loss_center=0.0096
[2026-08-22 02:18:22] INFO Epoch[193] [333/371]  total=23.4877  loss_ce=0.1111  loss_bbox=0.0413  loss_depth=0.6009  loss_center=0.0252
[2026-08-22 02:19:03] INFO Epoch[193] [370/371]  total=5.4391  loss_ce=0.0273  loss_bbox=0.0070  loss_depth=0.1563  loss_center=0.0026
[2026-08-22 02:19:05] INFO Epoch [193/249] avg_loss=10.9550  time=409.2s  lr=2.00e-05
[2026-08-22 02:19:05] INFO Checkpoint saved after epoch 193
[2026-08-22 02:24:39] INFO ==> Loading detections and GTs...
[2026-08-22 02:24:40] INFO ==> Evaluating (official)...
[2026-08-22 02:26:18] INFO Pedestrian AP@0.50, 0.50, 0.50:
bbox AP:65.5914, 57.4638, 49.3813
bev  AP:14.9491, 14.4044, 12.4573
3d   AP:13.7681, 12.2801, 11.9792
aos  AP:54.99, 47.94, 41.16
Pedestrian AP_R40@0.50, 0.50, 0.50:
bbox AP:66.4882, 55.9768, 48.8670
bev  AP:8.0985, 7.2919, 6.0210
3d   AP:6.9178, 5.7517, 4.6837
aos  AP:54.38, 45.59, 39.47
Pedestrian AP@0.50, 0.25, 0.25:
bbox AP:65.5914, 57.4638, 49.3813
bev  AP:30.8782, 26.2148, 24.3432
3d   AP:30.3704, 25.8451, 20.9768
aos  AP:54.99, 47.94, 41.16
Pedestrian AP_R40@0.50, 0.25, 0.25:
bbox AP:66.4882, 55.9768, 48.8670
bev  AP:27.4556, 22.8889, 18.9748
3d   AP:26.1209, 22.2977, 17.7320
aos  AP:54.38, 45.59, 39.47

[2026-08-22 02:27:58] INFO Car AP@0.70, 0.70, 0.70:
bbox AP:86.6414, 76.5416, 68.3743
bev  AP:24.7008, 18.7435, 17.4290
3d   AP:12.0262, 9.9439, 8.4657
aos  AP:85.26, 73.82, 65.07
Car AP_R40@0.70, 0.70, 0.70:
bbox AP:87.9782, 78.6879, 69.8047
bev  AP:19.1361, 14.1789, 12.1264
3d   AP:9.7779, 7.5902, 6.4262
aos  AP:86.50, 75.65, 66.01
Car AP@0.70, 0.50, 0.50:
bbox AP:86.6414, 76.5416, 68.3743
bev  AP:51.8137, 41.1332, 35.5738
3d   AP:48.7323, 35.8135, 33.0376
aos  AP:85.26, 73.82, 65.07
Car AP_R40@0.70, 0.50, 0.50:
bbox AP:87.9782, 78.6879, 69.8047
bev  AP:52.1406, 37.7776, 33.1694
3d   AP:47.2694, 34.0251, 28.7727
aos  AP:86.50, 75.65, 66.01

[2026-08-22 02:29:36] INFO Cyclist AP@0.50, 0.50, 0.50:
bbox AP:50.5934, 31.5708, 31.5319
bev  AP:3.9364, 3.0179, 3.0315
3d   AP:3.8344, 2.9720, 2.9857
aos  AP:40.30, 25.96, 25.85
Cyclist AP_R40@0.50, 0.50, 0.50:
bbox AP:47.9254, 28.0821, 27.1035
bev  AP:2.6366, 1.4760, 1.4563
3d   AP:2.3008, 1.3783, 1.3182
aos  AP:36.48, 21.12, 20.55
Cyclist AP@0.50, 0.25, 0.25:
bbox AP:50.5934, 31.5708, 31.5319
bev  AP:12.8051, 8.9939, 8.8849
3d   AP:12.7750, 8.9618, 7.4612
aos  AP:40.30, 25.96, 25.85
Cyclist AP_R40@0.50, 0.25, 0.25:
bbox AP:47.9254, 28.0821, 27.1035
bev  AP:11.7077, 6.8096, 6.5256
3d   AP:11.5408, 6.6640, 5.9374
aos  AP:36.48, 21.12, 20.55

[2026-08-22 02:29:36] INFO   Val Car Moderate mAP: 7.5902
[2026-08-22 02:29:37] INFO   Best: 10.4294 @ epoch 191
[2026-08-22 02:30:18] INFO Epoch[194] [37/371]  total=15.8155  loss_ce=0.0738  loss_bbox=0.0222  loss_depth=0.5489  loss_center=0.0093
[2026-08-22 02:30:59] INFO Epoch[194] [74/371]  total=4.6492  loss_ce=0.0470  loss_bbox=0.0058  loss_depth=-0.0039  loss_center=0.0041
[2026-08-22 02:31:40] INFO Epoch[194] [111/371]  total=10.5638  loss_ce=0.0623  loss_bbox=0.0149  loss_depth=0.3081  loss_center=0.0052
[2026-08-22 02:32:21] INFO Epoch[194] [148/371]  total=6.4443  loss_ce=0.0391  loss_bbox=0.0064  loss_depth=0.2085  loss_center=0.0035
[2026-08-22 02:33:02] INFO Epoch[194] [185/371]  total=5.5289  loss_ce=0.0276  loss_bbox=0.0094  loss_depth=0.0329  loss_center=0.0062
[2026-08-22 02:33:42] INFO Epoch[194] [222/371]  total=17.7854  loss_ce=0.0885  loss_bbox=0.0214  loss_depth=1.0305  loss_center=0.0105
[2026-08-22 02:34:23] INFO Epoch[194] [259/371]  total=15.2004  loss_ce=0.0740  loss_bbox=0.0098  loss_depth=0.9075  loss_center=0.0061
[2026-08-22 02:35:04] INFO Epoch[194] [296/371]  total=20.9089  loss_ce=0.1537  loss_bbox=0.0383  loss_depth=0.9594  loss_center=0.0157
[2026-08-22 02:35:44] INFO Epoch[194] [333/371]  total=6.6275  loss_ce=0.0227  loss_bbox=0.0047  loss_depth=0.1114  loss_center=0.0030
[2026-08-22 02:36:25] INFO Epoch[194] [370/371]  total=8.0158  loss_ce=0.0140  loss_bbox=0.0041  loss_depth=0.7339  loss_center=0.0021
[2026-08-22 02:36:26] INFO Epoch [194/249] avg_loss=10.7507  time=409.0s  lr=2.00e-05
[2026-08-22 02:36:26] INFO Checkpoint saved after epoch 194
[2026-08-22 02:42:02] INFO ==> Loading detections and GTs...
[2026-08-22 02:42:03] INFO ==> Evaluating (official)...
[2026-08-22 02:43:47] INFO Pedestrian AP@0.50, 0.50, 0.50:
bbox AP:65.5572, 57.5073, 49.4951
bev  AP:15.8080, 14.8302, 12.6454
3d   AP:14.4827, 12.4332, 12.0309
aos  AP:54.98, 48.10, 41.48
Pedestrian AP_R40@0.50, 0.50, 0.50:
bbox AP:66.4624, 57.7196, 48.9381
bev  AP:9.7479, 7.7016, 6.2817
3d   AP:7.5649, 5.7597, 4.8202
aos  AP:54.33, 47.04, 39.57
Pedestrian AP@0.50, 0.25, 0.25:
bbox AP:65.5572, 57.5073, 49.4951
bev  AP:32.0745, 27.2654, 24.8716
3d   AP:31.4187, 26.8663, 24.4604
aos  AP:54.98, 48.10, 41.48
Pedestrian AP_R40@0.50, 0.25, 0.25:
bbox AP:66.4624, 57.7196, 48.9381
bev  AP:29.0473, 24.5032, 19.7840
3d   AP:27.6197, 23.1102, 19.3118
aos  AP:54.33, 47.04, 39.57

[2026-08-22 02:45:31] INFO Car AP@0.70, 0.70, 0.70:
bbox AP:86.1214, 76.2106, 68.1667
bev  AP:27.8177, 22.3068, 18.9899
3d   AP:19.5429, 16.5512, 14.9620
aos  AP:84.48, 73.23, 64.40
Car AP_R40@0.70, 0.70, 0.70:
bbox AP:88.9092, 78.1829, 71.3243
bev  AP:24.3013, 17.6864, 14.6325
3d   AP:13.5906, 10.6217, 8.6661
aos  AP:87.09, 74.86, 66.85
Car AP@0.70, 0.50, 0.50:
bbox AP:86.1214, 76.2106, 68.1667
bev  AP:55.8494, 42.3498, 36.6081
3d   AP:50.1735, 39.9865, 34.7028
aos  AP:84.48, 73.23, 64.40
Car AP_R40@0.70, 0.50, 0.50:
bbox AP:88.9092, 78.1829, 71.3243
bev  AP:54.3408, 39.8355, 35.3732
3d   AP:50.1062, 36.4534, 31.2125
aos  AP:87.09, 74.86, 66.85

[2026-08-22 02:47:16] INFO Cyclist AP@0.50, 0.50, 0.50:
bbox AP:47.0407, 30.6224, 30.6391
bev  AP:4.9584, 2.9750, 2.9870
3d   AP:4.0282, 2.9230, 2.9351
aos  AP:37.69, 25.25, 25.14
Cyclist AP_R40@0.50, 0.50, 0.50:
bbox AP:46.5876, 27.5480, 26.5270
bev  AP:3.4672, 1.7624, 1.7330
3d   AP:2.9015, 1.6345, 1.5466
aos  AP:35.43, 20.80, 20.09
Cyclist AP@0.50, 0.25, 0.25:
bbox AP:47.0407, 30.6224, 30.6391
bev  AP:12.6412, 8.3628, 8.3012
3d   AP:12.5481, 8.3519, 8.2903
aos  AP:37.69, 25.25, 25.14
Cyclist AP_R40@0.50, 0.25, 0.25:
bbox AP:46.5876, 27.5480, 26.5270
bev  AP:11.3122, 6.4470, 6.1181
3d   AP:11.2783, 6.3862, 6.0520
aos  AP:35.43, 20.80, 20.09

[2026-08-22 02:47:16] INFO   Val Car Moderate mAP: 10.6217
[2026-08-22 02:47:17] INFO   Best: 10.6217 @ epoch 194
[2026-08-22 02:47:58] INFO Epoch[195] [37/371]  total=5.8459  loss_ce=0.0197  loss_bbox=0.0060  loss_depth=0.3450  loss_center=0.0028
[2026-08-22 02:48:38] INFO Epoch[195] [74/371]  total=6.4575  loss_ce=0.0252  loss_bbox=0.0085  loss_depth=0.4115  loss_center=0.0033
[2026-08-22 02:49:19] INFO Epoch[195] [111/371]  total=16.3414  loss_ce=0.0828  loss_bbox=0.0191  loss_depth=0.9295  loss_center=0.0078
[2026-08-22 02:50:00] INFO Epoch[195] [148/371]  total=1.2714  loss_ce=0.0034  loss_bbox=0.0010  loss_depth=0.0893  loss_center=0.0002
[2026-08-22 02:50:40] INFO Epoch[195] [185/371]  total=8.1363  loss_ce=0.0430  loss_bbox=0.0110  loss_depth=0.1295  loss_center=0.0068
[2026-08-22 02:51:21] INFO Epoch[195] [222/371]  total=27.2592  loss_ce=0.1447  loss_bbox=0.0213  loss_depth=1.9587  loss_center=0.0124
[2026-08-22 02:52:01] INFO Epoch[195] [259/371]  total=16.1470  loss_ce=0.0759  loss_bbox=0.0121  loss_depth=1.5328  loss_center=0.0053
[2026-08-22 02:52:42] INFO Epoch[195] [296/371]  total=10.5998  loss_ce=0.0792  loss_bbox=0.0136  loss_depth=-0.0308  loss_center=0.0070
[2026-08-22 02:53:22] INFO Epoch[195] [333/371]  total=0.1078  loss_ce=0.0061  loss_bbox=0.0000  loss_depth=0.0000  loss_center=0.0000
[2026-08-22 02:54:03] INFO Epoch[195] [370/371]  total=20.3118  loss_ce=0.0880  loss_bbox=0.0171  loss_depth=1.1552  loss_center=0.0117
[2026-08-22 02:54:04] INFO Epoch [195/249] avg_loss=10.6297  time=407.0s  lr=2.00e-05
[2026-08-22 02:54:04] INFO Checkpoint saved after epoch 195
[2026-08-22 02:59:39] INFO ==> Loading detections and GTs...
[2026-08-22 02:59:40] INFO ==> Evaluating (official)...
[2026-08-22 03:01:17] INFO Pedestrian AP@0.50, 0.50, 0.50:
bbox AP:64.4970, 56.7149, 48.9394
bev  AP:15.9386, 15.0570, 13.2093
3d   AP:15.1245, 12.9025, 12.7441
aos  AP:54.94, 47.82, 41.41
Pedestrian AP_R40@0.50, 0.50, 0.50:
bbox AP:63.9391, 53.6104, 46.6630
bev  AP:9.6781, 8.0832, 6.7389
3d   AP:8.1530, 6.5471, 5.3915
aos  AP:53.25, 44.33, 38.28
Pedestrian AP@0.50, 0.25, 0.25:
bbox AP:64.4970, 56.7149, 48.9394
bev  AP:32.5054, 27.4784, 25.2944
3d   AP:31.5885, 27.1183, 21.5949
aos  AP:54.94, 47.82, 41.41
Pedestrian AP_R40@0.50, 0.25, 0.25:
bbox AP:63.9391, 53.6104, 46.6630
bev  AP:28.9456, 24.0768, 20.2021
3d   AP:28.2812, 23.5653, 18.7490
aos  AP:53.25, 44.33, 38.28

[2026-08-22 03:02:54] INFO Car AP@0.70, 0.70, 0.70:
bbox AP:84.4895, 75.5800, 67.7008
bev  AP:25.1633, 20.9999, 17.8324
3d   AP:12.7275, 11.0703, 9.2042
aos  AP:82.72, 72.50, 63.86
Car AP_R40@0.70, 0.70, 0.70:
bbox AP:85.7135, 75.8451, 69.0343
bev  AP:20.2819, 15.2749, 12.7147
3d   AP:10.9795, 8.2292, 6.9812
aos  AP:83.81, 72.56, 64.69
Car AP@0.70, 0.50, 0.50:
bbox AP:84.4895, 75.5800, 67.7008
bev  AP:51.1209, 40.8802, 35.4177
3d   AP:47.6763, 35.4664, 32.9100
aos  AP:82.72, 72.50, 63.86
Car AP_R40@0.70, 0.50, 0.50:
bbox AP:85.7135, 75.8451, 69.0343
bev  AP:51.2869, 37.4708, 31.9373
3d   AP:46.5005, 33.7582, 28.6237
aos  AP:83.81, 72.56, 64.69

[2026-08-22 03:04:31] INFO Cyclist AP@0.50, 0.50, 0.50:
bbox AP:47.1615, 31.1449, 28.3838
bev  AP:5.0189, 3.7502, 3.7632
3d   AP:4.9299, 3.6927, 3.7058
aos  AP:38.87, 26.00, 24.50
Cyclist AP_R40@0.50, 0.50, 0.50:
bbox AP:45.8443, 26.8900, 26.2015
bev  AP:3.1738, 1.9620, 1.8234
3d   AP:2.7674, 1.6897, 1.5450
aos  AP:36.03, 20.88, 20.61
Cyclist AP@0.50, 0.25, 0.25:
bbox AP:47.1615, 31.1449, 28.3838
bev  AP:12.7556, 8.9300, 9.0091
3d   AP:12.6833, 8.8682, 7.3427
aos  AP:38.87, 26.00, 24.50
Cyclist AP_R40@0.50, 0.25, 0.25:
bbox AP:45.8443, 26.8900, 26.2015
bev  AP:11.6337, 6.6656, 6.5839
3d   AP:11.1458, 6.5761, 5.9213
aos  AP:36.03, 20.88, 20.61

[2026-08-22 03:04:31] INFO   Val Car Moderate mAP: 8.2292
[2026-08-22 03:04:31] INFO   Best: 10.6217 @ epoch 194
[2026-08-22 03:05:12] INFO Epoch[196] [37/371]  total=3.2890  loss_ce=0.0135  loss_bbox=0.0048  loss_depth=0.1722  loss_center=0.0015
[2026-08-22 03:05:53] INFO Epoch[196] [74/371]  total=1.5386  loss_ce=0.0070  loss_bbox=0.0038  loss_depth=0.0422  loss_center=0.0007
[2026-08-22 03:06:34] INFO Epoch[196] [111/371]  total=10.6718  loss_ce=0.0864  loss_bbox=0.0050  loss_depth=0.7005  loss_center=0.0035
[2026-08-22 03:07:15] INFO Epoch[196] [148/371]  total=3.4414  loss_ce=0.0030  loss_bbox=0.0030  loss_depth=0.2045  loss_center=0.0016
[2026-08-22 03:07:55] INFO Epoch[196] [185/371]  total=10.4782  loss_ce=0.0463  loss_bbox=0.0048  loss_depth=0.6325  loss_center=0.0037
[2026-08-22 03:08:36] INFO Epoch[196] [222/371]  total=5.1394  loss_ce=0.0124  loss_bbox=0.0037  loss_depth=0.2620  loss_center=0.0017
[2026-08-22 03:09:16] INFO Epoch[196] [259/371]  total=7.5692  loss_ce=0.0423  loss_bbox=0.0216  loss_depth=0.0389  loss_center=0.0080
[2026-08-22 03:09:57] INFO Epoch[196] [296/371]  total=3.6901  loss_ce=0.0255  loss_bbox=0.0125  loss_depth=-0.1583  loss_center=0.0034
[2026-08-22 03:10:37] INFO Epoch[196] [333/371]  total=13.5176  loss_ce=0.1100  loss_bbox=0.0138  loss_depth=0.9531  loss_center=0.0058
[2026-08-22 03:11:18] INFO Epoch[196] [370/371]  total=12.1516  loss_ce=0.0709  loss_bbox=0.0227  loss_depth=0.1417  loss_center=0.0130
[2026-08-22 03:11:19] INFO Epoch [196/249] avg_loss=10.3561  time=407.5s  lr=2.00e-05
[2026-08-22 03:11:19] INFO Checkpoint saved after epoch 196
[2026-08-22 03:16:55] INFO ==> Loading detections and GTs...
[2026-08-22 03:16:55] INFO ==> Evaluating (official)...
[2026-08-22 03:18:42] INFO Pedestrian AP@0.50, 0.50, 0.50:
bbox AP:65.5356, 57.1920, 49.5617
bev  AP:15.6695, 14.8744, 12.9666
3d   AP:14.3647, 12.5074, 12.0619
aos  AP:55.09, 47.78, 41.43
Pedestrian AP_R40@0.50, 0.50, 0.50:
bbox AP:66.3351, 57.4704, 48.8141
bev  AP:9.6141, 8.0824, 6.6887
3d   AP:7.5574, 6.2013, 5.0929
aos  AP:54.38, 46.78, 39.42
Pedestrian AP@0.50, 0.25, 0.25:
bbox AP:65.5356, 57.1920, 49.5617
bev  AP:31.9151, 26.9679, 24.7263
3d   AP:31.7909, 26.8716, 24.6582
aos  AP:55.09, 47.78, 41.43
Pedestrian AP_R40@0.50, 0.25, 0.25:
bbox AP:66.3351, 57.4704, 48.8141
bev  AP:28.2329, 23.5595, 19.6542
3d   AP:28.1048, 23.4923, 19.5085
aos  AP:54.38, 46.78, 39.42

[2026-08-22 03:20:27] INFO Car AP@0.70, 0.70, 0.70:
bbox AP:85.6154, 76.0504, 68.0557
bev  AP:26.1141, 21.2462, 17.8730
3d   AP:13.4184, 11.5413, 9.4037
aos  AP:83.70, 72.89, 64.16
Car AP_R40@0.70, 0.70, 0.70:
bbox AP:86.7102, 77.9686, 71.1792
bev  AP:21.0464, 15.6201, 12.9013
3d   AP:11.5728, 9.0229, 7.1961
aos  AP:84.67, 74.47, 66.55
Car AP@0.70, 0.50, 0.50:
bbox AP:85.6154, 76.0504, 68.0557
bev  AP:51.4434, 40.9163, 35.3178
3d   AP:48.5657, 35.8800, 32.9262
aos  AP:83.70, 72.89, 64.16
Car AP_R40@0.70, 0.50, 0.50:
bbox AP:86.7102, 77.9686, 71.1792
bev  AP:51.8020, 37.6209, 31.9417
3d   AP:47.3806, 34.2511, 28.8543
aos  AP:84.67, 74.47, 66.55

[2026-08-22 03:22:13] INFO Cyclist AP@0.50, 0.50, 0.50:
bbox AP:48.5096, 31.6118, 31.6715
bev  AP:6.9244, 5.3664, 5.3030
3d   AP:6.7026, 5.2500, 5.2624
aos  AP:37.66, 24.58, 24.67
Cyclist AP_R40@0.50, 0.50, 0.50:
bbox AP:47.8866, 28.4034, 28.3334
bev  AP:3.8343, 2.3474, 2.0912
3d   AP:3.3059, 1.8961, 1.8883
aos  AP:36.87, 21.69, 21.72
Cyclist AP@0.50, 0.25, 0.25:
bbox AP:48.5096, 31.6118, 31.6715
bev  AP:13.9877, 9.6475, 9.4310
3d   AP:13.8864, 9.6081, 9.3750
aos  AP:37.66, 24.58, 24.67
Cyclist AP_R40@0.50, 0.25, 0.25:
bbox AP:47.8866, 28.4034, 28.3334
bev  AP:12.5909, 7.1880, 6.7100
3d   AP:12.2551, 6.8859, 6.4897
aos  AP:36.87, 21.69, 21.72

[2026-08-22 03:22:13] INFO   Val Car Moderate mAP: 9.0229
[2026-08-22 03:22:13] INFO   Best: 10.6217 @ epoch 194
[2026-08-22 03:22:54] INFO Epoch[197] [37/371]  total=26.5380  loss_ce=0.1723  loss_bbox=0.0518  loss_depth=1.3009  loss_center=0.0265
[2026-08-22 03:23:35] INFO Epoch[197] [74/371]  total=4.3682  loss_ce=0.0127  loss_bbox=0.0044  loss_depth=0.1330  loss_center=0.0028
[2026-08-22 03:24:16] INFO Epoch[197] [111/371]  total=11.4688  loss_ce=0.0848  loss_bbox=0.0124  loss_depth=0.4919  loss_center=0.0061
[2026-08-22 03:24:57] INFO Epoch[197] [148/371]  total=8.8758  loss_ce=0.0311  loss_bbox=0.0131  loss_depth=0.3250  loss_center=0.0062
[2026-08-22 03:25:37] INFO Epoch[197] [185/371]  total=7.9351  loss_ce=0.0451  loss_bbox=0.0068  loss_depth=0.1561  loss_center=0.0038
[2026-08-22 03:26:18] INFO Epoch[197] [222/371]  total=5.5795  loss_ce=0.0162  loss_bbox=0.0117  loss_depth=0.0231  loss_center=0.0041
[2026-08-22 03:26:59] INFO Epoch[197] [259/371]  total=3.1159  loss_ce=0.0155  loss_bbox=0.0045  loss_depth=-0.1237  loss_center=0.0017
[2026-08-22 03:27:39] INFO Epoch[197] [296/371]  total=2.8795  loss_ce=0.0420  loss_bbox=0.0074  loss_depth=-0.1331  loss_center=0.0033
[2026-08-22 03:28:20] INFO Epoch[197] [333/371]  total=9.2451  loss_ce=0.0295  loss_bbox=0.0069  loss_depth=0.6337  loss_center=0.0031
[2026-08-22 03:29:01] INFO Epoch[197] [370/371]  total=2.3877  loss_ce=0.0179  loss_bbox=0.0051  loss_depth=-0.2826  loss_center=0.0024
[2026-08-22 03:29:02] INFO Epoch [197/249] avg_loss=9.8856  time=408.4s  lr=2.00e-05
[2026-08-22 03:29:02] INFO Checkpoint saved after epoch 197
[2026-08-22 03:34:38] INFO ==> Loading detections and GTs...
[2026-08-22 03:34:39] INFO ==> Evaluating (official)...
[2026-08-22 03:36:24] INFO Pedestrian AP@0.50, 0.50, 0.50:
bbox AP:65.1297, 57.1569, 49.2966
bev  AP:10.1802, 10.0152, 7.9867
3d   AP:8.8184, 6.9359, 6.5457
aos  AP:54.85, 47.71, 41.11
Pedestrian AP_R40@0.50, 0.50, 0.50:
bbox AP:64.4270, 55.7384, 47.0274
bev  AP:8.5898, 7.4980, 6.3937
3d   AP:6.9693, 5.7545, 4.7737
aos  AP:53.18, 45.57, 38.12
Pedestrian AP@0.50, 0.25, 0.25:
bbox AP:65.1297, 57.1569, 49.2966
bev  AP:31.2134, 26.7158, 24.7176
3d   AP:30.3520, 26.1969, 21.0498
aos  AP:54.85, 47.71, 41.11
Pedestrian AP_R40@0.50, 0.25, 0.25:
bbox AP:64.4270, 55.7384, 47.0274
bev  AP:27.5691, 23.2224, 19.3316
3d   AP:26.5865, 22.5769, 17.8641
aos  AP:53.18, 45.57, 38.12

[2026-08-22 03:38:08] INFO Car AP@0.70, 0.70, 0.70:
bbox AP:84.1047, 74.9849, 67.2817
bev  AP:25.3489, 20.9102, 17.9698
3d   AP:17.3928, 15.1433, 14.3619
aos  AP:82.24, 71.85, 63.45
Car AP_R40@0.70, 0.70, 0.70:
bbox AP:86.6613, 76.8053, 70.2958
bev  AP:19.9613, 15.3356, 13.3153
3d   AP:10.5480, 8.5689, 7.3730
aos  AP:84.58, 73.31, 65.71
Car AP@0.70, 0.50, 0.50:
bbox AP:84.1047, 74.9849, 67.2817
bev  AP:54.0973, 41.2295, 35.6962
3d   AP:47.5634, 35.7041, 33.4289
aos  AP:82.24, 71.85, 63.45
Car AP_R40@0.70, 0.50, 0.50:
bbox AP:86.6613, 76.8053, 70.2958
bev  AP:52.0506, 38.6865, 33.3263
3d   AP:46.1221, 34.0229, 29.9371
aos  AP:84.58, 73.31, 65.71

[2026-08-22 03:39:52] INFO Cyclist AP@0.50, 0.50, 0.50:
bbox AP:46.7475, 30.9667, 31.2937
bev  AP:6.2444, 3.8782, 3.7215
3d   AP:4.6620, 3.7917, 3.8195
aos  AP:36.91, 24.18, 24.67
Cyclist AP_R40@0.50, 0.50, 0.50:
bbox AP:46.2958, 26.7249, 26.8334
bev  AP:4.1569, 2.3241, 2.0897
3d   AP:2.9379, 1.7297, 1.5460
aos  AP:36.48, 21.04, 21.19
Cyclist AP@0.50, 0.25, 0.25:
bbox AP:46.7475, 30.9667, 31.2937
bev  AP:13.3461, 9.2267, 8.9547
3d   AP:13.2376, 9.1984, 8.9061
aos  AP:36.91, 24.18, 24.67
Cyclist AP_R40@0.50, 0.25, 0.25:
bbox AP:46.2958, 26.7249, 26.8334
bev  AP:12.2720, 7.0717, 6.6665
3d   AP:12.1385, 6.9039, 6.4160
aos  AP:36.48, 21.04, 21.19

[2026-08-22 03:39:52] INFO   Val Car Moderate mAP: 8.5689
[2026-08-22 03:39:52] INFO   Best: 10.6217 @ epoch 194
[2026-08-22 03:40:33] INFO Epoch[198] [37/371]  total=7.7012  loss_ce=0.0485  loss_bbox=0.0110  loss_depth=0.2649  loss_center=0.0045
[2026-08-22 03:41:14] INFO Epoch[198] [74/371]  total=3.2580  loss_ce=0.0207  loss_bbox=0.0185  loss_depth=-0.5581  loss_center=0.0078
[2026-08-22 03:41:55] INFO Epoch[198] [111/371]  total=3.8877  loss_ce=0.0060  loss_bbox=0.0025  loss_depth=0.1289  loss_center=0.0019
[2026-08-22 03:42:36] INFO Epoch[198] [148/371]  total=0.9849  loss_ce=0.0057  loss_bbox=0.0029  loss_depth=-0.0160  loss_center=0.0013
[2026-08-22 03:43:17] INFO Epoch[198] [185/371]  total=20.0494  loss_ce=0.1952  loss_bbox=0.0614  loss_depth=0.5542  loss_center=0.0231
[2026-08-22 03:43:58] INFO Epoch[198] [222/371]  total=6.5317  loss_ce=0.0570  loss_bbox=0.0179  loss_depth=-0.3588  loss_center=0.0104
[2026-08-22 03:44:38] INFO Epoch[198] [259/371]  total=17.7444  loss_ce=0.1704  loss_bbox=0.0209  loss_depth=0.9771  loss_center=0.0143
[2026-08-22 03:45:18] INFO Epoch[198] [296/371]  total=18.3055  loss_ce=0.0954  loss_bbox=0.0348  loss_depth=0.4721  loss_center=0.0149
[2026-08-22 03:45:59] INFO Epoch[198] [333/371]  total=14.5203  loss_ce=0.0500  loss_bbox=0.0095  loss_depth=1.1388  loss_center=0.0073
[2026-08-22 03:46:40] INFO Epoch[198] [370/371]  total=22.3099  loss_ce=0.1787  loss_bbox=0.0273  loss_depth=1.5703  loss_center=0.0089
[2026-08-22 03:46:41] INFO Epoch [198/249] avg_loss=10.5230  time=409.0s  lr=2.00e-05
[2026-08-22 03:46:42] INFO Checkpoint saved after epoch 198
[2026-08-22 03:52:18] INFO ==> Loading detections and GTs...
[2026-08-22 03:52:19] INFO ==> Evaluating (official)...
[2026-08-22 03:54:04] INFO Pedestrian AP@0.50, 0.50, 0.50:
bbox AP:64.9226, 57.0137, 49.1371
bev  AP:15.0819, 14.7680, 12.7577
3d   AP:13.9312, 12.5296, 12.0799
aos  AP:53.88, 47.06, 40.55
Pedestrian AP_R40@0.50, 0.50, 0.50:
bbox AP:65.8530, 57.1463, 48.5926
bev  AP:8.9047, 7.6430, 6.2792
3d   AP:7.2417, 5.9588, 4.9943
aos  AP:53.17, 45.85, 38.72
Pedestrian AP@0.50, 0.25, 0.25:
bbox AP:64.9226, 57.0137, 49.1371
bev  AP:31.1374, 26.6314, 24.7076
3d   AP:30.7199, 26.3449, 24.5571
aos  AP:53.88, 47.06, 40.55
Pedestrian AP_R40@0.50, 0.25, 0.25:
bbox AP:65.8530, 57.1463, 48.5926
bev  AP:27.5990, 23.2529, 19.3951
3d   AP:26.4862, 22.9668, 19.0792
aos  AP:53.17, 45.85, 38.72

[2026-08-22 03:55:50] INFO Car AP@0.70, 0.70, 0.70:
bbox AP:84.8878, 75.4435, 67.6729
bev  AP:25.2816, 20.9187, 17.7230
3d   AP:13.3967, 15.0042, 14.3273
aos  AP:83.17, 72.40, 63.81
Car AP_R40@0.70, 0.70, 0.70:
bbox AP:87.5163, 77.4307, 70.8266
bev  AP:20.5319, 15.4098, 12.6770
3d   AP:11.4762, 8.8227, 7.5106
aos  AP:85.58, 74.04, 66.24
Car AP@0.70, 0.50, 0.50:
bbox AP:84.8878, 75.4435, 67.6729
bev  AP:54.1661, 40.6733, 35.4610
3d   AP:47.8563, 35.4980, 32.7601
aos  AP:83.17, 72.40, 63.81
Car AP_R40@0.70, 0.50, 0.50:
bbox AP:87.5163, 77.4307, 70.8266
bev  AP:52.3242, 37.4975, 33.0040
3d   AP:46.4123, 33.7070, 28.5663
aos  AP:85.58, 74.04, 66.24

[2026-08-22 03:57:35] INFO Cyclist AP@0.50, 0.50, 0.50:
bbox AP:48.3091, 30.2297, 30.2689
bev  AP:11.9559, 9.9373, 9.6915
3d   AP:11.1273, 9.6317, 9.6508
aos  AP:38.13, 24.04, 23.74
Cyclist AP_R40@0.50, 0.50, 0.50:
bbox AP:45.7405, 27.4398, 26.4492
bev  AP:3.9230, 2.1250, 1.8137
3d   AP:3.3472, 1.6549, 1.6429
aos  AP:36.53, 21.84, 20.96
Cyclist AP@0.50, 0.25, 0.25:
bbox AP:48.3091, 30.2297, 30.2689
bev  AP:18.7301, 14.4169, 13.8676
3d   AP:18.5276, 13.8074, 13.6990
aos  AP:38.13, 24.04, 23.74
Cyclist AP_R40@0.50, 0.25, 0.25:
bbox AP:45.7405, 27.4398, 26.4492
bev  AP:12.9768, 7.3089, 6.6835
3d   AP:12.8079, 6.7619, 6.4596
aos  AP:36.53, 21.84, 20.96

[2026-08-22 03:57:35] INFO   Val Car Moderate mAP: 8.8227
[2026-08-22 03:57:36] INFO   Best: 10.6217 @ epoch 194
[2026-08-22 03:58:16] INFO Epoch[199] [37/371]  total=27.6940  loss_ce=0.1249  loss_bbox=0.0195  loss_depth=2.3457  loss_center=0.0132
[2026-08-22 03:58:56] INFO Epoch[199] [74/371]  total=34.9674  loss_ce=0.1731  loss_bbox=0.0503  loss_depth=1.3248  loss_center=0.0243
[2026-08-22 03:59:37] INFO Epoch[199] [111/371]  total=28.7635  loss_ce=0.0814  loss_bbox=0.0299  loss_depth=1.6705  loss_center=0.0191
[2026-08-22 04:00:18] INFO Epoch[199] [148/371]  total=14.8994  loss_ce=0.0880  loss_bbox=0.0213  loss_depth=0.7861  loss_center=0.0102
[2026-08-22 04:00:59] INFO Epoch[199] [185/371]  total=6.1091  loss_ce=0.0316  loss_bbox=0.0133  loss_depth=0.2043  loss_center=0.0056
[2026-08-22 04:01:39] INFO Epoch[199] [222/371]  total=4.8714  loss_ce=0.0490  loss_bbox=0.0074  loss_depth=-0.0069  loss_center=0.0033
[2026-08-22 04:02:20] INFO Epoch[199] [259/371]  total=12.8019  loss_ce=0.0898  loss_bbox=0.0157  loss_depth=0.4123  loss_center=0.0063
[2026-08-22 04:03:01] INFO Epoch[199] [296/371]  total=18.4810  loss_ce=0.1430  loss_bbox=0.0379  loss_depth=0.8885  loss_center=0.0203
[2026-08-22 04:03:42] INFO Epoch[199] [333/371]  total=0.3629  loss_ce=0.0007  loss_bbox=0.0015  loss_depth=-0.1064  loss_center=0.0004
[2026-08-22 04:04:23] INFO Epoch[199] [370/371]  total=1.8163  loss_ce=0.0180  loss_bbox=0.0027  loss_depth=0.0049  loss_center=0.0010
[2026-08-22 04:04:24] INFO Epoch [199/249] avg_loss=10.6273  time=408.3s  lr=2.00e-05
[2026-08-22 04:04:24] INFO Checkpoint saved after epoch 199
[2026-08-22 04:10:02] INFO ==> Loading detections and GTs...
[2026-08-22 04:10:03] INFO ==> Evaluating (official)...
[2026-08-22 04:11:46] INFO Pedestrian AP@0.50, 0.50, 0.50:
bbox AP:65.0409, 56.8985, 49.2211
bev  AP:15.6581, 14.7198, 12.7509
3d   AP:14.2758, 12.3659, 11.9835
aos  AP:54.02, 46.95, 40.62
Pedestrian AP_R40@0.50, 0.50, 0.50:
bbox AP:65.8234, 55.4976, 48.6457
bev  AP:9.2451, 7.6801, 6.3743
3d   AP:7.1680, 5.9163, 4.8076
aos  AP:53.17, 44.60, 38.68
Pedestrian AP@0.50, 0.25, 0.25:
bbox AP:65.0409, 56.8985, 49.2211
bev  AP:32.8210, 27.5186, 25.2570
3d   AP:32.5941, 27.3371, 25.0347
aos  AP:54.02, 46.95, 40.62
Pedestrian AP_R40@0.50, 0.25, 0.25:
bbox AP:65.8234, 55.4976, 48.6457
bev  AP:29.9764, 25.1809, 20.2868
3d   AP:29.5556, 24.0582, 20.0001
aos  AP:53.17, 44.60, 38.68

[2026-08-22 04:13:32] INFO Car AP@0.70, 0.70, 0.70:
bbox AP:84.1331, 75.3695, 67.5671
bev  AP:24.1084, 21.4005, 18.2479
3d   AP:14.4939, 15.7770, 14.7035
aos  AP:82.47, 72.29, 63.71
Car AP_R40@0.70, 0.70, 0.70:
bbox AP:86.6150, 77.1946, 70.6610
bev  AP:21.5611, 16.0582, 13.2533
3d   AP:12.7529, 9.5576, 8.1203
aos  AP:84.74, 73.76, 66.08
Car AP@0.70, 0.50, 0.50:
bbox AP:84.1331, 75.3695, 67.5671
bev  AP:54.2748, 40.8349, 35.7311
3d   AP:48.2218, 35.7770, 33.3348
aos  AP:82.47, 72.29, 63.71
Car AP_R40@0.70, 0.50, 0.50:
bbox AP:86.6150, 77.1946, 70.6610
bev  AP:52.1884, 37.6182, 33.2791
3d   AP:46.7171, 34.1384, 29.9742
aos  AP:84.74, 73.76, 66.08

[2026-08-22 04:15:17] INFO Cyclist AP@0.50, 0.50, 0.50:
bbox AP:47.7207, 30.0174, 30.0522
bev  AP:11.1604, 9.6098, 9.6286
3d   AP:11.0795, 9.5799, 9.5987
aos  AP:38.40, 23.78, 23.65
Cyclist AP_R40@0.50, 0.50, 0.50:
bbox AP:45.1287, 26.4417, 26.2126
bev  AP:3.0589, 1.6540, 1.5946
3d   AP:2.9334, 1.5090, 1.4411
aos  AP:36.32, 21.12, 20.81
Cyclist AP@0.50, 0.25, 0.25:
bbox AP:47.7207, 30.0174, 30.0522
bev  AP:18.1471, 13.9143, 13.9558
3d   AP:18.0985, 13.8996, 13.9146
aos  AP:38.40, 23.78, 23.65
Cyclist AP_R40@0.50, 0.25, 0.25:
bbox AP:45.1287, 26.4417, 26.2126
bev  AP:11.7043, 6.6013, 6.2755
3d   AP:11.6761, 6.4710, 6.2152
aos  AP:36.32, 21.12, 20.81

[2026-08-22 04:15:17] INFO   Val Car Moderate mAP: 9.5576
[2026-08-22 04:15:17] INFO   Best: 10.6217 @ epoch 194
[2026-08-22 04:15:58] INFO Epoch[200] [37/371]  total=26.0231  loss_ce=0.1744  loss_bbox=0.0211  loss_depth=2.0788  loss_center=0.0122
[2026-08-22 04:16:38] INFO Epoch[200] [74/371]  total=5.0723  loss_ce=0.0182  loss_bbox=0.0053  loss_depth=0.2299  loss_center=0.0029
[2026-08-22 04:17:19] INFO Epoch[200] [111/371]  total=6.9345  loss_ce=0.0258  loss_bbox=0.0107  loss_depth=0.4590  loss_center=0.0044
[2026-08-22 04:17:59] INFO Epoch[200] [148/371]  total=5.3367  loss_ce=0.0370  loss_bbox=0.0070  loss_depth=0.2534  loss_center=0.0028
[2026-08-22 04:18:40] INFO Epoch[200] [185/371]  total=6.5770  loss_ce=0.0447  loss_bbox=0.0217  loss_depth=-0.1582  loss_center=0.0124
[2026-08-22 04:19:21] INFO Epoch[200] [222/371]  total=18.3026  loss_ce=0.0745  loss_bbox=0.0152  loss_depth=1.4113  loss_center=0.0089
[2026-08-22 04:20:02] INFO Epoch[200] [259/371]  total=10.5808  loss_ce=0.0225  loss_bbox=0.0096  loss_depth=0.6203  loss_center=0.0037
[2026-08-22 04:20:42] INFO Epoch[200] [296/371]  total=0.2086  loss_ce=0.0127  loss_bbox=0.0061  loss_depth=-0.2899  loss_center=0.0039
[2026-08-22 04:21:23] INFO Epoch[200] [333/371]  total=13.5175  loss_ce=0.1128  loss_bbox=0.0161  loss_depth=0.8944  loss_center=0.0083
[2026-08-22 04:22:03] INFO Epoch[200] [370/371]  total=13.4265  loss_ce=0.1233  loss_bbox=0.0390  loss_depth=-0.0376  loss_center=0.0178
[2026-08-22 04:22:04] INFO Epoch [200/249] avg_loss=10.3728  time=407.4s  lr=2.00e-05
[2026-08-22 04:22:05] INFO Checkpoint saved after epoch 200
[2026-08-22 04:27:39] INFO ==> Loading detections and GTs...
[2026-08-22 04:27:40] INFO ==> Evaluating (official)...
[2026-08-22 04:29:19] INFO Pedestrian AP@0.50, 0.50, 0.50:
bbox AP:65.5375, 57.4163, 49.4582
bev  AP:15.3695, 14.9297, 12.8271
3d   AP:14.2640, 12.6218, 12.2882
aos  AP:54.46, 47.67, 40.91
Pedestrian AP_R40@0.50, 0.50, 0.50:
bbox AP:64.9978, 56.0805, 47.2874
bev  AP:9.0292, 7.6881, 6.3202
3d   AP:7.5247, 6.1873, 5.1279
aos  AP:52.69, 45.24, 37.95
Pedestrian AP@0.50, 0.25, 0.25:
bbox AP:65.5375, 57.4163, 49.4582
bev  AP:31.6831, 27.1456, 25.1409
3d   AP:30.8962, 26.7352, 21.4818
aos  AP:54.46, 47.67, 40.91
Pedestrian AP_R40@0.50, 0.25, 0.25:
bbox AP:64.9978, 56.0805, 47.2874
bev  AP:28.7280, 23.8381, 19.8679
3d   AP:27.9919, 23.3713, 18.5798
aos  AP:52.69, 45.24, 37.95

[2026-08-22 04:30:59] INFO Car AP@0.70, 0.70, 0.70:
bbox AP:85.0337, 75.4765, 67.7854
bev  AP:23.2453, 19.1488, 17.6032
3d   AP:12.8931, 14.5956, 12.7852
aos  AP:83.49, 72.63, 64.07
Car AP_R40@0.70, 0.70, 0.70:
bbox AP:86.1341, 75.7986, 69.0823
bev  AP:20.8462, 14.7585, 12.5534
3d   AP:10.9881, 8.5182, 6.7963
aos  AP:84.50, 72.79, 64.89
Car AP@0.70, 0.50, 0.50:
bbox AP:85.0337, 75.4765, 67.7854
bev  AP:50.9538, 40.5362, 35.0578
3d   AP:47.7249, 35.2203, 32.5304
aos  AP:83.49, 72.63, 64.07
Car AP_R40@0.70, 0.50, 0.50:
bbox AP:86.1341, 75.7986, 69.0823
bev  AP:51.0607, 37.0992, 31.6469
3d   AP:45.5064, 32.6123, 28.2599
aos  AP:84.50, 72.79, 64.89

[2026-08-22 04:32:38] INFO Cyclist AP@0.50, 0.50, 0.50:
bbox AP:49.5223, 31.1282, 30.7532
bev  AP:6.6667, 5.2164, 5.2286
3d   AP:6.5818, 5.1638, 5.1760
aos  AP:38.82, 24.42, 24.03
Cyclist AP_R40@0.50, 0.50, 0.50:
bbox AP:47.8035, 27.7428, 27.3137
bev  AP:3.3319, 1.6912, 1.6674
3d   AP:2.9541, 1.5140, 1.4538
aos  AP:37.58, 21.65, 21.27
Cyclist AP@0.50, 0.25, 0.25:
bbox AP:49.5223, 31.1282, 30.7532
bev  AP:13.9549, 9.5788, 9.5406
3d   AP:13.8198, 9.3801, 9.4210
aos  AP:38.82, 24.42, 24.03
Cyclist AP_R40@0.50, 0.25, 0.25:
bbox AP:47.8035, 27.7428, 27.3137
bev  AP:12.4715, 7.0601, 6.4818
3d   AP:11.9652, 6.5141, 6.3497
aos  AP:37.58, 21.65, 21.27

[2026-08-22 04:32:38] INFO   Val Car Moderate mAP: 8.5182
[2026-08-22 04:32:39] INFO   Best: 10.6217 @ epoch 194
[2026-08-22 04:33:20] INFO Epoch[201] [37/371]  total=9.4346  loss_ce=0.0600  loss_bbox=0.0113  loss_depth=0.1726  loss_center=0.0062
[2026-08-22 04:34:00] INFO Epoch[201] [74/371]  total=9.1689  loss_ce=0.0455  loss_bbox=0.0070  loss_depth=0.5515  loss_center=0.0046
[2026-08-22 04:34:40] INFO Epoch[201] [111/371]  total=17.8698  loss_ce=0.0704  loss_bbox=0.0189  loss_depth=1.0298  loss_center=0.0087
[2026-08-22 04:35:22] INFO Epoch[201] [148/371]  total=11.7113  loss_ce=0.0296  loss_bbox=0.0080  loss_depth=0.8130  loss_center=0.0053
[2026-08-22 04:36:03] INFO Epoch[201] [185/371]  total=3.2428  loss_ce=0.0060  loss_bbox=0.0027  loss_depth=0.1717  loss_center=0.0013
[2026-08-22 04:36:45] INFO Epoch[201] [222/371]  total=9.5834  loss_ce=0.0649  loss_bbox=0.0096  loss_depth=0.2463  loss_center=0.0073
[2026-08-22 04:37:26] INFO Epoch[201] [259/371]  total=11.4862  loss_ce=0.0485  loss_bbox=0.0068  loss_depth=0.5545  loss_center=0.0059
[2026-08-22 04:38:08] INFO Epoch[201] [296/371]  total=18.5704  loss_ce=0.0839  loss_bbox=0.0349  loss_depth=0.4376  loss_center=0.0189
[2026-08-22 04:38:49] INFO Epoch[201] [333/371]  total=18.8624  loss_ce=0.1687  loss_bbox=0.0118  loss_depth=1.2352  loss_center=0.0083
[2026-08-22 04:39:31] INFO Epoch[201] [370/371]  total=3.4919  loss_ce=0.0081  loss_bbox=0.0059  loss_depth=0.1470  loss_center=0.0043
[2026-08-22 04:39:32] INFO Epoch [201/249] avg_loss=10.5082  time=412.9s  lr=2.00e-05
[2026-08-22 04:39:32] INFO Checkpoint saved after epoch 201
[2026-08-22 04:45:09] INFO ==> Loading detections and GTs...
[2026-08-22 04:45:09] INFO ==> Evaluating (official)...
[2026-08-22 04:46:51] INFO Pedestrian AP@0.50, 0.50, 0.50:
bbox AP:65.2724, 57.0967, 49.3291
bev  AP:16.2567, 14.9547, 13.1500
3d   AP:14.8478, 14.3386, 12.5579
aos  AP:54.50, 47.39, 40.93
Pedestrian AP_R40@0.50, 0.50, 0.50:
bbox AP:66.0483, 57.2983, 48.7124
bev  AP:9.8504, 8.3859, 7.0123
3d   AP:8.0144, 7.1244, 5.3324
aos  AP:53.67, 46.36, 39.08
Pedestrian AP@0.50, 0.25, 0.25:
bbox AP:65.2724, 57.0967, 49.3291
bev  AP:32.4755, 27.6852, 25.1924
3d   AP:32.2740, 27.5487, 25.1119
aos  AP:54.50, 47.39, 40.93
Pedestrian AP_R40@0.50, 0.25, 0.25:
bbox AP:66.0483, 57.2983, 48.7124
bev  AP:29.8045, 25.0883, 20.2680
3d   AP:28.8726, 24.0512, 20.1470
aos  AP:53.67, 46.36, 39.08

[2026-08-22 04:48:33] INFO Car AP@0.70, 0.70, 0.70:
bbox AP:83.9283, 75.0102, 67.3826
bev  AP:24.9416, 22.1492, 18.8647
3d   AP:14.4907, 15.9604, 14.7495
aos  AP:82.35, 72.10, 63.67
Car AP_R40@0.70, 0.70, 0.70:
bbox AP:86.5035, 76.9708, 70.4779
bev  AP:22.9286, 17.3179, 14.5021
3d   AP:12.7806, 9.5677, 8.1894
aos  AP:84.74, 73.72, 66.04
Car AP@0.70, 0.50, 0.50:
bbox AP:83.9283, 75.0102, 67.3826
bev  AP:55.0683, 41.9152, 36.2121
3d   AP:49.0734, 36.3852, 34.2034
aos  AP:82.35, 72.10, 63.67
Car AP_R40@0.70, 0.50, 0.50:
bbox AP:86.5035, 76.9708, 70.4779
bev  AP:53.1251, 39.3797, 33.8852
3d   AP:48.7577, 34.9855, 30.7344
aos  AP:84.74, 73.72, 66.04

[2026-08-22 04:50:14] INFO Cyclist AP@0.50, 0.50, 0.50:
bbox AP:48.0706, 31.6339, 31.2016
bev  AP:5.5739, 3.1385, 3.0615
3d   AP:4.4521, 2.9566, 2.9813
aos  AP:36.92, 23.82, 23.22
Cyclist AP_R40@0.50, 0.50, 0.50:
bbox AP:47.5325, 28.1660, 27.1748
bev  AP:4.3632, 2.2678, 1.9625
3d   AP:3.6264, 1.8087, 1.8617
aos  AP:36.53, 21.48, 20.68
Cyclist AP@0.50, 0.25, 0.25:
bbox AP:48.0706, 31.6339, 31.2016
bev  AP:15.4119, 9.8926, 10.2797
3d   AP:14.5491, 9.3817, 9.6046
aos  AP:36.92, 23.82, 23.22
Cyclist AP_R40@0.50, 0.25, 0.25:
bbox AP:47.5325, 28.1660, 27.1748
bev  AP:13.9196, 7.6226, 7.6062
3d   AP:13.0461, 7.1603, 6.7945
aos  AP:36.53, 21.48, 20.68

[2026-08-22 04:50:14] INFO   Val Car Moderate mAP: 9.5677
[2026-08-22 04:50:14] INFO   Best: 10.6217 @ epoch 194
[2026-08-22 04:50:55] INFO Epoch[202] [37/371]  total=0.7066  loss_ce=0.0021  loss_bbox=0.0005  loss_depth=-0.0463  loss_center=0.0005
[2026-08-22 04:51:36] INFO Epoch[202] [74/371]  total=20.7117  loss_ce=0.0947  loss_bbox=0.0248  loss_depth=1.1993  loss_center=0.0128
[2026-08-22 04:52:17] INFO Epoch[202] [111/371]  total=4.4054  loss_ce=0.0227  loss_bbox=0.0010  loss_depth=0.1966  loss_center=0.0023
[2026-08-22 04:52:58] INFO Epoch[202] [148/371]  total=1.2848  loss_ce=0.0015  loss_bbox=0.0014  loss_depth=-0.0590  loss_center=0.0011
[2026-08-22 04:53:40] INFO Epoch[202] [185/371]  total=9.5062  loss_ce=0.0293  loss_bbox=0.0097  loss_depth=0.6714  loss_center=0.0042
[2026-08-22 04:54:21] INFO Epoch[202] [222/371]  total=3.2204  loss_ce=0.0133  loss_bbox=0.0027  loss_depth=0.1346  loss_center=0.0010
[2026-08-22 04:55:03] INFO Epoch[202] [259/371]  total=10.8866  loss_ce=0.0291  loss_bbox=0.0187  loss_depth=0.2732  loss_center=0.0050
[2026-08-22 04:55:44] INFO Epoch[202] [296/371]  total=7.8204  loss_ce=0.0225  loss_bbox=0.0044  loss_depth=0.2551  loss_center=0.0030
[2026-08-22 04:56:25] INFO Epoch[202] [333/371]  total=4.0108  loss_ce=0.0021  loss_bbox=0.0010  loss_depth=0.2175  loss_center=0.0006
[2026-08-22 04:57:06] INFO Epoch[202] [370/371]  total=13.4327  loss_ce=0.0936  loss_bbox=0.0191  loss_depth=0.6480  loss_center=0.0103
[2026-08-22 04:57:08] INFO Epoch [202/249] avg_loss=10.0615  time=413.2s  lr=2.00e-05
[2026-08-22 04:57:08] INFO Checkpoint saved after epoch 202
[2026-08-22 05:02:45] INFO ==> Loading detections and GTs...
[2026-08-22 05:02:45] INFO ==> Evaluating (official)...
[2026-08-22 05:04:24] INFO Pedestrian AP@0.50, 0.50, 0.50:
bbox AP:65.1042, 56.8557, 49.0784
bev  AP:15.6459, 14.7653, 12.8701
3d   AP:14.7006, 12.5447, 12.4573
aos  AP:54.98, 47.61, 41.11
Pedestrian AP_R40@0.50, 0.50, 0.50:
bbox AP:64.5375, 53.9412, 46.8976
bev  AP:9.3430, 7.8596, 6.5743
3d   AP:7.8552, 6.4971, 5.3926
aos  AP:53.43, 44.28, 38.13
Pedestrian AP@0.50, 0.25, 0.25:
bbox AP:65.1042, 56.8557, 49.0784
bev  AP:32.4083, 27.3758, 25.3413
3d   AP:31.6868, 27.1387, 25.0132
aos  AP:54.98, 47.61, 41.11
Pedestrian AP_R40@0.50, 0.25, 0.25:
bbox AP:64.5375, 53.9412, 46.8976
bev  AP:28.9436, 24.1548, 20.2227
3d   AP:28.4062, 23.7894, 19.7994
aos  AP:53.43, 44.28, 38.13

[2026-08-22 05:06:04] INFO Car AP@0.70, 0.70, 0.70:
bbox AP:84.3772, 75.5118, 67.6212
bev  AP:24.4832, 18.6259, 17.2969
3d   AP:12.1705, 10.1433, 8.5972
aos  AP:82.76, 72.50, 63.86
Car AP_R40@0.70, 0.70, 0.70:
bbox AP:87.0613, 77.4791, 70.8044
bev  AP:19.0674, 14.0265, 12.0275
3d   AP:9.8885, 7.6362, 6.4827
aos  AP:85.22, 74.12, 66.30
Car AP@0.70, 0.50, 0.50:
bbox AP:84.3772, 75.5118, 67.6212
bev  AP:51.1097, 40.6526, 34.9699
3d   AP:47.3558, 35.2137, 32.3609
aos  AP:82.76, 72.50, 63.86
Car AP_R40@0.70, 0.50, 0.50:
bbox AP:87.0613, 77.4791, 70.8044
bev  AP:51.1265, 37.1955, 31.6165
3d   AP:45.1015, 32.4655, 28.1692
aos  AP:85.22, 74.12, 66.30

[2026-08-22 05:07:43] INFO Cyclist AP@0.50, 0.50, 0.50:
bbox AP:49.4561, 30.6662, 30.8804
bev  AP:4.0260, 2.6024, 2.5488
3d   AP:3.5574, 2.2667, 2.3306
aos  AP:40.70, 25.76, 25.91
Cyclist AP_R40@0.50, 0.50, 0.50:
bbox AP:46.8034, 27.3342, 27.3090
bev  AP:3.0497, 1.6712, 1.5153
3d   AP:2.6680, 1.3009, 1.3100
aos  AP:37.11, 21.50, 21.40
Cyclist AP@0.50, 0.25, 0.25:
bbox AP:49.4561, 30.6662, 30.8804
bev  AP:12.8258, 8.4529, 8.7309
3d   AP:12.7533, 8.3878, 8.6171
aos  AP:40.70, 25.76, 25.91
Cyclist AP_R40@0.50, 0.25, 0.25:
bbox AP:46.8034, 27.3342, 27.3090
bev  AP:11.5665, 6.3941, 6.4915
3d   AP:11.3380, 6.2341, 6.0527
aos  AP:37.11, 21.50, 21.40

[2026-08-22 05:07:43] INFO   Val Car Moderate mAP: 7.6362
[2026-08-22 05:07:43] INFO   Best: 10.6217 @ epoch 194
[2026-08-22 05:08:24] INFO Epoch[203] [37/371]  total=2.6718  loss_ce=0.0048  loss_bbox=0.0044  loss_depth=0.0956  loss_center=0.0019
[2026-08-22 05:09:04] INFO Epoch[203] [74/371]  total=14.0764  loss_ce=0.0568  loss_bbox=0.0143  loss_depth=0.2201  loss_center=0.0118
[2026-08-22 05:09:45] INFO Epoch[203] [111/371]  total=10.4853  loss_ce=0.0472  loss_bbox=0.0205  loss_depth=0.3809  loss_center=0.0073
[2026-08-22 05:10:26] INFO Epoch[203] [148/371]  total=4.2389  loss_ce=0.0258  loss_bbox=0.0094  loss_depth=-0.0795  loss_center=0.0028
[2026-08-22 05:11:06] INFO Epoch[203] [185/371]  total=4.9387  loss_ce=0.0294  loss_bbox=0.0021  loss_depth=0.3510  loss_center=0.0013
[2026-08-22 05:11:47] INFO Epoch[203] [222/371]  total=6.5250  loss_ce=0.0382  loss_bbox=0.0112  loss_depth=0.0491  loss_center=0.0072
[2026-08-22 05:12:28] INFO Epoch[203] [259/371]  total=11.1821  loss_ce=0.0503  loss_bbox=0.0119  loss_depth=0.8904  loss_center=0.0052
[2026-08-22 05:13:08] INFO Epoch[203] [296/371]  total=10.4385  loss_ce=0.0425  loss_bbox=0.0108  loss_depth=0.6021  loss_center=0.0051
[2026-08-22 05:13:49] INFO Epoch[203] [333/371]  total=17.0612  loss_ce=0.0707  loss_bbox=0.0136  loss_depth=1.0092  loss_center=0.0096
[2026-08-22 05:14:30] INFO Epoch[203] [370/371]  total=8.2358  loss_ce=0.0175  loss_bbox=0.0057  loss_depth=0.6317  loss_center=0.0024
[2026-08-22 05:14:31] INFO Epoch [203/249] avg_loss=10.1485  time=408.1s  lr=2.00e-05
[2026-08-22 05:14:32] INFO Checkpoint saved after epoch 203
[2026-08-22 05:20:07] INFO ==> Loading detections and GTs...
[2026-08-22 05:20:07] INFO ==> Evaluating (official)...
[2026-08-22 05:21:48] INFO Pedestrian AP@0.50, 0.50, 0.50:
bbox AP:66.1984, 57.8034, 49.8345
bev  AP:16.1338, 15.0352, 13.0682
3d   AP:14.8317, 14.4390, 12.3843
aos  AP:55.63, 48.23, 41.45
Pedestrian AP_R40@0.50, 0.50, 0.50:
bbox AP:67.2752, 56.4953, 47.5718
bev  AP:9.9248, 8.2045, 6.8454
3d   AP:7.9810, 6.9263, 5.2644
aos  AP:55.29, 46.13, 38.58
Pedestrian AP@0.50, 0.25, 0.25:
bbox AP:66.1984, 57.8034, 49.8345
bev  AP:31.9075, 27.1897, 25.0235
3d   AP:31.4741, 26.8177, 24.8222
aos  AP:55.63, 48.23, 41.45
Pedestrian AP_R40@0.50, 0.25, 0.25:
bbox AP:67.2752, 56.4953, 47.5718
bev  AP:28.2348, 23.6940, 19.8632
3d   AP:27.8091, 23.3790, 19.5776
aos  AP:55.29, 46.13, 38.58

[2026-08-22 05:23:28] INFO Car AP@0.70, 0.70, 0.70:
bbox AP:84.2952, 75.5300, 67.7403
bev  AP:27.0471, 22.5328, 18.8707
3d   AP:19.0693, 16.1850, 14.9120
aos  AP:82.73, 72.53, 63.98
Car AP_R40@0.70, 0.70, 0.70:
bbox AP:87.0233, 77.4823, 70.8551
bev  AP:23.0611, 17.3341, 14.5404
3d   AP:12.8799, 10.1777, 8.3573
aos  AP:85.24, 74.16, 66.38
Car AP@0.70, 0.50, 0.50:
bbox AP:84.2952, 75.5300, 67.7403
bev  AP:56.2754, 43.1616, 36.9454
3d   AP:49.7988, 40.2330, 35.0558
aos  AP:82.73, 72.53, 63.98
Car AP_R40@0.70, 0.50, 0.50:
bbox AP:87.0233, 77.4823, 70.8551
bev  AP:55.0683, 40.3338, 35.9183
3d   AP:49.4524, 36.7125, 32.4856
aos  AP:85.24, 74.16, 66.38

[2026-08-22 05:25:09] INFO Cyclist AP@0.50, 0.50, 0.50:
bbox AP:48.9668, 30.2278, 30.4931
bev  AP:5.3705, 3.2729, 3.2773
3d   AP:4.4321, 2.8427, 2.6094
aos  AP:38.96, 23.98, 24.05
Cyclist AP_R40@0.50, 0.50, 0.50:
bbox AP:46.3139, 27.1374, 27.1830
bev  AP:4.2345, 2.2657, 2.2343
3d   AP:3.3807, 2.0027, 1.6106
aos  AP:36.88, 21.24, 21.32
Cyclist AP@0.50, 0.25, 0.25:
bbox AP:48.9668, 30.2278, 30.4931
bev  AP:13.2387, 9.1199, 8.5800
3d   AP:13.1975, 8.9028, 8.5139
aos  AP:38.96, 23.98, 24.05
Cyclist AP_R40@0.50, 0.25, 0.25:
bbox AP:46.3139, 27.1374, 27.1830
bev  AP:12.2912, 7.0855, 6.4742
3d   AP:12.2146, 6.6154, 6.2994
aos  AP:36.88, 21.24, 21.32

[2026-08-22 05:25:09] INFO   Val Car Moderate mAP: 10.1777
[2026-08-22 05:25:09] INFO   Best: 10.6217 @ epoch 194
[2026-08-22 05:25:50] INFO Epoch[204] [37/371]  total=3.3368  loss_ce=0.0292  loss_bbox=0.0079  loss_depth=0.1061  loss_center=0.0031
[2026-08-22 05:26:30] INFO Epoch[204] [74/371]  total=9.0948  loss_ce=0.0648  loss_bbox=0.0069  loss_depth=0.6363  loss_center=0.0039
[2026-08-22 05:27:11] INFO Epoch[204] [111/371]  total=10.7775  loss_ce=0.0436  loss_bbox=0.0169  loss_depth=0.6651  loss_center=0.0102
[2026-08-22 05:27:52] INFO Epoch[204] [148/371]  total=7.7599  loss_ce=0.0249  loss_bbox=0.0038  loss_depth=0.6971  loss_center=0.0026
[2026-08-22 05:28:32] INFO Epoch[204] [185/371]  total=7.7767  loss_ce=0.0301  loss_bbox=0.0075  loss_depth=0.2211  loss_center=0.0058
[2026-08-22 05:29:13] INFO Epoch[204] [222/371]  total=14.1290  loss_ce=0.0985  loss_bbox=0.0074  loss_depth=0.8072  loss_center=0.0060
[2026-08-22 05:29:53] INFO Epoch[204] [259/371]  total=6.8619  loss_ce=0.0232  loss_bbox=0.0138  loss_depth=0.2543  loss_center=0.0048
[2026-08-22 05:30:33] INFO Epoch[204] [296/371]  total=13.8520  loss_ce=0.0978  loss_bbox=0.0110  loss_depth=1.1785  loss_center=0.0077
[2026-08-22 05:31:14] INFO Epoch[204] [333/371]  total=3.3686  loss_ce=0.0573  loss_bbox=0.0058  loss_depth=-0.1870  loss_center=0.0030
[2026-08-22 05:31:55] INFO Epoch[204] [370/371]  total=7.6169  loss_ce=0.0562  loss_bbox=0.0053  loss_depth=0.6179  loss_center=0.0028
[2026-08-22 05:31:56] INFO Epoch [204/249] avg_loss=10.3919  time=406.5s  lr=2.00e-05
[2026-08-22 05:31:56] INFO Checkpoint saved after epoch 204
[2026-08-22 05:37:31] INFO ==> Loading detections and GTs...
[2026-08-22 05:37:31] INFO ==> Evaluating (official)...
[2026-08-22 05:39:14] INFO Pedestrian AP@0.50, 0.50, 0.50:
bbox AP:65.2505, 57.2410, 49.2952
bev  AP:15.9490, 14.8082, 12.8342
3d   AP:15.0270, 12.6456, 12.5825
aos  AP:55.41, 48.24, 41.41
Pedestrian AP_R40@0.50, 0.50, 0.50:
bbox AP:64.5643, 55.7851, 47.0537
bev  AP:9.6311, 8.0782, 6.6823
3d   AP:8.1247, 6.4592, 5.4015
aos  AP:53.74, 46.06, 38.55
Pedestrian AP@0.50, 0.25, 0.25:
bbox AP:65.2505, 57.2410, 49.2952
bev  AP:31.9199, 27.3559, 24.9697
3d   AP:31.4046, 27.0473, 21.5590
aos  AP:55.41, 48.24, 41.41
Pedestrian AP_R40@0.50, 0.25, 0.25:
bbox AP:64.5643, 55.7851, 47.0537
bev  AP:28.6025, 23.7874, 19.8127
3d   AP:28.1017, 23.3824, 18.6116
aos  AP:53.74, 46.06, 38.55

[2026-08-22 05:40:56] INFO Car AP@0.70, 0.70, 0.70:
bbox AP:84.9796, 76.0057, 68.0674
bev  AP:24.7314, 18.7049, 17.4916
3d   AP:16.7826, 14.3953, 12.6513
aos  AP:83.22, 72.96, 64.25
Car AP_R40@0.70, 0.70, 0.70:
bbox AP:87.6433, 78.0053, 71.2610
bev  AP:19.4530, 14.3137, 12.2124
3d   AP:10.1094, 7.7541, 6.5604
aos  AP:85.64, 74.61, 66.74
Car AP@0.70, 0.50, 0.50:
bbox AP:84.9796, 76.0057, 68.0674
bev  AP:50.4075, 40.2738, 34.7682
3d   AP:46.2453, 34.6580, 32.1459
aos  AP:83.22, 72.96, 64.25
Car AP_R40@0.70, 0.50, 0.50:
bbox AP:87.6433, 78.0053, 71.2610
bev  AP:50.3226, 36.8651, 31.3836
3d   AP:44.0115, 32.0045, 27.7500
aos  AP:85.64, 74.61, 66.74

[2026-08-22 05:42:38] INFO Cyclist AP@0.50, 0.50, 0.50:
bbox AP:47.5612, 29.9418, 29.4363
bev  AP:5.0636, 3.1494, 2.9975
3d   AP:3.5618, 2.4420, 2.4403
aos  AP:38.98, 24.53, 24.02
Cyclist AP_R40@0.50, 0.50, 0.50:
bbox AP:45.0535, 26.2818, 26.1921
bev  AP:3.7524, 2.1688, 1.8599
3d   AP:2.6816, 1.4665, 1.4134
aos  AP:36.63, 21.15, 20.93
Cyclist AP@0.50, 0.25, 0.25:
bbox AP:47.5612, 29.9418, 29.4363
bev  AP:13.2968, 8.8676, 8.8626
3d   AP:13.1818, 8.6893, 8.8354
aos  AP:38.98, 24.53, 24.02
Cyclist AP_R40@0.50, 0.25, 0.25:
bbox AP:45.0535, 26.2818, 26.1921
bev  AP:11.9849, 6.8892, 6.3485
3d   AP:11.7836, 6.8023, 6.2487
aos  AP:36.63, 21.15, 20.93

[2026-08-22 05:42:38] INFO   Val Car Moderate mAP: 7.7541
[2026-08-22 05:42:38] INFO   Best: 10.6217 @ epoch 194
[2026-08-22 05:43:19] INFO Epoch[205] [37/371]  total=10.6671  loss_ce=0.0533  loss_bbox=0.0171  loss_depth=0.2088  loss_center=0.0093
[2026-08-22 05:43:59] INFO Epoch[205] [74/371]  total=12.1240  loss_ce=0.0565  loss_bbox=0.0140  loss_depth=0.5941  loss_center=0.0085
[2026-08-22 05:44:40] INFO Epoch[205] [111/371]  total=4.8120  loss_ce=0.0443  loss_bbox=0.0062  loss_depth=0.2225  loss_center=0.0029
[2026-08-22 05:45:21] INFO Epoch[205] [148/371]  total=4.3597  loss_ce=0.0183  loss_bbox=0.0036  loss_depth=0.2503  loss_center=0.0013
[2026-08-22 05:46:02] INFO Epoch[205] [185/371]  total=4.3997  loss_ce=0.0040  loss_bbox=0.0034  loss_depth=0.2155  loss_center=0.0016
[2026-08-22 05:46:43] INFO Epoch[205] [222/371]  total=13.3295  loss_ce=0.1037  loss_bbox=0.0156  loss_depth=0.4757  loss_center=0.0083
[2026-08-22 05:47:25] INFO Epoch[205] [259/371]  total=5.5374  loss_ce=0.0256  loss_bbox=0.0106  loss_depth=0.1493  loss_center=0.0049
[2026-08-22 05:48:07] INFO Epoch[205] [296/371]  total=11.4579  loss_ce=0.0856  loss_bbox=0.0189  loss_depth=0.2004  loss_center=0.0117
[2026-08-22 05:48:48] INFO Epoch[205] [333/371]  total=17.3011  loss_ce=0.1164  loss_bbox=0.0236  loss_depth=1.2078  loss_center=0.0111
[2026-08-22 05:49:30] INFO Epoch[205] [370/371]  total=15.4273  loss_ce=0.0778  loss_bbox=0.0164  loss_depth=0.8513  loss_center=0.0153
[2026-08-22 05:49:31] INFO Epoch [205/249] avg_loss=9.5819  time=412.3s  lr=2.00e-05
[2026-08-22 05:49:31] INFO Checkpoint saved after epoch 205
[2026-08-22 05:55:07] INFO ==> Loading detections and GTs...
[2026-08-22 05:55:07] INFO ==> Evaluating (official)...
[2026-08-22 05:56:48] INFO Pedestrian AP@0.50, 0.50, 0.50:
bbox AP:65.2611, 57.1410, 49.4157
bev  AP:15.7162, 14.8244, 12.8130
3d   AP:14.1550, 12.6297, 12.4573
aos  AP:54.52, 47.33, 40.99
Pedestrian AP_R40@0.50, 0.50, 0.50:
bbox AP:64.6630, 54.1675, 47.1465
bev  AP:9.3174, 7.7974, 6.5689
3d   AP:7.6063, 6.2845, 5.3236
aos  AP:52.85, 43.94, 37.97
Pedestrian AP@0.50, 0.25, 0.25:
bbox AP:65.2611, 57.1410, 49.4157
bev  AP:32.5271, 27.6270, 25.6863
3d   AP:31.7691, 27.1744, 25.2379
aos  AP:54.52, 47.33, 40.99
Pedestrian AP_R40@0.50, 0.25, 0.25:
bbox AP:64.6630, 54.1675, 47.1465
bev  AP:29.4297, 24.4496, 20.5597
3d   AP:28.5473, 23.8338, 19.9893
aos  AP:52.85, 43.94, 37.97

[2026-08-22 05:58:29] INFO Car AP@0.70, 0.70, 0.70:
bbox AP:84.8772, 75.7518, 67.9259
bev  AP:27.7834, 22.9839, 19.1424
3d   AP:19.2331, 16.4287, 15.1787
aos  AP:83.11, 72.57, 63.95
Car AP_R40@0.70, 0.70, 0.70:
bbox AP:87.5542, 77.8033, 71.1407
bev  AP:24.2192, 18.0141, 15.0715
3d   AP:13.0450, 10.5249, 9.0840
aos  AP:85.56, 74.28, 66.41
Car AP@0.70, 0.50, 0.50:
bbox AP:84.8772, 75.7518, 67.9259
bev  AP:55.6513, 43.0347, 36.9610
3d   AP:49.8113, 40.2366, 35.1143
aos  AP:83.11, 72.57, 63.95
Car AP_R40@0.70, 0.50, 0.50:
bbox AP:87.5542, 77.8033, 71.1407
bev  AP:54.8199, 40.2127, 35.9660
3d   AP:49.7498, 36.8060, 32.6977
aos  AP:85.56, 74.28, 66.41

[2026-08-22 06:00:09] INFO Cyclist AP@0.50, 0.50, 0.50:
bbox AP:44.0557, 29.4221, 29.2545
bev  AP:5.2173, 3.6035, 3.1343
3d   AP:4.8784, 2.8772, 2.8609
aos  AP:37.54, 25.17, 25.10
Cyclist AP_R40@0.50, 0.50, 0.50:
bbox AP:43.1988, 25.7174, 25.0387
bev  AP:3.9928, 2.4292, 2.1870
3d   AP:3.5524, 2.0069, 1.7805
aos  AP:34.90, 20.57, 19.88
Cyclist AP@0.50, 0.25, 0.25:
bbox AP:44.0557, 29.4221, 29.2545
bev  AP:13.9138, 9.6886, 9.3325
3d   AP:13.7555, 9.3708, 9.2103
aos  AP:37.54, 25.17, 25.10
Cyclist AP_R40@0.50, 0.25, 0.25:
bbox AP:43.1988, 25.7174, 25.0387
bev  AP:12.8564, 7.4232, 6.9596
3d   AP:12.7061, 6.9310, 6.6699
aos  AP:34.90, 20.57, 19.88

[2026-08-22 06:00:09] INFO   Val Car Moderate mAP: 10.5249
[2026-08-22 06:00:10] INFO   Best: 10.6217 @ epoch 194
[2026-08-22 06:00:51] INFO Epoch[206] [37/371]  total=16.9840  loss_ce=0.0755  loss_bbox=0.0218  loss_depth=1.1366  loss_center=0.0129
[2026-08-22 06:01:32] INFO Epoch[206] [74/371]  total=1.5208  loss_ce=0.0008  loss_bbox=0.0025  loss_depth=0.0936  loss_center=0.0011
[2026-08-22 06:02:13] INFO Epoch[206] [111/371]  total=6.6416  loss_ce=0.0668  loss_bbox=0.0050  loss_depth=0.3018  loss_center=0.0021
[2026-08-22 06:02:54] INFO Epoch[206] [148/371]  total=5.4597  loss_ce=0.0341  loss_bbox=0.0069  loss_depth=0.1068  loss_center=0.0045
[2026-08-22 06:03:35] INFO Epoch[206] [185/371]  total=14.6030  loss_ce=0.0712  loss_bbox=0.0139  loss_depth=1.1477  loss_center=0.0086
[2026-08-22 06:04:17] INFO Epoch[206] [222/371]  total=25.2774  loss_ce=0.1743  loss_bbox=0.0307  loss_depth=1.7072  loss_center=0.0176
[2026-08-22 06:04:58] INFO Epoch[206] [259/371]  total=22.4776  loss_ce=0.0881  loss_bbox=0.0299  loss_depth=1.4541  loss_center=0.0189
[2026-08-22 06:05:39] INFO Epoch[206] [296/371]  total=5.8574  loss_ce=0.0915  loss_bbox=0.0097  loss_depth=-0.0531  loss_center=0.0053
[2026-08-22 06:06:21] INFO Epoch[206] [333/371]  total=7.8648  loss_ce=0.0481  loss_bbox=0.0065  loss_depth=0.4380  loss_center=0.0039
[2026-08-22 06:07:02] INFO Epoch[206] [370/371]  total=5.0826  loss_ce=0.0120  loss_bbox=0.0086  loss_depth=0.4155  loss_center=0.0024
[2026-08-22 06:07:03] INFO Epoch [206/249] avg_loss=9.6472  time=413.9s  lr=2.00e-05
[2026-08-22 06:07:04] INFO Checkpoint saved after epoch 206
[2026-08-22 06:12:42] INFO ==> Loading detections and GTs...
[2026-08-22 06:12:43] INFO ==> Evaluating (official)...
[2026-08-22 06:14:27] INFO Pedestrian AP@0.50, 0.50, 0.50:
bbox AP:64.5198, 56.7409, 48.9590
bev  AP:16.1780, 15.1955, 13.1087
3d   AP:15.1714, 12.7610, 12.5701
aos  AP:54.33, 47.56, 40.98
Pedestrian AP_R40@0.50, 0.50, 0.50:
bbox AP:65.5074, 55.2370, 46.5739
bev  AP:9.8354, 8.1939, 6.9785
3d   AP:8.2478, 6.6966, 5.5357
aos  AP:53.73, 45.16, 37.77
Pedestrian AP@0.50, 0.25, 0.25:
bbox AP:64.5198, 56.7409, 48.9590
bev  AP:33.0384, 27.9395, 25.6633
3d   AP:32.5526, 27.6648, 25.4521
aos  AP:54.33, 47.56, 40.98
Pedestrian AP_R40@0.50, 0.25, 0.25:
bbox AP:65.5074, 55.2370, 46.5739
bev  AP:30.3809, 25.5866, 20.6583
3d   AP:29.1522, 24.3099, 20.3763
aos  AP:53.73, 45.16, 37.77

[2026-08-22 06:16:11] INFO Car AP@0.70, 0.70, 0.70:
bbox AP:83.8966, 74.9954, 67.3710
bev  AP:27.2496, 21.8639, 18.6654
3d   AP:18.6048, 15.6476, 14.6432
aos  AP:82.25, 72.08, 63.62
Car AP_R40@0.70, 0.70, 0.70:
bbox AP:86.1360, 76.8122, 70.3676
bev  AP:23.0585, 16.5675, 14.2289
3d   AP:12.4160, 9.3626, 7.9469
aos  AP:84.31, 73.59, 65.90
Car AP@0.70, 0.50, 0.50:
bbox AP:83.8966, 74.9954, 67.3710
bev  AP:54.5328, 41.2382, 35.8109
3d   AP:48.5129, 35.8745, 33.4117
aos  AP:82.25, 72.08, 63.62
Car AP_R40@0.70, 0.50, 0.50:
bbox AP:86.1360, 76.8122, 70.3676
bev  AP:52.6173, 38.8635, 33.3883
3d   AP:46.9711, 34.3137, 30.0006
aos  AP:84.31, 73.59, 65.90

[2026-08-22 06:17:54] INFO Cyclist AP@0.50, 0.50, 0.50:
bbox AP:45.2237, 29.4774, 29.4431
bev  AP:4.9603, 3.0633, 2.8480
3d   AP:3.5158, 2.5078, 2.2748
aos  AP:35.32, 23.11, 22.89
Cyclist AP_R40@0.50, 0.50, 0.50:
bbox AP:44.3362, 26.3023, 25.6132
bev  AP:3.7262, 2.1471, 1.8435
3d   AP:2.6332, 1.5133, 1.3220
aos  AP:34.54, 20.43, 19.70
Cyclist AP@0.50, 0.25, 0.25:
bbox AP:45.2237, 29.4774, 29.4431
bev  AP:14.4395, 9.7857, 9.0968
3d   AP:13.2533, 8.9930, 8.8091
aos  AP:35.32, 23.11, 22.89
Cyclist AP_R40@0.50, 0.25, 0.25:
bbox AP:44.3362, 26.3023, 25.6132
bev  AP:13.2429, 7.5182, 6.7050
3d   AP:11.7312, 6.6014, 6.2619
aos  AP:34.54, 20.43, 19.70

[2026-08-22 06:17:54] INFO   Val Car Moderate mAP: 9.3626
[2026-08-22 06:17:54] INFO   Best: 10.6217 @ epoch 194
[2026-08-22 06:18:35] INFO Epoch[207] [37/371]  total=2.3816  loss_ce=0.0099  loss_bbox=0.0038  loss_depth=-0.1329  loss_center=0.0027
[2026-08-22 06:19:16] INFO Epoch[207] [74/371]  total=7.8231  loss_ce=0.0207  loss_bbox=0.0064  loss_depth=0.4991  loss_center=0.0026
[2026-08-22 06:19:56] INFO Epoch[207] [111/371]  total=2.3288  loss_ce=0.0152  loss_bbox=0.0063  loss_depth=0.0200  loss_center=0.0021
[2026-08-22 06:20:37] INFO Epoch[207] [148/371]  total=24.2357  loss_ce=0.1503  loss_bbox=0.0165  loss_depth=1.2616  loss_center=0.0107
[2026-08-22 06:21:18] INFO Epoch[207] [185/371]  total=16.5331  loss_ce=0.0620  loss_bbox=0.0088  loss_depth=1.2165  loss_center=0.0070
[2026-08-22 06:21:59] INFO Epoch[207] [222/371]  total=7.4350  loss_ce=0.0534  loss_bbox=0.0131  loss_depth=-0.2757  loss_center=0.0044
[2026-08-22 06:22:39] INFO Epoch[207] [259/371]  total=1.3783  loss_ce=0.0094  loss_bbox=0.0028  loss_depth=-0.0255  loss_center=0.0011
[2026-08-22 06:23:20] INFO Epoch[207] [296/371]  total=3.8183  loss_ce=0.0037  loss_bbox=0.0055  loss_depth=0.4303  loss_center=0.0019
[2026-08-22 06:24:00] INFO Epoch[207] [333/371]  total=10.0369  loss_ce=0.0513  loss_bbox=0.0076  loss_depth=0.6538  loss_center=0.0038
[2026-08-22 06:24:41] INFO Epoch[207] [370/371]  total=20.8400  loss_ce=0.2205  loss_bbox=0.0463  loss_depth=0.6429  loss_center=0.0190
[2026-08-22 06:24:42] INFO Epoch [207/249] avg_loss=10.3089  time=407.5s  lr=2.00e-05
[2026-08-22 06:24:42] INFO Checkpoint saved after epoch 207
[2026-08-22 06:30:20] INFO ==> Loading detections and GTs...
[2026-08-22 06:30:21] INFO ==> Evaluating (official)...
[2026-08-22 06:31:57] INFO Pedestrian AP@0.50, 0.50, 0.50:
bbox AP:65.2544, 57.2490, 49.3231
bev  AP:15.6723, 14.8517, 12.9514
3d   AP:14.2139, 12.6860, 12.5098
aos  AP:54.25, 47.34, 40.83
Pedestrian AP_R40@0.50, 0.50, 0.50:
bbox AP:64.6975, 54.1983, 47.1201
bev  AP:9.1758, 8.0746, 6.7236
3d   AP:7.6435, 6.5888, 5.3604
aos  AP:52.57, 43.81, 37.78
Pedestrian AP@0.50, 0.25, 0.25:
bbox AP:65.2544, 57.2490, 49.3231
bev  AP:31.4382, 27.2205, 21.7433
3d   AP:31.0153, 26.8976, 21.5155
aos  AP:54.25, 47.34, 40.83
Pedestrian AP_R40@0.50, 0.25, 0.25:
bbox AP:64.6975, 54.1983, 47.1201
bev  AP:27.4022, 23.8107, 18.9031
3d   AP:26.7692, 22.3922, 18.5104
aos  AP:52.57, 43.81, 37.78

[2026-08-22 06:33:35] INFO Car AP@0.70, 0.70, 0.70:
bbox AP:84.2794, 75.5678, 67.7806
bev  AP:25.8738, 20.9413, 17.9180
3d   AP:13.1227, 11.1933, 10.6722
aos  AP:82.51, 72.56, 63.94
Car AP_R40@0.70, 0.70, 0.70:
bbox AP:85.2424, 77.5628, 70.9997
bev  AP:20.8642, 15.5831, 12.8196
3d   AP:11.1424, 8.7382, 7.4059
aos  AP:83.39, 74.21, 66.42
Car AP@0.70, 0.50, 0.50:
bbox AP:84.2794, 75.5678, 67.7806
bev  AP:54.4807, 41.3532, 35.7637
3d   AP:47.8648, 35.6230, 33.0508
aos  AP:82.51, 72.56, 63.94
Car AP_R40@0.70, 0.50, 0.50:
bbox AP:85.2424, 77.5628, 70.9997
bev  AP:52.6756, 38.9086, 33.4617
3d   AP:46.4490, 34.0489, 29.7693
aos  AP:83.39, 74.21, 66.42

[2026-08-22 06:35:10] INFO Cyclist AP@0.50, 0.50, 0.50:
bbox AP:47.5414, 31.1836, 31.5449
bev  AP:3.9593, 2.8420, 2.9123
3d   AP:3.4152, 2.6646, 2.6109
aos  AP:40.49, 26.76, 26.83
Cyclist AP_R40@0.50, 0.50, 0.50:
bbox AP:46.7646, 27.0525, 26.9078
bev  AP:3.2106, 1.7984, 1.7259
3d   AP:2.6024, 1.5899, 1.5183
aos  AP:38.15, 21.94, 21.64
Cyclist AP@0.50, 0.25, 0.25:
bbox AP:47.5414, 31.1836, 31.5449
bev  AP:14.5770, 9.6489, 9.1450
3d   AP:12.9160, 9.5065, 7.6513
aos  AP:40.49, 26.76, 26.83
Cyclist AP_R40@0.50, 0.25, 0.25:
bbox AP:46.7646, 27.0525, 26.9078
bev  AP:12.7214, 6.9834, 6.6597
3d   AP:11.7826, 6.8337, 5.9358
aos  AP:38.15, 21.94, 21.64

[2026-08-22 06:35:10] INFO   Val Car Moderate mAP: 8.7382
[2026-08-22 06:35:11] INFO   Best: 10.6217 @ epoch 194
[2026-08-22 06:35:52] INFO Epoch[208] [37/371]  total=2.9217  loss_ce=0.0122  loss_bbox=0.0100  loss_depth=-0.2478  loss_center=0.0030
[2026-08-22 06:36:32] INFO Epoch[208] [74/371]  total=1.9155  loss_ce=0.0050  loss_bbox=0.0032  loss_depth=0.0763  loss_center=0.0008
[2026-08-22 06:37:13] INFO Epoch[208] [111/371]  total=2.9620  loss_ce=0.0046  loss_bbox=0.0070  loss_depth=0.1834  loss_center=0.0036
[2026-08-22 06:37:53] INFO Epoch[208] [148/371]  total=12.0322  loss_ce=0.0475  loss_bbox=0.0152  loss_depth=0.6088  loss_center=0.0072
[2026-08-22 06:38:34] INFO Epoch[208] [185/371]  total=18.9226  loss_ce=0.1337  loss_bbox=0.0219  loss_depth=0.9691  loss_center=0.0136
[2026-08-22 06:39:14] INFO Epoch[208] [222/371]  total=17.2159  loss_ce=0.1242  loss_bbox=0.0196  loss_depth=0.6276  loss_center=0.0120
[2026-08-22 06:39:55] INFO Epoch[208] [259/371]  total=20.9294  loss_ce=0.2516  loss_bbox=0.0320  loss_depth=0.6316  loss_center=0.0156
[2026-08-22 06:40:35] INFO Epoch[208] [296/371]  total=6.9229  loss_ce=0.0147  loss_bbox=0.0077  loss_depth=0.6173  loss_center=0.0037
[2026-08-22 06:41:16] INFO Epoch[208] [333/371]  total=15.9464  loss_ce=0.1068  loss_bbox=0.0284  loss_depth=0.0834  loss_center=0.0176
[2026-08-22 06:41:57] INFO Epoch[208] [370/371]  total=11.0510  loss_ce=0.0664  loss_bbox=0.0157  loss_depth=0.4994  loss_center=0.0085
[2026-08-22 06:41:58] INFO Epoch [208/249] avg_loss=9.9984  time=407.1s  lr=2.00e-05
[2026-08-22 06:41:58] INFO Checkpoint saved after epoch 208
[2026-08-22 06:47:33] INFO ==> Loading detections and GTs...
[2026-08-22 06:47:34] INFO ==> Evaluating (official)...
[2026-08-22 06:49:13] INFO Pedestrian AP@0.50, 0.50, 0.50:
bbox AP:65.7044, 57.4130, 49.7366
bev  AP:16.3301, 15.2113, 13.3152
3d   AP:15.0848, 12.8482, 12.5579
aos  AP:54.18, 47.39, 40.91
Pedestrian AP_R40@0.50, 0.50, 0.50:
bbox AP:65.2535, 54.5914, 47.4678
bev  AP:9.9058, 8.2417, 6.9548
3d   AP:8.0893, 6.4550, 5.4202
aos  AP:52.37, 43.78, 37.70
Pedestrian AP@0.50, 0.25, 0.25:
bbox AP:65.7044, 57.4130, 49.7366
bev  AP:33.2330, 28.3275, 25.9806
3d   AP:32.7093, 27.8072, 25.6930
aos  AP:54.18, 47.39, 40.91
Pedestrian AP_R40@0.50, 0.25, 0.25:
bbox AP:65.2535, 54.5914, 47.4678
bev  AP:30.6082, 25.9452, 20.8491
3d   AP:29.1641, 24.4318, 20.4686
aos  AP:52.37, 43.78, 37.70

[2026-08-22 06:50:52] INFO Car AP@0.70, 0.70, 0.70:
bbox AP:84.8488, 75.4729, 67.7020
bev  AP:25.8600, 20.9903, 17.2138
3d   AP:15.2678, 12.8591, 11.7413
aos  AP:83.11, 72.62, 64.00
Car AP_R40@0.70, 0.70, 0.70:
bbox AP:87.6167, 77.4556, 70.8650
bev  AP:24.2247, 17.8202, 14.9011
3d   AP:13.4974, 10.5276, 8.6276
aos  AP:85.67, 74.27, 66.40
Car AP@0.70, 0.50, 0.50:
bbox AP:84.8488, 75.4729, 67.7020
bev  AP:54.8979, 41.5622, 36.2126
3d   AP:49.3347, 36.5000, 34.2126
aos  AP:83.11, 72.62, 64.00
Car AP_R40@0.70, 0.50, 0.50:
bbox AP:87.6167, 77.4556, 70.8650
bev  AP:53.1009, 39.1951, 33.9308
3d   AP:49.0209, 35.0555, 30.8405
aos  AP:85.67, 74.27, 66.40

[2026-08-22 06:52:32] INFO Cyclist AP@0.50, 0.50, 0.50:
bbox AP:46.3126, 29.9332, 30.3686
bev  AP:5.8858, 3.4550, 3.3955
3d   AP:5.7736, 3.2136, 3.2839
aos  AP:38.45, 24.95, 25.17
Cyclist AP_R40@0.50, 0.50, 0.50:
bbox AP:45.6630, 26.1786, 25.9422
bev  AP:4.2882, 2.3208, 2.1372
3d   AP:4.1702, 2.2210, 2.0052
aos  AP:36.22, 20.63, 20.38
Cyclist AP@0.50, 0.25, 0.25:
bbox AP:46.3126, 29.9332, 30.3686
bev  AP:14.7004, 9.9125, 9.2981
3d   AP:13.2620, 8.8304, 7.3926
aos  AP:38.45, 24.95, 25.17
Cyclist AP_R40@0.50, 0.25, 0.25:
bbox AP:45.6630, 26.1786, 25.9422
bev  AP:13.3449, 7.2915, 6.8493
3d   AP:12.0079, 6.4994, 5.7719
aos  AP:36.22, 20.63, 20.38

[2026-08-22 06:52:32] INFO   Val Car Moderate mAP: 10.5276
[2026-08-22 06:52:32] INFO   Best: 10.6217 @ epoch 194
[2026-08-22 06:53:13] INFO Epoch[209] [37/371]  total=11.2918  loss_ce=0.0553  loss_bbox=0.0052  loss_depth=0.7889  loss_center=0.0046
[2026-08-22 06:53:53] INFO Epoch[209] [74/371]  total=3.5358  loss_ce=0.0253  loss_bbox=0.0089  loss_depth=-0.0282  loss_center=0.0039
[2026-08-22 06:54:34] INFO Epoch[209] [111/371]  total=9.0306  loss_ce=0.0230  loss_bbox=0.0064  loss_depth=0.7104  loss_center=0.0044
[2026-08-22 06:55:15] INFO Epoch[209] [148/371]  total=4.9689  loss_ce=0.0239  loss_bbox=0.0027  loss_depth=0.4462  loss_center=0.0010
[2026-08-22 06:55:55] INFO Epoch[209] [185/371]  total=8.3287  loss_ce=0.0344  loss_bbox=0.0107  loss_depth=0.5078  loss_center=0.0063
[2026-08-22 06:56:36] INFO Epoch[209] [222/371]  total=11.2784  loss_ce=0.0405  loss_bbox=0.0107  loss_depth=0.5254  loss_center=0.0068
[2026-08-22 06:57:16] INFO Epoch[209] [259/371]  total=16.0393  loss_ce=0.0399  loss_bbox=0.0116  loss_depth=1.3451  loss_center=0.0074
[2026-08-22 06:57:56] INFO Epoch[209] [296/371]  total=13.8653  loss_ce=0.0883  loss_bbox=0.0255  loss_depth=0.3951  loss_center=0.0132
[2026-08-22 06:58:37] INFO Epoch[209] [333/371]  total=9.5709  loss_ce=0.0529  loss_bbox=0.0127  loss_depth=0.3386  loss_center=0.0076
[2026-08-22 06:59:17] INFO Epoch[209] [370/371]  total=19.3076  loss_ce=0.1163  loss_bbox=0.0346  loss_depth=0.6799  loss_center=0.0180
[2026-08-22 06:59:18] INFO Epoch [209/249] avg_loss=10.0104  time=406.4s  lr=2.00e-05
[2026-08-22 06:59:19] INFO Checkpoint saved after epoch 209
[2026-08-22 07:04:53] INFO ==> Loading detections and GTs...
[2026-08-22 07:04:54] INFO ==> Evaluating (official)...
[2026-08-22 07:06:29] INFO Pedestrian AP@0.50, 0.50, 0.50:
bbox AP:66.1768, 58.0660, 50.0862
bev  AP:15.9061, 15.0788, 13.0924
3d   AP:14.6199, 12.7610, 12.6712
aos  AP:54.97, 48.09, 41.44
Pedestrian AP_R40@0.50, 0.50, 0.50:
bbox AP:65.6928, 56.8178, 47.9017
bev  AP:9.4237, 8.0432, 6.7222
3d   AP:7.6431, 6.4630, 5.2854
aos  AP:53.24, 45.82, 38.44
Pedestrian AP@0.50, 0.25, 0.25:
bbox AP:66.1768, 58.0660, 50.0862
bev  AP:32.7450, 27.9015, 25.8796
3d   AP:32.6117, 27.7685, 25.6984
aos  AP:54.97, 48.09, 41.44
Pedestrian AP_R40@0.50, 0.25, 0.25:
bbox AP:65.6928, 56.8178, 47.9017
bev  AP:29.3801, 24.6435, 20.5185
3d   AP:29.2591, 24.4174, 20.2489
aos  AP:53.24, 45.82, 38.44

[2026-08-22 07:08:05] INFO Car AP@0.70, 0.70, 0.70:
bbox AP:84.9918, 75.8199, 67.9865
bev  AP:27.9548, 22.9180, 19.2200
3d   AP:15.0128, 12.9621, 11.6212
aos  AP:83.28, 72.87, 64.24
Car AP_R40@0.70, 0.70, 0.70:
bbox AP:87.6970, 77.8882, 71.1760
bev  AP:24.4847, 17.9633, 15.0487
3d   AP:13.7983, 10.6072, 8.6767
aos  AP:85.79, 74.60, 66.71
Car AP@0.70, 0.50, 0.50:
bbox AP:84.9918, 75.8199, 67.9865
bev  AP:55.9405, 42.5499, 36.7240
3d   AP:49.4383, 39.9344, 34.3876
aos  AP:83.28, 72.87, 64.24
Car AP_R40@0.70, 0.50, 0.50:
bbox AP:87.6970, 77.8882, 71.1760
bev  AP:54.2217, 40.0285, 34.4679
3d   AP:49.3597, 36.2367, 31.0188
aos  AP:85.79, 74.60, 66.71

[2026-08-22 07:09:41] INFO Cyclist AP@0.50, 0.50, 0.50:
bbox AP:48.3724, 32.0502, 32.1781
bev  AP:5.8256, 3.5586, 3.5484
3d   AP:4.8027, 3.1773, 3.3795
aos  AP:40.91, 27.26, 27.03
Cyclist AP_R40@0.50, 0.50, 0.50:
bbox AP:48.5385, 27.8415, 27.6156
bev  AP:4.3823, 2.6598, 2.2641
3d   AP:3.7972, 2.0142, 1.9721
aos  AP:39.18, 22.34, 22.03
Cyclist AP@0.50, 0.25, 0.25:
bbox AP:48.3724, 32.0502, 32.1781
bev  AP:14.5190, 9.6845, 9.7888
3d   AP:13.8125, 9.2122, 9.5174
aos  AP:40.91, 27.26, 27.03
Cyclist AP_R40@0.50, 0.25, 0.25:
bbox AP:48.5385, 27.8415, 27.6156
bev  AP:13.7622, 7.8113, 7.2581
3d   AP:12.3889, 6.9916, 6.8148
aos  AP:39.18, 22.34, 22.03

[2026-08-22 07:09:41] INFO   Val Car Moderate mAP: 10.6072
[2026-08-22 07:09:42] INFO   Best: 10.6217 @ epoch 194
[2026-08-22 07:10:22] INFO Epoch[210] [37/371]  total=35.8895  loss_ce=0.2496  loss_bbox=0.0492  loss_depth=2.0841  loss_center=0.0239
[2026-08-22 07:11:02] INFO Epoch[210] [74/371]  total=16.4422  loss_ce=0.1527  loss_bbox=0.0087  loss_depth=1.3499  loss_center=0.0059
[2026-08-22 07:11:43] INFO Epoch[210] [111/371]  total=6.3899  loss_ce=0.0402  loss_bbox=0.0120  loss_depth=0.1293  loss_center=0.0054
[2026-08-22 07:12:24] INFO Epoch[210] [148/371]  total=9.4479  loss_ce=0.0360  loss_bbox=0.0099  loss_depth=0.2660  loss_center=0.0035
[2026-08-22 07:13:05] INFO Epoch[210] [185/371]  total=10.4812  loss_ce=0.0660  loss_bbox=0.0159  loss_depth=0.5075  loss_center=0.0083
[2026-08-22 07:13:45] INFO Epoch[210] [222/371]  total=5.2016  loss_ce=0.0322  loss_bbox=0.0091  loss_depth=-0.0978  loss_center=0.0048
[2026-08-22 07:14:26] INFO Epoch[210] [259/371]  total=31.5761  loss_ce=0.1291  loss_bbox=0.0375  loss_depth=1.7147  loss_center=0.0162
[2026-08-22 07:15:06] INFO Epoch[210] [296/371]  total=11.8299  loss_ce=0.0478  loss_bbox=0.0078  loss_depth=0.5874  loss_center=0.0034
[2026-08-22 07:15:46] INFO Epoch[210] [333/371]  total=7.5988  loss_ce=0.0437  loss_bbox=0.0127  loss_depth=0.1412  loss_center=0.0073
[2026-08-22 07:16:27] INFO Epoch[210] [370/371]  total=6.6883  loss_ce=0.0575  loss_bbox=0.0164  loss_depth=0.0856  loss_center=0.0055
[2026-08-22 07:16:28] INFO Epoch [210/249] avg_loss=9.8609  time=406.4s  lr=2.00e-05
[2026-08-22 07:16:28] INFO Checkpoint saved after epoch 210
[2026-08-22 07:22:08] INFO ==> Loading detections and GTs...
[2026-08-22 07:22:08] INFO ==> Evaluating (official)...
[2026-08-22 07:23:50] INFO Pedestrian AP@0.50, 0.50, 0.50:
bbox AP:65.6130, 57.4658, 49.6736
bev  AP:15.6738, 14.7234, 12.8373
3d   AP:14.5844, 12.6536, 12.4516
aos  AP:54.35, 47.44, 40.93
Pedestrian AP_R40@0.50, 0.50, 0.50:
bbox AP:66.6622, 56.1086, 49.1384
bev  AP:9.3072, 8.0633, 6.5837
3d   AP:7.4844, 6.2183, 5.0882
aos  AP:53.70, 44.93, 38.93
Pedestrian AP@0.50, 0.25, 0.25:
bbox AP:65.6130, 57.4658, 49.6736
bev  AP:32.1389, 27.6569, 25.0902
3d   AP:31.6397, 27.2371, 24.8497
aos  AP:54.35, 47.44, 40.93
Pedestrian AP_R40@0.50, 0.25, 0.25:
bbox AP:66.6622, 56.1086, 49.1384
bev  AP:29.1069, 24.1211, 20.2194
3d   AP:28.5514, 23.6528, 19.7537
aos  AP:53.70, 44.93, 38.93

[2026-08-22 07:25:33] INFO Car AP@0.70, 0.70, 0.70:
bbox AP:85.5583, 75.9668, 68.0787
bev  AP:26.9445, 21.5505, 18.5180
3d   AP:13.9588, 12.0916, 10.8638
aos  AP:84.00, 73.13, 64.39
Car AP_R40@0.70, 0.70, 0.70:
bbox AP:88.2037, 77.9676, 71.2772
bev  AP:22.5453, 16.3326, 14.1024
3d   AP:12.2464, 9.2928, 7.8785
aos  AP:86.48, 74.81, 66.90
Car AP@0.70, 0.50, 0.50:
bbox AP:85.5583, 75.9668, 68.0787
bev  AP:55.0803, 42.0252, 36.2409
3d   AP:49.1883, 36.3593, 33.9324
aos  AP:84.00, 73.13, 64.39
Car AP_R40@0.70, 0.50, 0.50:
bbox AP:88.2037, 77.9676, 71.2772
bev  AP:53.5016, 39.4769, 34.0026
3d   AP:48.8735, 34.8769, 30.5955
aos  AP:86.48, 74.81, 66.90

[2026-08-22 07:27:15] INFO Cyclist AP@0.50, 0.50, 0.50:
bbox AP:47.5838, 31.0537, 31.0939
bev  AP:5.4280, 3.3833, 2.9352
3d   AP:4.4757, 3.0249, 2.8288
aos  AP:40.17, 26.34, 26.08
Cyclist AP_R40@0.50, 0.50, 0.50:
bbox AP:47.0125, 27.7643, 26.6461
bev  AP:4.0371, 2.2836, 1.9362
3d   AP:3.3574, 1.9553, 1.6598
aos  AP:37.97, 22.09, 21.11
Cyclist AP@0.50, 0.25, 0.25:
bbox AP:47.5838, 31.0537, 31.0939
bev  AP:14.1164, 9.6284, 9.2723
3d   AP:14.0341, 9.4712, 9.2238
aos  AP:40.17, 26.34, 26.08
Cyclist AP_R40@0.50, 0.25, 0.25:
bbox AP:47.0125, 27.7643, 26.6461
bev  AP:13.2759, 7.7077, 6.9013
3d   AP:13.1826, 7.5622, 6.6995
aos  AP:37.97, 22.09, 21.11

[2026-08-22 07:27:15] INFO   Val Car Moderate mAP: 9.2928
[2026-08-22 07:27:16] INFO   Best: 10.6217 @ epoch 194
[2026-08-22 07:27:57] INFO Epoch[211] [37/371]  total=18.2352  loss_ce=0.0903  loss_bbox=0.0144  loss_depth=1.5130  loss_center=0.0101
[2026-08-22 07:28:37] INFO Epoch[211] [74/371]  total=15.8084  loss_ce=0.1239  loss_bbox=0.0205  loss_depth=0.7081  loss_center=0.0118
[2026-08-22 07:29:18] INFO Epoch[211] [111/371]  total=6.7021  loss_ce=0.0311  loss_bbox=0.0149  loss_depth=-0.1733  loss_center=0.0088
[2026-08-22 07:29:58] INFO Epoch[211] [148/371]  total=9.5489  loss_ce=0.0284  loss_bbox=0.0073  loss_depth=0.5933  loss_center=0.0041
[2026-08-22 07:30:39] INFO Epoch[211] [185/371]  total=-0.5322  loss_ce=0.0022  loss_bbox=0.0043  loss_depth=-0.1905  loss_center=0.0008
[2026-08-22 07:31:20] INFO Epoch[211] [222/371]  total=7.4985  loss_ce=0.0389  loss_bbox=0.0140  loss_depth=0.3768  loss_center=0.0047
[2026-08-22 07:32:00] INFO Epoch[211] [259/371]  total=13.2189  loss_ce=0.0502  loss_bbox=0.0155  loss_depth=0.7850  loss_center=0.0070
[2026-08-22 07:32:41] INFO Epoch[211] [296/371]  total=6.9698  loss_ce=0.0185  loss_bbox=0.0085  loss_depth=0.2944  loss_center=0.0042
[2026-08-22 07:33:21] INFO Epoch[211] [333/371]  total=5.2230  loss_ce=0.0417  loss_bbox=0.0042  loss_depth=0.3349  loss_center=0.0021
[2026-08-22 07:34:01] INFO Epoch[211] [370/371]  total=2.6059  loss_ce=0.0023  loss_bbox=0.0034  loss_depth=0.0467  loss_center=0.0012
[2026-08-22 07:34:03] INFO Epoch [211/249] avg_loss=10.5491  time=406.8s  lr=2.00e-05
[2026-08-22 07:34:03] INFO Checkpoint saved after epoch 211
[2026-08-22 07:39:37] INFO ==> Loading detections and GTs...
[2026-08-22 07:39:38] INFO ==> Evaluating (official)...
[2026-08-22 07:41:21] INFO Pedestrian AP@0.50, 0.50, 0.50:
bbox AP:65.2931, 57.2622, 49.3967
bev  AP:16.4982, 15.0575, 13.0843
3d   AP:14.8647, 14.3538, 12.5277
aos  AP:54.59, 47.87, 41.03
Pedestrian AP_R40@0.50, 0.50, 0.50:
bbox AP:66.1949, 55.8140, 48.8442
bev  AP:10.4338, 8.6414, 7.0874
3d   AP:8.1188, 7.1230, 5.4642
aos  AP:53.95, 45.42, 39.27
Pedestrian AP@0.50, 0.25, 0.25:
bbox AP:65.2931, 57.2622, 49.3967
bev  AP:31.8608, 27.2412, 24.8925
3d   AP:31.2980, 26.8662, 24.6578
aos  AP:54.59, 47.87, 41.03
Pedestrian AP_R40@0.50, 0.25, 0.25:
bbox AP:66.1949, 55.8140, 48.8442
bev  AP:28.1730, 23.6865, 19.7545
3d   AP:27.6708, 23.3111, 19.3917
aos  AP:53.95, 45.42, 39.27

[2026-08-22 07:43:06] INFO Car AP@0.70, 0.70, 0.70:
bbox AP:84.3303, 75.3330, 67.5031
bev  AP:28.1672, 22.9681, 19.0519
3d   AP:14.7060, 12.7689, 11.4644
aos  AP:82.75, 72.50, 63.94
Car AP_R40@0.70, 0.70, 0.70:
bbox AP:86.9838, 77.2934, 70.6521
bev  AP:24.5300, 17.8873, 14.9313
3d   AP:13.2008, 10.3721, 8.5475
aos  AP:85.22, 74.14, 66.39
Car AP@0.70, 0.50, 0.50:
bbox AP:84.3303, 75.3330, 67.5031
bev  AP:55.8987, 43.0053, 36.8982
3d   AP:49.7601, 40.0099, 34.8765
aos  AP:82.75, 72.50, 63.94
Car AP_R40@0.70, 0.50, 0.50:
bbox AP:86.9838, 77.2934, 70.6521
bev  AP:55.0049, 41.2014, 35.9214
3d   AP:49.6988, 36.5997, 32.4297
aos  AP:85.22, 74.14, 66.39

[2026-08-22 07:44:49] INFO Cyclist AP@0.50, 0.50, 0.50:
bbox AP:50.3340, 31.2933, 31.1740
bev  AP:5.3117, 3.2007, 2.8986
3d   AP:3.7992, 2.6874, 2.7100
aos  AP:41.85, 26.54, 26.33
Cyclist AP_R40@0.50, 0.50, 0.50:
bbox AP:47.9531, 27.8106, 26.7772
bev  AP:3.9757, 2.2378, 1.8668
3d   AP:2.8974, 1.6475, 1.6356
aos  AP:38.37, 22.06, 21.20
Cyclist AP@0.50, 0.25, 0.25:
bbox AP:50.3340, 31.2933, 31.1740
bev  AP:13.9130, 9.1680, 9.1498
3d   AP:13.8196, 9.0793, 9.0671
aos  AP:41.85, 26.54, 26.33
Cyclist AP_R40@0.50, 0.25, 0.25:
bbox AP:47.9531, 27.8106, 26.7772
bev  AP:12.4789, 6.9652, 6.7889
3d   AP:12.3899, 6.8026, 6.5354
aos  AP:38.37, 22.06, 21.20

[2026-08-22 07:44:49] INFO   Val Car Moderate mAP: 10.3721
[2026-08-22 07:44:50] INFO   Best: 10.6217 @ epoch 194
[2026-08-22 07:45:31] INFO Epoch[212] [37/371]  total=17.3576  loss_ce=0.0846  loss_bbox=0.0282  loss_depth=0.3439  loss_center=0.0133
[2026-08-22 07:46:11] INFO Epoch[212] [74/371]  total=9.4750  loss_ce=0.0799  loss_bbox=0.0170  loss_depth=0.1947  loss_center=0.0068
[2026-08-22 07:46:51] INFO Epoch[212] [111/371]  total=11.7023  loss_ce=0.0879  loss_bbox=0.0150  loss_depth=0.2660  loss_center=0.0063
[2026-08-22 07:47:32] INFO Epoch[212] [148/371]  total=11.8936  loss_ce=0.0911  loss_bbox=0.0156  loss_depth=0.2826  loss_center=0.0078
[2026-08-22 07:48:13] INFO Epoch[212] [185/371]  total=6.3427  loss_ce=0.0311  loss_bbox=0.0121  loss_depth=0.1098  loss_center=0.0050
[2026-08-22 07:48:53] INFO Epoch[212] [222/371]  total=9.6704  loss_ce=0.0585  loss_bbox=0.0052  loss_depth=0.8533  loss_center=0.0049
[2026-08-22 07:49:33] INFO Epoch[212] [259/371]  total=1.4252  loss_ce=0.0204  loss_bbox=0.0082  loss_depth=-0.5115  loss_center=0.0054
[2026-08-22 07:50:14] INFO Epoch[212] [296/371]  total=8.6612  loss_ce=0.0640  loss_bbox=0.0098  loss_depth=0.3907  loss_center=0.0062
[2026-08-22 07:50:55] INFO Epoch[212] [333/371]  total=3.9468  loss_ce=0.0152  loss_bbox=0.0095  loss_depth=-0.0248  loss_center=0.0041
[2026-08-22 07:51:35] INFO Epoch[212] [370/371]  total=7.6269  loss_ce=0.0633  loss_bbox=0.0120  loss_depth=0.0730  loss_center=0.0071
[2026-08-22 07:51:37] INFO Epoch [212/249] avg_loss=9.7264  time=406.7s  lr=2.00e-05
[2026-08-22 07:51:37] INFO Checkpoint saved after epoch 212
[2026-08-22 07:57:14] INFO ==> Loading detections and GTs...
[2026-08-22 07:57:14] INFO ==> Evaluating (official)...
[2026-08-22 07:58:55] INFO Pedestrian AP@0.50, 0.50, 0.50:
bbox AP:65.1128, 57.1912, 49.3412
bev  AP:16.0990, 15.1295, 13.1087
3d   AP:15.0127, 14.6514, 12.6454
aos  AP:54.44, 47.70, 41.07
Pedestrian AP_R40@0.50, 0.50, 0.50:
bbox AP:64.4396, 55.7263, 46.9836
bev  AP:9.9579, 8.1780, 6.9579
3d   AP:8.9467, 7.2867, 5.5619
aos  AP:52.69, 45.31, 37.93
Pedestrian AP@0.50, 0.25, 0.25:
bbox AP:65.1128, 57.1912, 49.3412
bev  AP:32.1546, 27.3496, 25.1633
3d   AP:31.6310, 27.0991, 24.9507
aos  AP:54.44, 47.70, 41.07
Pedestrian AP_R40@0.50, 0.25, 0.25:
bbox AP:64.4396, 55.7263, 46.9836
bev  AP:28.6578, 23.9865, 20.1406
3d   AP:28.2781, 23.7020, 19.8408
aos  AP:52.69, 45.31, 37.93

[2026-08-22 08:00:35] INFO Car AP@0.70, 0.70, 0.70:
bbox AP:84.5544, 75.5373, 67.6865
bev  AP:26.6041, 21.6125, 18.5071
3d   AP:13.6179, 11.9903, 11.0607
aos  AP:82.91, 72.56, 63.90
Car AP_R40@0.70, 0.70, 0.70:
bbox AP:87.2892, 77.5491, 70.9067
bev  AP:21.9972, 16.2019, 14.0763
3d   AP:12.0353, 9.2751, 8.0236
aos  AP:85.46, 74.22, 66.40
Car AP@0.70, 0.50, 0.50:
bbox AP:84.5544, 75.5373, 67.6865
bev  AP:55.0531, 41.9556, 36.3269
3d   AP:48.9114, 36.3611, 34.1181
aos  AP:82.91, 72.56, 63.90
Car AP_R40@0.70, 0.50, 0.50:
bbox AP:87.2892, 77.5491, 70.9067
bev  AP:53.2317, 39.4145, 33.9627
3d   AP:48.4558, 34.8522, 30.6289
aos  AP:85.46, 74.22, 66.40

[2026-08-22 08:02:16] INFO Cyclist AP@0.50, 0.50, 0.50:
bbox AP:47.1985, 31.3099, 31.5546
bev  AP:4.4551, 2.8213, 2.9109
3d   AP:4.3172, 2.8093, 2.8989
aos  AP:39.48, 26.46, 26.42
Cyclist AP_R40@0.50, 0.50, 0.50:
bbox AP:46.9116, 26.8972, 26.6694
bev  AP:3.6750, 1.7728, 1.7532
3d   AP:3.4761, 1.7323, 1.6483
aos  AP:37.43, 21.31, 20.91
Cyclist AP@0.50, 0.25, 0.25:
bbox AP:47.1985, 31.3099, 31.5546
bev  AP:13.2748, 8.8056, 8.6318
3d   AP:13.2347, 8.6591, 7.3405
aos  AP:39.48, 26.46, 26.42
Cyclist AP_R40@0.50, 0.25, 0.25:
bbox AP:46.9116, 26.8972, 26.6694
bev  AP:12.0671, 6.7830, 6.3124
3d   AP:11.9052, 6.6548, 5.7915
aos  AP:37.43, 21.31, 20.91

[2026-08-22 08:02:16] INFO   Val Car Moderate mAP: 9.2751
[2026-08-22 08:02:17] INFO   Best: 10.6217 @ epoch 194
[2026-08-22 08:02:57] INFO Epoch[213] [37/371]  total=26.3051  loss_ce=0.1459  loss_bbox=0.0165  loss_depth=1.9829  loss_center=0.0129
[2026-08-22 08:03:37] INFO Epoch[213] [74/371]  total=9.4042  loss_ce=0.0455  loss_bbox=0.0105  loss_depth=0.5931  loss_center=0.0033
[2026-08-22 08:04:18] INFO Epoch[213] [111/371]  total=6.2530  loss_ce=0.0385  loss_bbox=0.0076  loss_depth=0.5655  loss_center=0.0027
[2026-08-22 08:05:00] INFO Epoch[213] [148/371]  total=16.9381  loss_ce=0.1227  loss_bbox=0.0159  loss_depth=0.9952  loss_center=0.0102
[2026-08-22 08:05:41] INFO Epoch[213] [185/371]  total=5.0377  loss_ce=0.0226  loss_bbox=0.0063  loss_depth=0.2007  loss_center=0.0027
[2026-08-22 08:06:22] INFO Epoch[213] [222/371]  total=2.1755  loss_ce=0.0462  loss_bbox=0.0127  loss_depth=-0.3459  loss_center=0.0050
[2026-08-22 08:07:04] INFO Epoch[213] [259/371]  total=16.7327  loss_ce=0.0283  loss_bbox=0.0110  loss_depth=1.7820  loss_center=0.0054
[2026-08-22 08:07:45] INFO Epoch[213] [296/371]  total=0.7439  loss_ce=0.0005  loss_bbox=0.0006  loss_depth=-0.0294  loss_center=0.0004
[2026-08-22 08:08:26] INFO Epoch[213] [333/371]  total=6.4572  loss_ce=0.0137  loss_bbox=0.0033  loss_depth=0.5336  loss_center=0.0018
[2026-08-22 08:09:07] INFO Epoch[213] [370/371]  total=20.8123  loss_ce=0.1393  loss_bbox=0.0215  loss_depth=1.3193  loss_center=0.0139
[2026-08-22 08:09:08] INFO Epoch [213/249] avg_loss=9.7251  time=411.2s  lr=2.00e-05
[2026-08-22 08:09:08] INFO Checkpoint saved after epoch 213
[2026-08-22 08:14:44] INFO ==> Loading detections and GTs...
[2026-08-22 08:14:45] INFO ==> Evaluating (official)...
[2026-08-22 08:16:24] INFO Pedestrian AP@0.50, 0.50, 0.50:
bbox AP:66.1970, 58.1146, 50.1233
bev  AP:15.8453, 14.9084, 12.9666
3d   AP:14.5662, 12.7867, 12.6326
aos  AP:55.93, 48.86, 42.09
Pedestrian AP_R40@0.50, 0.50, 0.50:
bbox AP:67.3345, 56.7084, 49.6652
bev  AP:9.2841, 7.7261, 6.3688
3d   AP:7.5318, 6.3331, 5.2363
aos  AP:55.61, 46.62, 40.41
Pedestrian AP@0.50, 0.25, 0.25:
bbox AP:66.1970, 58.1146, 50.1233
bev  AP:32.5024, 27.9974, 25.6248
3d   AP:32.2990, 27.8561, 25.5087
aos  AP:55.93, 48.86, 42.09
Pedestrian AP_R40@0.50, 0.25, 0.25:
bbox AP:67.3345, 56.7084, 49.6652
bev  AP:29.1854, 24.5597, 20.4418
3d   AP:29.0354, 24.3583, 20.2477
aos  AP:55.61, 46.62, 40.41

[2026-08-22 08:18:04] INFO Car AP@0.70, 0.70, 0.70:
bbox AP:86.5950, 76.7599, 68.6611
bev  AP:28.0304, 22.3219, 18.9450
3d   AP:19.0239, 16.1253, 14.8713
aos  AP:84.72, 73.43, 64.58
Car AP_R40@0.70, 0.70, 0.70:
bbox AP:89.5187, 78.8982, 71.9704
bev  AP:23.8985, 17.7305, 14.8538
3d   AP:12.9075, 9.7235, 8.3782
aos  AP:87.42, 75.20, 67.09
Car AP@0.70, 0.50, 0.50:
bbox AP:86.5950, 76.7599, 68.6611
bev  AP:56.0207, 41.9805, 36.5195
3d   AP:50.2345, 36.8175, 34.4227
aos  AP:84.72, 73.43, 64.58
Car AP_R40@0.70, 0.50, 0.50:
bbox AP:89.5187, 78.8982, 71.9704
bev  AP:54.1840, 39.7085, 34.2608
3d   AP:50.0761, 35.4640, 31.0642
aos  AP:87.42, 75.20, 67.09

[2026-08-22 08:19:43] INFO Cyclist AP@0.50, 0.50, 0.50:
bbox AP:49.9914, 31.3188, 31.2171
bev  AP:5.2315, 3.2930, 2.8267
3d   AP:4.5034, 2.5335, 2.5734
aos  AP:40.99, 26.56, 26.26
Cyclist AP_R40@0.50, 0.50, 0.50:
bbox AP:47.1829, 27.4500, 26.5061
bev  AP:4.1048, 2.2759, 1.8528
3d   AP:3.3475, 1.6719, 1.5781
aos  AP:37.16, 21.57, 20.70
Cyclist AP@0.50, 0.25, 0.25:
bbox AP:49.9914, 31.3188, 31.2171
bev  AP:14.0432, 9.5233, 9.6507
3d   AP:12.9959, 8.7584, 8.7785
aos  AP:40.99, 26.56, 26.26
Cyclist AP_R40@0.50, 0.25, 0.25:
bbox AP:47.1829, 27.4500, 26.5061
bev  AP:12.7151, 6.8690, 6.4982
3d   AP:11.9560, 6.6923, 6.3747
aos  AP:37.16, 21.57, 20.70

[2026-08-22 08:19:43] INFO   Val Car Moderate mAP: 9.7235
[2026-08-22 08:19:43] INFO   Best: 10.6217 @ epoch 194
[2026-08-22 08:20:24] INFO Epoch[214] [37/371]  total=3.2910  loss_ce=0.0312  loss_bbox=0.0092  loss_depth=-0.2061  loss_center=0.0042
[2026-08-22 08:21:04] INFO Epoch[214] [74/371]  total=14.3406  loss_ce=0.0666  loss_bbox=0.0214  loss_depth=0.6349  loss_center=0.0114
[2026-08-22 08:21:45] INFO Epoch[214] [111/371]  total=4.8172  loss_ce=0.0067  loss_bbox=0.0064  loss_depth=-0.1217  loss_center=0.0026
[2026-08-22 08:22:25] INFO Epoch[214] [148/371]  total=10.6742  loss_ce=0.0696  loss_bbox=0.0093  loss_depth=0.5786  loss_center=0.0061
[2026-08-22 08:23:06] INFO Epoch[214] [185/371]  total=29.8308  loss_ce=0.1831  loss_bbox=0.0498  loss_depth=1.3528  loss_center=0.0285
[2026-08-22 08:23:47] INFO Epoch[214] [222/371]  total=18.1924  loss_ce=0.0994  loss_bbox=0.0156  loss_depth=1.2045  loss_center=0.0109
[2026-08-22 08:24:27] INFO Epoch[214] [259/371]  total=34.0986  loss_ce=0.1454  loss_bbox=0.0420  loss_depth=1.6306  loss_center=0.0271
[2026-08-22 08:25:08] INFO Epoch[214] [296/371]  total=3.5845  loss_ce=0.0122  loss_bbox=0.0044  loss_depth=0.0659  loss_center=0.0024
[2026-08-22 08:25:49] INFO Epoch[214] [333/371]  total=6.8205  loss_ce=0.0223  loss_bbox=0.0042  loss_depth=0.5979  loss_center=0.0034
[2026-08-22 08:26:29] INFO Epoch[214] [370/371]  total=15.3566  loss_ce=0.1329  loss_bbox=0.0197  loss_depth=0.6795  loss_center=0.0106
[2026-08-22 08:26:30] INFO Epoch [214/249] avg_loss=9.5040  time=407.2s  lr=2.00e-05
[2026-08-22 08:26:31] INFO Checkpoint saved after epoch 214
[2026-08-22 08:32:07] INFO ==> Loading detections and GTs...
[2026-08-22 08:32:07] INFO ==> Evaluating (official)...
[2026-08-22 08:33:46] INFO Pedestrian AP@0.50, 0.50, 0.50:
bbox AP:65.4100, 57.3925, 49.5101
bev  AP:15.3674, 14.6307, 12.7172
3d   AP:13.7403, 12.3864, 12.1027
aos  AP:54.60, 47.74, 41.02
Pedestrian AP_R40@0.50, 0.50, 0.50:
bbox AP:64.8437, 54.3012, 47.3233
bev  AP:8.3514, 7.5182, 5.6504
3d   AP:6.8480, 6.0104, 4.8605
aos  AP:52.76, 44.08, 38.06
Pedestrian AP@0.50, 0.25, 0.25:
bbox AP:65.4100, 57.3925, 49.5101
bev  AP:31.1383, 27.0875, 21.3973
3d   AP:30.9024, 26.8051, 21.2583
aos  AP:54.60, 47.74, 41.02
Pedestrian AP_R40@0.50, 0.25, 0.25:
bbox AP:64.8437, 54.3012, 47.3233
bev  AP:27.1884, 23.4103, 18.6714
3d   AP:26.8890, 22.2117, 18.3859
aos  AP:52.76, 44.08, 38.06

[2026-08-22 08:35:24] INFO Car AP@0.70, 0.70, 0.70:
bbox AP:85.9141, 76.0113, 68.0339
bev  AP:26.9888, 21.6589, 18.3750
3d   AP:14.2812, 12.2981, 11.3806
aos  AP:84.00, 72.61, 63.93
Car AP_R40@0.70, 0.70, 0.70:
bbox AP:88.6575, 78.1364, 71.3424
bev  AP:22.4525, 16.9099, 14.0204
3d   AP:12.4663, 9.4007, 8.0855
aos  AP:86.52, 74.35, 66.46
Car AP@0.70, 0.50, 0.50:
bbox AP:85.9141, 76.0113, 68.0339
bev  AP:55.6004, 42.0353, 36.0962
3d   AP:48.8514, 35.9431, 33.5148
aos  AP:84.00, 72.61, 63.93
Car AP_R40@0.70, 0.50, 0.50:
bbox AP:88.6575, 78.1364, 71.3424
bev  AP:53.8466, 39.5332, 33.7655
3d   AP:47.4748, 34.5315, 30.1067
aos  AP:86.52, 74.35, 66.46

[2026-08-22 08:37:03] INFO Cyclist AP@0.50, 0.50, 0.50:
bbox AP:49.6638, 30.9309, 31.1529
bev  AP:4.9090, 2.9414, 2.8186
3d   AP:3.7209, 2.6135, 2.6491
aos  AP:41.71, 26.56, 26.43
Cyclist AP_R40@0.50, 0.50, 0.50:
bbox AP:46.6803, 27.2468, 26.5589
bev  AP:3.4319, 1.8911, 1.6644
3d   AP:2.7593, 1.5109, 1.4245
aos  AP:37.84, 21.88, 21.29
Cyclist AP@0.50, 0.25, 0.25:
bbox AP:49.6638, 30.9309, 31.1529
bev  AP:12.8213, 8.6861, 8.6394
3d   AP:12.8180, 8.6847, 8.6284
aos  AP:41.71, 26.56, 26.43
Cyclist AP_R40@0.50, 0.25, 0.25:
bbox AP:46.6803, 27.2468, 26.5589
bev  AP:11.3797, 6.3851, 6.2082
3d   AP:11.3698, 6.3779, 6.1496
aos  AP:37.84, 21.88, 21.29

[2026-08-22 08:37:03] INFO   Val Car Moderate mAP: 9.4007
[2026-08-22 08:37:04] INFO   Best: 10.6217 @ epoch 194
[2026-08-22 08:37:44] INFO Epoch[215] [37/371]  total=25.8896  loss_ce=0.1795  loss_bbox=0.0274  loss_depth=1.5416  loss_center=0.0206
[2026-08-22 08:38:25] INFO Epoch[215] [74/371]  total=9.5154  loss_ce=0.0359  loss_bbox=0.0052  loss_depth=0.4576  loss_center=0.0025
[2026-08-22 08:39:06] INFO Epoch[215] [111/371]  total=8.0553  loss_ce=0.1024  loss_bbox=0.0256  loss_depth=-0.3392  loss_center=0.0105
[2026-08-22 08:39:47] INFO Epoch[215] [148/371]  total=2.9722  loss_ce=0.0120  loss_bbox=0.0011  loss_depth=0.1658  loss_center=0.0010
[2026-08-22 08:40:28] INFO Epoch[215] [185/371]  total=11.8707  loss_ce=0.0471  loss_bbox=0.0103  loss_depth=0.6020  loss_center=0.0077
[2026-08-22 08:41:08] INFO Epoch[215] [222/371]  total=0.5143  loss_ce=0.0021  loss_bbox=0.0004  loss_depth=-0.0304  loss_center=0.0005
[2026-08-22 08:41:49] INFO Epoch[215] [259/371]  total=3.6856  loss_ce=0.0194  loss_bbox=0.0014  loss_depth=0.2869  loss_center=0.0008
[2026-08-22 08:42:30] INFO Epoch[215] [296/371]  total=9.7679  loss_ce=0.0206  loss_bbox=0.0066  loss_depth=0.1420  loss_center=0.0043
[2026-08-22 08:43:12] INFO Epoch[215] [333/371]  total=9.6392  loss_ce=0.0304  loss_bbox=0.0056  loss_depth=0.5448  loss_center=0.0045
[2026-08-22 08:43:53] INFO Epoch[215] [370/371]  total=13.7091  loss_ce=0.1379  loss_bbox=0.0212  loss_depth=0.6318  loss_center=0.0074
[2026-08-22 08:43:54] INFO Epoch [215/249] avg_loss=10.3620  time=410.9s  lr=2.00e-05
[2026-08-22 08:43:55] INFO Checkpoint saved after epoch 215
[2026-08-22 08:49:34] INFO ==> Loading detections and GTs...
[2026-08-22 08:49:35] INFO ==> Evaluating (official)...
[2026-08-22 08:51:14] INFO Pedestrian AP@0.50, 0.50, 0.50:
bbox AP:65.9285, 57.8624, 49.7216
bev  AP:15.7464, 14.9358, 12.8993
3d   AP:14.4660, 12.6376, 12.4232
aos  AP:55.12, 48.14, 41.29
Pedestrian AP_R40@0.50, 0.50, 0.50:
bbox AP:65.4275, 54.7331, 45.8033
bev  AP:9.6793, 7.9112, 6.4102
3d   AP:7.4561, 6.1084, 5.1197
aos  AP:53.40, 44.57, 37.09
Pedestrian AP@0.50, 0.25, 0.25:
bbox AP:65.9285, 57.8624, 49.7216
bev  AP:31.9366, 27.6420, 25.5482
3d   AP:31.3377, 27.2784, 21.6785
aos  AP:55.12, 48.14, 41.29
Pedestrian AP_R40@0.50, 0.25, 0.25:
bbox AP:65.4275, 54.7331, 45.8033
bev  AP:28.6842, 24.2074, 20.1177
3d   AP:27.2787, 23.7251, 18.8363
aos  AP:53.40, 44.57, 37.09

[2026-08-22 08:52:54] INFO Car AP@0.70, 0.70, 0.70:
bbox AP:85.1648, 75.4781, 67.6133
bev  AP:27.2510, 22.0890, 18.6533
3d   AP:18.4016, 15.8018, 14.6673
aos  AP:83.53, 72.47, 63.78
Car AP_R40@0.70, 0.70, 0.70:
bbox AP:87.8170, 77.4856, 70.7997
bev  AP:22.7919, 17.1950, 14.3579
3d   AP:12.3836, 9.3200, 8.0081
aos  AP:85.96, 74.14, 66.23
Car AP@0.70, 0.50, 0.50:
bbox AP:85.1648, 75.4781, 67.6133
bev  AP:55.4694, 42.5288, 36.4679
3d   AP:49.2173, 39.6060, 34.2065
aos  AP:83.53, 72.47, 63.78
Car AP_R40@0.70, 0.50, 0.50:
bbox AP:87.8170, 77.4856, 70.7997
bev  AP:53.5452, 39.7662, 35.2259
3d   AP:48.6489, 35.8837, 30.6498
aos  AP:85.96, 74.14, 66.23

[2026-08-22 08:54:33] INFO Cyclist AP@0.50, 0.50, 0.50:
bbox AP:44.0648, 29.0087, 26.8451
bev  AP:4.2487, 2.7437, 2.9101
3d   AP:3.0051, 2.1915, 2.2953
aos  AP:37.61, 24.77, 23.23
Cyclist AP_R40@0.50, 0.50, 0.50:
bbox AP:43.0683, 25.0013, 24.3931
bev  AP:3.3346, 1.7053, 1.7556
3d   AP:2.1405, 1.2416, 1.2417
aos  AP:34.98, 19.91, 19.49
Cyclist AP@0.50, 0.25, 0.25:
bbox AP:44.0648, 29.0087, 26.8451
bev  AP:12.8501, 8.6506, 8.3399
3d   AP:12.7944, 8.6279, 7.1876
aos  AP:37.61, 24.77, 23.23
Cyclist AP_R40@0.50, 0.25, 0.25:
bbox AP:43.0683, 25.0013, 24.3931
bev  AP:11.6142, 6.5255, 6.1057
3d   AP:11.5171, 6.4542, 5.6520
aos  AP:34.98, 19.91, 19.49

[2026-08-22 08:54:33] INFO   Val Car Moderate mAP: 9.3200
[2026-08-22 08:54:34] INFO   Best: 10.6217 @ epoch 194
[2026-08-22 08:55:15] INFO Epoch[216] [37/371]  total=25.4907  loss_ce=0.1260  loss_bbox=0.0222  loss_depth=1.5039  loss_center=0.0139
[2026-08-22 08:55:56] INFO Epoch[216] [74/371]  total=7.6694  loss_ce=0.0709  loss_bbox=0.0112  loss_depth=-0.0127  loss_center=0.0069
[2026-08-22 08:56:37] INFO Epoch[216] [111/371]  total=11.9981  loss_ce=0.0731  loss_bbox=0.0153  loss_depth=0.6590  loss_center=0.0084
[2026-08-22 08:57:18] INFO Epoch[216] [148/371]  total=7.4815  loss_ce=0.0131  loss_bbox=0.0054  loss_depth=0.3558  loss_center=0.0022
[2026-08-22 08:57:58] INFO Epoch[216] [185/371]  total=2.7730  loss_ce=0.0044  loss_bbox=0.0040  loss_depth=-0.1009  loss_center=0.0024
[2026-08-22 08:58:39] INFO Epoch[216] [222/371]  total=11.9431  loss_ce=0.0255  loss_bbox=0.0138  loss_depth=0.6512  loss_center=0.0083
[2026-08-22 08:59:19] INFO Epoch[216] [259/371]  total=6.5265  loss_ce=0.0529  loss_bbox=0.0063  loss_depth=0.3819  loss_center=0.0032
[2026-08-22 09:00:00] INFO Epoch[216] [296/371]  total=15.9734  loss_ce=0.0636  loss_bbox=0.0052  loss_depth=1.2910  loss_center=0.0044
[2026-08-22 09:00:41] INFO Epoch[216] [333/371]  total=29.0493  loss_ce=0.1090  loss_bbox=0.0291  loss_depth=2.4749  loss_center=0.0189
[2026-08-22 09:01:22] INFO Epoch[216] [370/371]  total=4.1848  loss_ce=0.0345  loss_bbox=0.0118  loss_depth=-0.1943  loss_center=0.0057
[2026-08-22 09:01:23] INFO Epoch [216/249] avg_loss=9.7952  time=409.5s  lr=2.00e-05
[2026-08-22 09:01:24] INFO Checkpoint saved after epoch 216
[2026-08-22 09:06:59] INFO ==> Loading detections and GTs...
[2026-08-22 09:06:59] INFO ==> Evaluating (official)...
[2026-08-22 09:08:33] INFO Pedestrian AP@0.50, 0.50, 0.50:
bbox AP:66.2199, 57.9221, 50.1007
bev  AP:14.4451, 12.8041, 12.6518
3d   AP:13.8024, 12.4637, 12.1781
aos  AP:54.78, 47.58, 41.20
Pedestrian AP_R40@0.50, 0.50, 0.50:
bbox AP:65.9085, 55.0520, 47.8995
bev  AP:8.1619, 6.8244, 5.5594
3d   AP:6.6731, 5.8818, 4.4308
aos  AP:53.01, 44.10, 38.03
Pedestrian AP@0.50, 0.25, 0.25:
bbox AP:66.2199, 57.9221, 50.1007
bev  AP:30.4546, 26.5594, 21.4067
3d   AP:29.7024, 25.5533, 20.8858
aos  AP:54.78, 47.58, 41.20
Pedestrian AP_R40@0.50, 0.25, 0.25:
bbox AP:65.9085, 55.0520, 47.8995
bev  AP:25.8605, 21.8234, 18.2388
3d   AP:24.6734, 20.9654, 17.5237
aos  AP:53.01, 44.10, 38.03

[2026-08-22 09:10:07] INFO Car AP@0.70, 0.70, 0.70:
bbox AP:86.8843, 76.9003, 68.7359
bev  AP:25.9547, 21.2033, 17.9402
3d   AP:13.8389, 11.6787, 9.6233
aos  AP:85.16, 73.82, 64.91
Car AP_R40@0.70, 0.70, 0.70:
bbox AP:88.0117, 77.3520, 70.2265
bev  AP:20.8529, 15.6826, 12.9130
3d   AP:11.8098, 8.9832, 7.1364
aos  AP:86.15, 74.10, 65.91
Car AP@0.70, 0.50, 0.50:
bbox AP:86.8843, 76.9003, 68.7359
bev  AP:51.7206, 41.3858, 35.6516
3d   AP:48.4664, 35.7705, 33.1814
aos  AP:85.16, 73.82, 64.91
Car AP_R40@0.70, 0.50, 0.50:
bbox AP:88.0117, 77.3520, 70.2265
bev  AP:51.9314, 37.9665, 32.2160
3d   AP:47.0516, 34.1895, 28.8466
aos  AP:86.15, 74.10, 65.91

[2026-08-22 09:11:41] INFO Cyclist AP@0.50, 0.50, 0.50:
bbox AP:47.6492, 31.5742, 28.1958
bev  AP:3.1989, 2.4542, 2.5302
3d   AP:2.9207, 2.3049, 1.7483
aos  AP:39.15, 26.38, 23.71
Cyclist AP_R40@0.50, 0.50, 0.50:
bbox AP:46.5017, 27.0709, 26.0189
bev  AP:2.5723, 1.4141, 1.3815
3d   AP:2.0707, 1.2260, 1.0228
aos  AP:36.47, 21.25, 20.14
Cyclist AP@0.50, 0.25, 0.25:
bbox AP:47.6492, 31.5742, 28.1958
bev  AP:11.8230, 8.1532, 6.8449
3d   AP:11.2560, 6.7741, 6.6678
aos  AP:39.15, 26.38, 23.71
Cyclist AP_R40@0.50, 0.25, 0.25:
bbox AP:46.5017, 27.0709, 26.0189
bev  AP:10.2939, 5.8486, 5.4474
3d   AP:9.8717, 5.3307, 5.3070
aos  AP:36.47, 21.25, 20.14

[2026-08-22 09:11:41] INFO   Val Car Moderate mAP: 8.9832
[2026-08-22 09:11:42] INFO   Best: 10.6217 @ epoch 194
[2026-08-22 09:12:23] INFO Epoch[217] [37/371]  total=10.0353  loss_ce=0.0510  loss_bbox=0.0062  loss_depth=0.6618  loss_center=0.0037
[2026-08-22 09:13:04] INFO Epoch[217] [74/371]  total=18.4540  loss_ce=0.1489  loss_bbox=0.0282  loss_depth=0.6379  loss_center=0.0181
[2026-08-22 09:13:45] INFO Epoch[217] [111/371]  total=12.9741  loss_ce=0.0912  loss_bbox=0.0174  loss_depth=0.5467  loss_center=0.0082
[2026-08-22 09:14:27] INFO Epoch[217] [148/371]  total=1.5948  loss_ce=0.0032  loss_bbox=0.0019  loss_depth=0.1127  loss_center=0.0015
[2026-08-22 09:15:08] INFO Epoch[217] [185/371]  total=0.9577  loss_ce=0.0059  loss_bbox=0.0012  loss_depth=-0.0886  loss_center=0.0005
[2026-08-22 09:15:50] INFO Epoch[217] [222/371]  total=7.1590  loss_ce=0.0120  loss_bbox=0.0045  loss_depth=0.4170  loss_center=0.0022
[2026-08-22 09:16:31] INFO Epoch[217] [259/371]  total=4.8928  loss_ce=0.0322  loss_bbox=0.0027  loss_depth=0.2614  loss_center=0.0007
[2026-08-22 09:17:13] INFO Epoch[217] [296/371]  total=6.4432  loss_ce=0.0586  loss_bbox=0.0119  loss_depth=-0.0890  loss_center=0.0066
[2026-08-22 09:17:53] INFO Epoch[217] [333/371]  total=18.3419  loss_ce=0.0691  loss_bbox=0.0236  loss_depth=1.3992  loss_center=0.0125
[2026-08-22 09:18:34] INFO Epoch[217] [370/371]  total=0.0202  loss_ce=0.0018  loss_bbox=0.0000  loss_depth=0.0000  loss_center=0.0000
[2026-08-22 09:18:35] INFO Epoch [217/249] avg_loss=10.6395  time=413.5s  lr=2.00e-05
[2026-08-22 09:18:36] INFO Checkpoint saved after epoch 217
[2026-08-22 09:24:15] INFO ==> Loading detections and GTs...
[2026-08-22 09:24:15] INFO ==> Evaluating (official)...
[2026-08-22 09:25:50] INFO Pedestrian AP@0.50, 0.50, 0.50:
bbox AP:65.8471, 57.6474, 49.8771
bev  AP:15.9857, 15.0919, 13.1251
3d   AP:14.7341, 12.7696, 12.4402
aos  AP:54.63, 47.72, 41.24
Pedestrian AP_R40@0.50, 0.50, 0.50:
bbox AP:65.3487, 54.7265, 47.6070
bev  AP:9.6508, 8.3436, 6.7925
3d   AP:8.0229, 6.7931, 5.4261
aos  AP:52.82, 44.12, 38.11
Pedestrian AP@0.50, 0.25, 0.25:
bbox AP:65.8471, 57.6474, 49.8771
bev  AP:31.8098, 27.6424, 25.4893
3d   AP:31.4963, 27.3520, 21.8579
aos  AP:54.63, 47.72, 41.24
Pedestrian AP_R40@0.50, 0.25, 0.25:
bbox AP:65.3487, 54.7265, 47.6070
bev  AP:28.6138, 23.9152, 20.0647
3d   AP:27.4747, 23.6458, 18.8549
aos  AP:52.82, 44.12, 38.11

[2026-08-22 09:27:24] INFO Car AP@0.70, 0.70, 0.70:
bbox AP:85.8506, 76.1120, 68.2771
bev  AP:27.3769, 21.8455, 18.6956
3d   AP:19.0774, 16.1355, 14.9038
aos  AP:84.25, 73.24, 64.59
Car AP_R40@0.70, 0.70, 0.70:
bbox AP:86.7704, 76.5309, 69.7028
bev  AP:23.0100, 16.6720, 14.4306
3d   AP:13.0829, 9.7304, 8.3088
aos  AP:85.04, 73.47, 65.56
Car AP@0.70, 0.50, 0.50:
bbox AP:85.8506, 76.1120, 68.2771
bev  AP:55.7128, 42.4406, 36.6714
3d   AP:49.8207, 36.8080, 34.3202
aos  AP:84.25, 73.24, 64.59
Car AP_R40@0.70, 0.50, 0.50:
bbox AP:86.7704, 76.5309, 69.7028
bev  AP:54.0090, 39.9405, 34.3660
3d   AP:49.6408, 35.4514, 31.0296
aos  AP:85.04, 73.47, 65.56

[2026-08-22 09:28:59] INFO Cyclist AP@0.50, 0.50, 0.50:
bbox AP:46.8187, 30.9316, 27.7231
bev  AP:5.3224, 3.0385, 2.8742
3d   AP:3.3077, 2.5008, 2.6154
aos  AP:39.01, 26.10, 23.53
Cyclist AP_R40@0.50, 0.50, 0.50:
bbox AP:46.3202, 26.5152, 25.4681
bev  AP:4.0157, 2.1590, 1.8201
3d   AP:2.6886, 1.4158, 1.3814
aos  AP:36.94, 21.10, 20.01
Cyclist AP@0.50, 0.25, 0.25:
bbox AP:46.8187, 30.9316, 27.7231
bev  AP:12.5302, 8.2578, 6.9581
3d   AP:11.6102, 6.7126, 6.8182
aos  AP:39.01, 26.10, 23.53
Cyclist AP_R40@0.50, 0.25, 0.25:
bbox AP:46.3202, 26.5152, 25.4681
bev  AP:10.8936, 5.9365, 5.5483
3d   AP:9.9810, 5.3738, 5.4322
aos  AP:36.94, 21.10, 20.01

[2026-08-22 09:28:59] INFO   Val Car Moderate mAP: 9.7304
[2026-08-22 09:29:00] INFO   Best: 10.6217 @ epoch 194
[2026-08-22 09:29:41] INFO Epoch[218] [37/371]  total=21.9780  loss_ce=0.1172  loss_bbox=0.0286  loss_depth=1.3887  loss_center=0.0164
[2026-08-22 09:30:21] INFO Epoch[218] [74/371]  total=3.3535  loss_ce=0.0220  loss_bbox=0.0041  loss_depth=0.1162  loss_center=0.0019
[2026-08-22 09:31:02] INFO Epoch[218] [111/371]  total=24.1670  loss_ce=0.1444  loss_bbox=0.0170  loss_depth=1.3693  loss_center=0.0214
[2026-08-22 09:31:43] INFO Epoch[218] [148/371]  total=27.3700  loss_ce=0.2157  loss_bbox=0.0340  loss_depth=0.7496  loss_center=0.0109
[2026-08-22 09:32:23] INFO Epoch[218] [185/371]  total=3.9228  loss_ce=0.0223  loss_bbox=0.0049  loss_depth=-0.0501  loss_center=0.0026
[2026-08-22 09:33:04] INFO Epoch[218] [222/371]  total=5.5087  loss_ce=0.0171  loss_bbox=0.0035  loss_depth=0.5229  loss_center=0.0018
[2026-08-22 09:33:45] INFO Epoch[218] [259/371]  total=2.4177  loss_ce=0.0339  loss_bbox=0.0085  loss_depth=-0.1956  loss_center=0.0030
[2026-08-22 09:34:25] INFO Epoch[218] [296/371]  total=16.3422  loss_ce=0.1392  loss_bbox=0.0242  loss_depth=0.9157  loss_center=0.0135
[2026-08-22 09:35:06] INFO Epoch[218] [333/371]  total=19.0952  loss_ce=0.0900  loss_bbox=0.0191  loss_depth=1.1473  loss_center=0.0079
[2026-08-22 09:35:46] INFO Epoch[218] [370/371]  total=8.4402  loss_ce=0.0257  loss_bbox=0.0062  loss_depth=0.7088  loss_center=0.0043
[2026-08-22 09:35:47] INFO Epoch [218/249] avg_loss=10.1588  time=407.0s  lr=2.00e-05
[2026-08-22 09:35:48] INFO Checkpoint saved after epoch 218
[2026-08-22 09:41:23] INFO ==> Loading detections and GTs...
[2026-08-22 09:41:23] INFO ==> Evaluating (official)...
[2026-08-22 09:43:00] INFO Pedestrian AP@0.50, 0.50, 0.50:
bbox AP:66.0027, 58.0261, 50.1058
bev  AP:16.0704, 15.0505, 13.0051
3d   AP:14.8568, 12.7696, 12.5158
aos  AP:55.00, 48.19, 41.60
Pedestrian AP_R40@0.50, 0.50, 0.50:
bbox AP:65.6579, 56.7303, 47.7982
bev  AP:9.7279, 8.0427, 6.6664
3d   AP:8.1058, 6.7008, 5.4241
aos  AP:53.23, 45.85, 38.37
Pedestrian AP@0.50, 0.25, 0.25:
bbox AP:66.0027, 58.0261, 50.1058
bev  AP:32.4801, 27.9768, 25.7021
3d   AP:31.8980, 27.6830, 25.4687
aos  AP:55.00, 48.19, 41.60
Pedestrian AP_R40@0.50, 0.25, 0.25:
bbox AP:65.6579, 56.7303, 47.7982
bev  AP:29.2448, 24.5359, 20.5362
3d   AP:28.6123, 24.1156, 20.1506
aos  AP:53.23, 45.85, 38.37

[2026-08-22 09:44:36] INFO Car AP@0.70, 0.70, 0.70:
bbox AP:84.8958, 75.6881, 67.8500
bev  AP:26.8387, 21.4136, 18.2388
3d   AP:18.5001, 15.6636, 14.6678
aos  AP:83.54, 73.04, 64.32
Car AP_R40@0.70, 0.70, 0.70:
bbox AP:87.5740, 77.8107, 69.2099
bev  AP:22.1477, 16.1045, 13.2641
3d   AP:12.6324, 9.4294, 8.0222
aos  AP:86.05, 74.83, 65.22
Car AP@0.70, 0.50, 0.50:
bbox AP:84.8958, 75.6881, 67.8500
bev  AP:54.8860, 41.3574, 35.8636
3d   AP:48.7220, 35.9824, 33.3130
aos  AP:83.54, 73.04, 64.32
Car AP_R40@0.70, 0.50, 0.50:
bbox AP:87.5740, 77.8107, 69.2099
bev  AP:53.1438, 38.1920, 33.5374
3d   AP:47.4748, 34.6032, 29.1452
aos  AP:86.05, 74.83, 65.22

[2026-08-22 09:46:12] INFO Cyclist AP@0.50, 0.50, 0.50:
bbox AP:46.4087, 31.0618, 31.3497
bev  AP:4.8741, 2.8331, 2.7691
3d   AP:3.5094, 2.4618, 2.5378
aos  AP:37.71, 25.19, 25.47
Cyclist AP_R40@0.50, 0.50, 0.50:
bbox AP:45.7983, 26.3263, 26.4936
bev  AP:3.4980, 1.7185, 1.6562
3d   AP:2.7252, 1.4138, 1.4121
aos  AP:35.30, 20.06, 20.06
Cyclist AP@0.50, 0.25, 0.25:
bbox AP:46.4087, 31.0618, 31.3497
bev  AP:12.3676, 8.1993, 8.3032
3d   AP:12.0877, 8.0294, 7.0022
aos  AP:37.71, 25.19, 25.47
Cyclist AP_R40@0.50, 0.25, 0.25:
bbox AP:45.7983, 26.3263, 26.4936
bev  AP:11.1304, 6.0326, 6.0162
3d   AP:10.3513, 5.7915, 5.3828
aos  AP:35.30, 20.06, 20.06

[2026-08-22 09:46:12] INFO   Val Car Moderate mAP: 9.4294
[2026-08-22 09:46:13] INFO   Best: 10.6217 @ epoch 194
[2026-08-22 09:46:54] INFO Epoch[219] [37/371]  total=14.8946  loss_ce=0.0887  loss_bbox=0.0147  loss_depth=0.9091  loss_center=0.0073
[2026-08-22 09:47:36] INFO Epoch[219] [74/371]  total=5.7365  loss_ce=0.0110  loss_bbox=0.0059  loss_depth=0.2131  loss_center=0.0035
[2026-08-22 09:48:17] INFO Epoch[219] [111/371]  total=7.2865  loss_ce=0.0277  loss_bbox=0.0054  loss_depth=0.5001  loss_center=0.0029
[2026-08-22 09:48:59] INFO Epoch[219] [148/371]  total=18.5908  loss_ce=0.0724  loss_bbox=0.0263  loss_depth=0.9038  loss_center=0.0086
[2026-08-22 09:49:40] INFO Epoch[219] [185/371]  total=1.4444  loss_ce=0.0021  loss_bbox=0.0070  loss_depth=-0.0741  loss_center=0.0031
[2026-08-22 09:50:21] INFO Epoch[219] [222/371]  total=11.7188  loss_ce=0.0498  loss_bbox=0.0135  loss_depth=0.5956  loss_center=0.0091
[2026-08-22 09:51:02] INFO Epoch[219] [259/371]  total=4.9305  loss_ce=0.0052  loss_bbox=0.0034  loss_depth=0.2489  loss_center=0.0018
[2026-08-22 09:51:43] INFO Epoch[219] [296/371]  total=7.5262  loss_ce=0.0445  loss_bbox=0.0112  loss_depth=0.4112  loss_center=0.0049
[2026-08-22 09:52:24] INFO Epoch[219] [333/371]  total=12.9404  loss_ce=0.0487  loss_bbox=0.0099  loss_depth=1.1316  loss_center=0.0034
[2026-08-22 09:53:05] INFO Epoch[219] [370/371]  total=10.9484  loss_ce=0.0754  loss_bbox=0.0077  loss_depth=0.7055  loss_center=0.0040
[2026-08-22 09:53:06] INFO Epoch [219/249] avg_loss=9.6661  time=413.5s  lr=2.00e-05
[2026-08-22 09:53:07] INFO Checkpoint saved after epoch 219
[2026-08-22 09:58:41] INFO ==> Loading detections and GTs...
[2026-08-22 09:58:42] INFO ==> Evaluating (official)...
[2026-08-22 10:00:23] INFO Pedestrian AP@0.50, 0.50, 0.50:
bbox AP:65.9110, 57.7976, 49.9091
bev  AP:16.1473, 15.2278, 13.2882
3d   AP:15.0760, 14.6296, 12.8485
aos  AP:55.78, 48.63, 42.00
Pedestrian AP_R40@0.50, 0.50, 0.50:
bbox AP:65.4340, 56.5213, 47.6385
bev  AP:9.7997, 8.4271, 7.0117
3d   AP:8.2023, 7.2706, 5.6409
aos  AP:54.04, 46.40, 38.84
Pedestrian AP@0.50, 0.25, 0.25:
bbox AP:65.9110, 57.7976, 49.9091
bev  AP:32.1590, 27.6957, 22.0931
3d   AP:31.9710, 27.6066, 22.0045
aos  AP:55.78, 48.63, 42.00
Pedestrian AP_R40@0.50, 0.25, 0.25:
bbox AP:65.4340, 56.5213, 47.6385
bev  AP:29.0718, 24.2073, 19.1015
3d   AP:28.8854, 24.0889, 18.9996
aos  AP:54.04, 46.40, 38.84

[2026-08-22 10:02:03] INFO Car AP@0.70, 0.70, 0.70:
bbox AP:84.7296, 75.2048, 67.5295
bev  AP:26.8925, 21.6255, 18.3418
3d   AP:13.8389, 11.8208, 11.0761
aos  AP:82.95, 72.17, 63.60
Car AP_R40@0.70, 0.70, 0.70:
bbox AP:85.9873, 75.4852, 68.8270
bev  AP:22.5726, 16.3295, 13.4576
3d   AP:11.8295, 9.1521, 7.7689
aos  AP:84.12, 72.28, 64.40
Car AP@0.70, 0.50, 0.50:
bbox AP:84.7296, 75.2048, 67.5295
bev  AP:55.2152, 41.3422, 36.0871
3d   AP:48.8586, 36.0814, 33.5466
aos  AP:82.95, 72.17, 63.60
Car AP_R40@0.70, 0.50, 0.50:
bbox AP:85.9873, 75.4852, 68.8270
bev  AP:53.3432, 38.1964, 33.7290
3d   AP:47.6387, 34.5549, 30.2383
aos  AP:84.12, 72.28, 64.40

[2026-08-22 10:03:42] INFO Cyclist AP@0.50, 0.50, 0.50:
bbox AP:49.5696, 32.2928, 32.5011
bev  AP:4.0404, 2.8004, 2.9005
3d   AP:3.9464, 2.7058, 2.8224
aos  AP:39.52, 26.31, 26.24
Cyclist AP_R40@0.50, 0.50, 0.50:
bbox AP:49.1334, 28.0589, 27.9137
bev  AP:3.1788, 1.6948, 1.7197
3d   AP:3.0163, 1.6105, 1.6388
aos  AP:37.02, 21.09, 20.91
Cyclist AP@0.50, 0.25, 0.25:
bbox AP:49.5696, 32.2928, 32.5011
bev  AP:13.8133, 9.2104, 9.0634
3d   AP:13.7833, 9.1832, 7.7938
aos  AP:39.52, 26.31, 26.24
Cyclist AP_R40@0.50, 0.25, 0.25:
bbox AP:49.1334, 28.0589, 27.9137
bev  AP:12.5594, 6.8711, 6.5444
3d   AP:11.9134, 6.7942, 5.9213
aos  AP:37.02, 21.09, 20.91

[2026-08-22 10:03:42] INFO   Val Car Moderate mAP: 9.1521
[2026-08-22 10:03:43] INFO   Best: 10.6217 @ epoch 194
[2026-08-22 10:04:23] INFO Epoch[220] [37/371]  total=8.0042  loss_ce=0.0446  loss_bbox=0.0044  loss_depth=0.4472  loss_center=0.0030
[2026-08-22 10:05:04] INFO Epoch[220] [74/371]  total=7.0914  loss_ce=0.0131  loss_bbox=0.0054  loss_depth=0.2639  loss_center=0.0036
[2026-08-22 10:05:45] INFO Epoch[220] [111/371]  total=10.0568  loss_ce=0.0427  loss_bbox=0.0064  loss_depth=0.5680  loss_center=0.0069
[2026-08-22 10:06:25] INFO Epoch[220] [148/371]  total=37.4965  loss_ce=0.2061  loss_bbox=0.0452  loss_depth=2.2657  loss_center=0.0259
[2026-08-22 10:07:06] INFO Epoch[220] [185/371]  total=8.4045  loss_ce=0.0522  loss_bbox=0.0243  loss_depth=-0.2338  loss_center=0.0123
[2026-08-22 10:07:47] INFO Epoch[220] [222/371]  total=21.8473  loss_ce=0.1075  loss_bbox=0.0285  loss_depth=0.9444  loss_center=0.0174
[2026-08-22 10:08:28] INFO Epoch[220] [259/371]  total=5.9445  loss_ce=0.0106  loss_bbox=0.0053  loss_depth=0.2180  loss_center=0.0063
[2026-08-22 10:09:09] INFO Epoch[220] [296/371]  total=12.1868  loss_ce=0.0471  loss_bbox=0.0167  loss_depth=0.3953  loss_center=0.0086
[2026-08-22 10:09:50] INFO Epoch[220] [333/371]  total=31.5791  loss_ce=0.1819  loss_bbox=0.0256  loss_depth=1.5195  loss_center=0.0197
[2026-08-22 10:10:32] INFO Epoch[220] [370/371]  total=6.2897  loss_ce=0.0225  loss_bbox=0.0037  loss_depth=0.3508  loss_center=0.0021
[2026-08-22 10:10:33] INFO Epoch [220/249] avg_loss=9.8658  time=409.9s  lr=2.00e-05
[2026-08-22 10:10:33] INFO Checkpoint saved after epoch 220
[2026-08-22 10:16:12] INFO ==> Loading detections and GTs...
[2026-08-22 10:16:12] INFO ==> Evaluating (official)...
[2026-08-22 10:17:52] INFO Pedestrian AP@0.50, 0.50, 0.50:
bbox AP:66.5502, 58.2641, 50.2195
bev  AP:15.1935, 14.9227, 12.9439
3d   AP:14.4946, 12.7525, 12.4516
aos  AP:57.08, 49.71, 42.75
Pedestrian AP_R40@0.50, 0.50, 0.50:
bbox AP:66.1322, 55.2527, 48.0750
bev  AP:8.6086, 7.7871, 5.8423
3d   AP:8.1003, 6.5910, 5.3952
aos  AP:55.56, 46.22, 39.91
Pedestrian AP@0.50, 0.25, 0.25:
bbox AP:66.5502, 58.2641, 50.2195
bev  AP:30.8393, 26.7648, 21.6893
3d   AP:30.5346, 26.4765, 21.4962
aos  AP:57.08, 49.71, 42.75
Pedestrian AP_R40@0.50, 0.25, 0.25:
bbox AP:66.1322, 55.2527, 48.0750
bev  AP:26.7048, 22.2838, 18.6786
3d   AP:26.3511, 21.9721, 18.4386
aos  AP:55.56, 46.22, 39.91

[2026-08-22 10:19:32] INFO Car AP@0.70, 0.70, 0.70:
bbox AP:86.1110, 76.4234, 68.4406
bev  AP:24.1560, 18.2612, 16.9234
3d   AP:12.0456, 10.4277, 8.7015
aos  AP:84.26, 73.14, 64.48
Car AP_R40@0.70, 0.70, 0.70:
bbox AP:87.3291, 78.5659, 71.7026
bev  AP:18.8333, 13.5901, 11.1484
3d   AP:10.0348, 7.6209, 6.3728
aos  AP:85.36, 74.94, 66.98
Car AP@0.70, 0.50, 0.50:
bbox AP:86.1110, 76.4234, 68.4406
bev  AP:51.0451, 40.3738, 34.6947
3d   AP:47.4527, 34.8461, 32.3375
aos  AP:84.26, 73.14, 64.48
Car AP_R40@0.70, 0.50, 0.50:
bbox AP:87.3291, 78.5659, 71.7026
bev  AP:51.1023, 36.9154, 31.3214
3d   AP:45.3048, 32.3052, 27.9556
aos  AP:85.36, 74.94, 66.98

[2026-08-22 10:21:12] INFO Cyclist AP@0.50, 0.50, 0.50:
bbox AP:46.8832, 31.4589, 31.3029
bev  AP:4.1227, 2.5270, 2.5812
3d   AP:4.1227, 2.5016, 2.5558
aos  AP:37.55, 25.70, 25.24
Cyclist AP_R40@0.50, 0.50, 0.50:
bbox AP:46.3832, 26.6726, 26.7922
bev  AP:2.8403, 1.4928, 1.4476
3d   AP:2.7471, 1.4196, 1.4350
aos  AP:34.91, 20.00, 19.95
Cyclist AP@0.50, 0.25, 0.25:
bbox AP:46.8832, 31.4589, 31.3029
bev  AP:12.1448, 8.4149, 7.2503
3d   AP:12.0636, 8.3774, 7.2503
aos  AP:37.55, 25.70, 25.24
Cyclist AP_R40@0.50, 0.25, 0.25:
bbox AP:46.3832, 26.6726, 26.7922
bev  AP:10.4017, 6.0278, 5.5896
3d   AP:10.1998, 5.9232, 5.4594
aos  AP:34.91, 20.00, 19.95

[2026-08-22 10:21:12] INFO   Val Car Moderate mAP: 7.6209
[2026-08-22 10:21:13] INFO   Best: 10.6217 @ epoch 194
[2026-08-22 10:21:53] INFO Epoch[221] [37/371]  total=34.1345  loss_ce=0.2218  loss_bbox=0.0582  loss_depth=1.6328  loss_center=0.0282
[2026-08-22 10:22:34] INFO Epoch[221] [74/371]  total=5.5863  loss_ce=0.0303  loss_bbox=0.0097  loss_depth=0.0648  loss_center=0.0043
[2026-08-22 10:23:14] INFO Epoch[221] [111/371]  total=3.7899  loss_ce=0.0107  loss_bbox=0.0051  loss_depth=0.3072  loss_center=0.0028
[2026-08-22 10:23:55] INFO Epoch[221] [148/371]  total=13.3091  loss_ce=0.0898  loss_bbox=0.0122  loss_depth=0.6280  loss_center=0.0069
[2026-08-22 10:24:37] INFO Epoch[221] [185/371]  total=8.1856  loss_ce=0.0313  loss_bbox=0.0069  loss_depth=0.3296  loss_center=0.0057
[2026-08-22 10:25:18] INFO Epoch[221] [222/371]  total=10.2292  loss_ce=0.0428  loss_bbox=0.0162  loss_depth=0.0716  loss_center=0.0081
[2026-08-22 10:26:00] INFO Epoch[221] [259/371]  total=4.2197  loss_ce=0.0517  loss_bbox=0.0061  loss_depth=0.0951  loss_center=0.0020
[2026-08-22 10:26:41] INFO Epoch[221] [296/371]  total=5.6078  loss_ce=0.0314  loss_bbox=0.0054  loss_depth=0.1084  loss_center=0.0024
[2026-08-22 10:27:22] INFO Epoch[221] [333/371]  total=9.5868  loss_ce=0.0740  loss_bbox=0.0177  loss_depth=-0.1326  loss_center=0.0104
[2026-08-22 10:28:04] INFO Epoch[221] [370/371]  total=11.6180  loss_ce=0.0350  loss_bbox=0.0074  loss_depth=1.0975  loss_center=0.0053
[2026-08-22 10:28:05] INFO Epoch [221/249] avg_loss=10.3236  time=412.0s  lr=2.00e-05
[2026-08-22 10:28:05] INFO Checkpoint saved after epoch 221
[2026-08-22 10:33:43] INFO ==> Loading detections and GTs...
[2026-08-22 10:33:44] INFO ==> Evaluating (official)...
[2026-08-22 10:35:19] INFO Pedestrian AP@0.50, 0.50, 0.50:
bbox AP:66.2892, 58.0194, 50.0350
bev  AP:15.8022, 15.0369, 13.0285
3d   AP:14.5924, 12.6456, 12.5217
aos  AP:56.38, 49.10, 42.19
Pedestrian AP_R40@0.50, 0.50, 0.50:
bbox AP:65.9047, 55.0765, 47.8489
bev  AP:9.4129, 7.9276, 6.5330
3d   AP:7.8263, 6.4396, 5.1739
aos  AP:54.64, 45.64, 39.32
Pedestrian AP@0.50, 0.25, 0.25:
bbox AP:66.2892, 58.0194, 50.0350
bev  AP:32.3356, 27.6674, 25.8894
3d   AP:31.4567, 27.1523, 22.0216
aos  AP:56.38, 49.10, 42.19
Pedestrian AP_R40@0.50, 0.25, 0.25:
bbox AP:65.9047, 55.0765, 47.8489
bev  AP:29.1822, 24.3515, 20.3707
3d   AP:27.4632, 23.7763, 18.8913
aos  AP:54.64, 45.64, 39.32

[2026-08-22 10:36:54] INFO Car AP@0.70, 0.70, 0.70:
bbox AP:85.6102, 76.3688, 68.4059
bev  AP:25.7770, 20.8580, 17.6901
3d   AP:17.0374, 14.5607, 12.7743
aos  AP:84.01, 73.36, 64.64
Car AP_R40@0.70, 0.70, 0.70:
bbox AP:86.7869, 78.5487, 69.8324
bev  AP:20.9589, 15.2886, 12.6320
3d   AP:10.7613, 8.4236, 6.8279
aos  AP:85.09, 75.18, 65.55
Car AP@0.70, 0.50, 0.50:
bbox AP:85.6102, 76.3688, 68.4059
bev  AP:55.0234, 41.1223, 35.4392
3d   AP:48.6579, 35.8322, 33.0943
aos  AP:84.01, 73.36, 64.64
Car AP_R40@0.70, 0.50, 0.50:
bbox AP:86.7869, 78.5487, 69.8324
bev  AP:53.0268, 37.7994, 32.0752
3d   AP:47.2980, 34.0863, 28.8278
aos  AP:85.09, 75.18, 65.55

[2026-08-22 10:38:29] INFO Cyclist AP@0.50, 0.50, 0.50:
bbox AP:47.6427, 31.4445, 31.0993
bev  AP:4.5864, 3.0358, 3.0054
3d   AP:4.2781, 2.9370, 2.8999
aos  AP:38.78, 25.66, 25.10
Cyclist AP_R40@0.50, 0.50, 0.50:
bbox AP:47.5014, 27.1902, 26.9352
bev  AP:3.6877, 1.9766, 1.8842
3d   AP:3.4106, 1.8789, 1.7580
aos  AP:37.16, 20.90, 20.70
Cyclist AP@0.50, 0.25, 0.25:
bbox AP:47.6427, 31.4445, 31.0993
bev  AP:12.8385, 8.7767, 7.3603
3d   AP:12.8309, 8.7751, 7.3603
aos  AP:38.78, 25.66, 25.10
Cyclist AP_R40@0.50, 0.25, 0.25:
bbox AP:47.5014, 27.1902, 26.9352
bev  AP:11.6697, 6.4676, 5.8725
3d   AP:11.6634, 6.4616, 5.7845
aos  AP:37.16, 20.90, 20.70

[2026-08-22 10:38:29] INFO   Val Car Moderate mAP: 8.4236
[2026-08-22 10:38:30] INFO   Best: 10.6217 @ epoch 194
[2026-08-22 10:39:11] INFO Epoch[222] [37/371]  total=6.9426  loss_ce=0.0447  loss_bbox=0.0046  loss_depth=0.3647  loss_center=0.0020
[2026-08-22 10:39:52] INFO Epoch[222] [74/371]  total=0.6179  loss_ce=0.0025  loss_bbox=0.0040  loss_depth=-0.1143  loss_center=0.0009
[2026-08-22 10:40:34] INFO Epoch[222] [111/371]  total=21.2946  loss_ce=0.0794  loss_bbox=0.0142  loss_depth=1.4176  loss_center=0.0093
[2026-08-22 10:41:15] INFO Epoch[222] [148/371]  total=2.0461  loss_ce=0.0135  loss_bbox=0.0061  loss_depth=-0.1082  loss_center=0.0041
[2026-08-22 10:41:57] INFO Epoch[222] [185/371]  total=3.6409  loss_ce=0.0076  loss_bbox=0.0033  loss_depth=0.1001  loss_center=0.0018
[2026-08-22 10:42:38] INFO Epoch[222] [222/371]  total=4.3221  loss_ce=0.0419  loss_bbox=0.0187  loss_depth=-0.1237  loss_center=0.0077
[2026-08-22 10:43:19] INFO Epoch[222] [259/371]  total=26.1487  loss_ce=0.1425  loss_bbox=0.0248  loss_depth=1.6808  loss_center=0.0175
[2026-08-22 10:44:00] INFO Epoch[222] [296/371]  total=9.5252  loss_ce=0.0399  loss_bbox=0.0106  loss_depth=0.5662  loss_center=0.0036
[2026-08-22 10:44:42] INFO Epoch[222] [333/371]  total=9.1991  loss_ce=0.0728  loss_bbox=0.0150  loss_depth=0.1711  loss_center=0.0074
[2026-08-22 10:45:23] INFO Epoch[222] [370/371]  total=6.2102  loss_ce=0.0499  loss_bbox=0.0085  loss_depth=0.2290  loss_center=0.0038
[2026-08-22 10:45:24] INFO Epoch [222/249] avg_loss=9.7820  time=414.6s  lr=2.00e-05
[2026-08-22 10:45:25] INFO Checkpoint saved after epoch 222
[2026-08-22 10:51:02] INFO ==> Loading detections and GTs...
[2026-08-22 10:51:03] INFO ==> Evaluating (official)...
[2026-08-22 10:52:39] INFO Pedestrian AP@0.50, 0.50, 0.50:
bbox AP:65.5957, 57.6639, 49.5535
bev  AP:16.1291, 15.1010, 12.9514
3d   AP:14.9728, 12.6139, 12.4459
aos  AP:55.10, 48.19, 41.43
Pedestrian AP_R40@0.50, 0.50, 0.50:
bbox AP:63.4476, 54.5141, 45.6038
bev  AP:9.7890, 8.2594, 6.7546
3d   AP:8.0359, 6.5896, 5.3351
aos  AP:52.05, 44.50, 37.00
Pedestrian AP@0.50, 0.25, 0.25:
bbox AP:65.5957, 57.6639, 49.5535
bev  AP:32.4507, 28.0514, 25.7653
3d   AP:32.0351, 27.6121, 25.4642
aos  AP:55.10, 48.19, 41.43
Pedestrian AP_R40@0.50, 0.25, 0.25:
bbox AP:63.4476, 54.5141, 45.6038
bev  AP:29.1518, 24.2013, 20.3295
3d   AP:28.7037, 23.8087, 19.9219
aos  AP:52.05, 44.50, 37.00

[2026-08-22 10:54:15] INFO Car AP@0.70, 0.70, 0.70:
bbox AP:84.4294, 75.0650, 67.4385
bev  AP:26.2398, 21.3050, 18.1266
3d   AP:18.2419, 15.4731, 14.5885
aos  AP:82.85, 72.14, 63.65
Car AP_R40@0.70, 0.70, 0.70:
bbox AP:85.4325, 75.4926, 68.7732
bev  AP:21.9369, 15.8977, 13.0916
3d   AP:11.6943, 9.0714, 7.7611
aos  AP:83.70, 72.38, 64.48
Car AP@0.70, 0.50, 0.50:
bbox AP:84.4294, 75.0650, 67.4385
bev  AP:54.9779, 41.7166, 35.9469
3d   AP:48.8380, 36.1409, 33.6611
aos  AP:82.85, 72.14, 63.65
Car AP_R40@0.70, 0.50, 0.50:
bbox AP:85.4325, 75.4926, 68.7732
bev  AP:53.0283, 39.2038, 33.6100
3d   AP:48.2973, 34.6049, 30.2016
aos  AP:83.70, 72.38, 64.48

[2026-08-22 10:55:52] INFO Cyclist AP@0.50, 0.50, 0.50:
bbox AP:44.6239, 29.0904, 26.4515
bev  AP:5.0242, 2.8502, 2.7684
3d   AP:4.2058, 2.7531, 2.5424
aos  AP:36.93, 24.50, 22.45
Cyclist AP_R40@0.50, 0.50, 0.50:
bbox AP:42.8516, 24.8625, 23.9722
bev  AP:3.5484, 1.9200, 1.6964
3d   AP:3.1982, 1.6583, 1.5262
aos  AP:34.18, 19.61, 18.91
Cyclist AP@0.50, 0.25, 0.25:
bbox AP:44.6239, 29.0904, 26.4515
bev  AP:10.9435, 7.6209, 6.6754
3d   AP:10.8493, 7.5946, 6.6754
aos  AP:36.93, 24.50, 22.45
Cyclist AP_R40@0.50, 0.25, 0.25:
bbox AP:42.8516, 24.8625, 23.9722
bev  AP:9.5225, 5.4605, 5.1236
3d   AP:9.5095, 5.4317, 5.0241
aos  AP:34.18, 19.61, 18.91

[2026-08-22 10:55:52] INFO   Val Car Moderate mAP: 9.0714
[2026-08-22 10:55:52] INFO   Best: 10.6217 @ epoch 194
[2026-08-22 10:56:32] INFO Epoch[223] [37/371]  total=12.5591  loss_ce=0.0551  loss_bbox=0.0162  loss_depth=0.5462  loss_center=0.0075
[2026-08-22 10:57:13] INFO Epoch[223] [74/371]  total=14.3291  loss_ce=0.0546  loss_bbox=0.0091  loss_depth=1.0437  loss_center=0.0070
[2026-08-22 10:57:53] INFO Epoch[223] [111/371]  total=10.9542  loss_ce=0.0489  loss_bbox=0.0242  loss_depth=0.2960  loss_center=0.0137
[2026-08-22 10:58:34] INFO Epoch[223] [148/371]  total=1.0578  loss_ce=0.0055  loss_bbox=0.0020  loss_depth=0.0579  loss_center=0.0006
[2026-08-22 10:59:15] INFO Epoch[223] [185/371]  total=8.3873  loss_ce=0.0165  loss_bbox=0.0047  loss_depth=0.4117  loss_center=0.0022
[2026-08-22 10:59:56] INFO Epoch[223] [222/371]  total=2.4219  loss_ce=0.0176  loss_bbox=0.0024  loss_depth=-0.0053  loss_center=0.0013
[2026-08-22 11:00:36] INFO Epoch[223] [259/371]  total=17.4928  loss_ce=0.1002  loss_bbox=0.0236  loss_depth=0.6382  loss_center=0.0125
[2026-08-22 11:01:18] INFO Epoch[223] [296/371]  total=3.3199  loss_ce=0.0390  loss_bbox=0.0046  loss_depth=0.1161  loss_center=0.0031
[2026-08-22 11:01:59] INFO Epoch[223] [333/371]  total=10.2428  loss_ce=0.0638  loss_bbox=0.0121  loss_depth=0.1755  loss_center=0.0077
[2026-08-22 11:02:41] INFO Epoch[223] [370/371]  total=10.8492  loss_ce=0.0599  loss_bbox=0.0111  loss_depth=0.3400  loss_center=0.0044
[2026-08-22 11:02:42] INFO Epoch [223/249] avg_loss=10.4941  time=409.8s  lr=2.00e-05
[2026-08-22 11:02:42] INFO Checkpoint saved after epoch 223
[2026-08-22 11:08:19] INFO ==> Loading detections and GTs...
[2026-08-22 11:08:20] INFO ==> Evaluating (official)...
[2026-08-22 11:10:00] INFO Pedestrian AP@0.50, 0.50, 0.50:
bbox AP:65.6439, 57.5325, 49.6344
bev  AP:16.0223, 14.9914, 13.0206
3d   AP:14.9157, 12.6697, 12.5458
aos  AP:55.16, 48.09, 41.49
Pedestrian AP_R40@0.50, 0.50, 0.50:
bbox AP:65.0682, 56.2514, 47.3769
bev  AP:9.6604, 8.1933, 6.7351
3d   AP:8.0035, 6.6520, 5.3812
aos  AP:53.26, 45.78, 38.36
Pedestrian AP@0.50, 0.25, 0.25:
bbox AP:65.6439, 57.5325, 49.6344
bev  AP:31.9104, 27.3290, 25.2480
3d   AP:31.2091, 26.8765, 21.5964
aos  AP:55.16, 48.09, 41.49
Pedestrian AP_R40@0.50, 0.25, 0.25:
bbox AP:65.0682, 56.2514, 47.3769
bev  AP:28.4292, 23.6046, 19.7170
3d   AP:27.8277, 23.1995, 18.4333
aos  AP:53.26, 45.78, 38.36

[2026-08-22 11:11:40] INFO Car AP@0.70, 0.70, 0.70:
bbox AP:84.6935, 75.8706, 67.9476
bev  AP:27.5930, 22.5022, 19.0205
3d   AP:13.9899, 12.4214, 11.2021
aos  AP:83.09, 72.91, 64.15
Car AP_R40@0.70, 0.70, 0.70:
bbox AP:85.7141, 77.8929, 69.3225
bev  AP:23.3547, 17.6957, 14.8474
3d   AP:12.3577, 9.8959, 8.1971
aos  AP:84.01, 74.63, 65.03
Car AP@0.70, 0.50, 0.50:
bbox AP:84.6935, 75.8706, 67.9476
bev  AP:55.2466, 42.7192, 36.8334
3d   AP:49.0272, 39.8553, 34.5540
aos  AP:83.09, 72.91, 64.15
Car AP_R40@0.70, 0.50, 0.50:
bbox AP:85.7141, 77.8929, 69.3225
bev  AP:53.4876, 40.0518, 35.6850
3d   AP:48.6390, 36.2734, 31.0774
aos  AP:84.01, 74.63, 65.03

[2026-08-22 11:13:20] INFO Cyclist AP@0.50, 0.50, 0.50:
bbox AP:44.7364, 29.6159, 29.7676
bev  AP:3.9165, 2.6849, 2.5891
3d   AP:3.5616, 2.5678, 2.5009
aos  AP:36.86, 24.36, 24.23
Cyclist AP_R40@0.50, 0.50, 0.50:
bbox AP:43.5008, 25.1578, 24.9826
bev  AP:2.9984, 1.5909, 1.5287
3d   AP:2.6907, 1.5176, 1.4474
aos  AP:34.19, 19.56, 19.25
Cyclist AP@0.50, 0.25, 0.25:
bbox AP:44.7364, 29.6159, 29.7676
bev  AP:11.3487, 7.8951, 7.8405
3d   AP:11.3455, 7.8925, 7.8196
aos  AP:36.86, 24.36, 24.23
Cyclist AP_R40@0.50, 0.25, 0.25:
bbox AP:43.5008, 25.1578, 24.9826
bev  AP:10.2028, 5.7350, 5.6327
3d   AP:10.1975, 5.7320, 5.5643
aos  AP:34.19, 19.56, 19.25

[2026-08-22 11:13:20] INFO   Val Car Moderate mAP: 9.8959
[2026-08-22 11:13:21] INFO   Best: 10.6217 @ epoch 194
[2026-08-22 11:14:02] INFO Epoch[224] [37/371]  total=7.5368  loss_ce=0.0735  loss_bbox=0.0166  loss_depth=0.0451  loss_center=0.0070
[2026-08-22 11:14:43] INFO Epoch[224] [74/371]  total=9.3106  loss_ce=0.0225  loss_bbox=0.0074  loss_depth=0.5446  loss_center=0.0042
[2026-08-22 11:15:24] INFO Epoch[224] [111/371]  total=1.6985  loss_ce=0.0116  loss_bbox=0.0033  loss_depth=-0.1352  loss_center=0.0022
[2026-08-22 11:16:04] INFO Epoch[224] [148/371]  total=3.9773  loss_ce=0.0544  loss_bbox=0.0066  loss_depth=-0.2414  loss_center=0.0036
[2026-08-22 11:16:45] INFO Epoch[224] [185/371]  total=3.0487  loss_ce=0.0136  loss_bbox=0.0140  loss_depth=-0.1589  loss_center=0.0058
[2026-08-22 11:17:27] INFO Epoch[224] [222/371]  total=4.5872  loss_ce=0.0098  loss_bbox=0.0053  loss_depth=0.3893  loss_center=0.0012
[2026-08-22 11:18:08] INFO Epoch[224] [259/371]  total=2.5732  loss_ce=0.0065  loss_bbox=0.0012  loss_depth=0.1674  loss_center=0.0010
[2026-08-22 11:18:49] INFO Epoch[224] [296/371]  total=20.9788  loss_ce=0.0710  loss_bbox=0.0234  loss_depth=0.7842  loss_center=0.0119
[2026-08-22 11:19:29] INFO Epoch[224] [333/371]  total=1.7139  loss_ce=0.0090  loss_bbox=0.0050  loss_depth=-0.1304  loss_center=0.0025
[2026-08-22 11:20:10] INFO Epoch[224] [370/371]  total=6.9915  loss_ce=0.0297  loss_bbox=0.0076  loss_depth=0.3696  loss_center=0.0048
[2026-08-22 11:20:12] INFO Epoch [224/249] avg_loss=10.1822  time=410.7s  lr=2.00e-05
[2026-08-22 11:20:12] INFO Checkpoint saved after epoch 224
[2026-08-22 11:25:48] INFO ==> Loading detections and GTs...
[2026-08-22 11:25:49] INFO ==> Evaluating (official)...
[2026-08-22 11:27:21] INFO Pedestrian AP@0.50, 0.50, 0.50:
bbox AP:59.8913, 51.4402, 43.3123
bev  AP:8.8395, 7.1394, 6.5283
3d   AP:6.2860, 6.3146, 5.3929
aos  AP:51.40, 44.03, 37.09
Pedestrian AP_R40@0.50, 0.50, 0.50:
bbox AP:62.3217, 53.1810, 44.1280
bev  AP:6.5108, 5.7179, 4.7346
3d   AP:5.0470, 4.4401, 3.5611
aos  AP:52.03, 44.10, 36.48
Pedestrian AP@0.50, 0.25, 0.25:
bbox AP:59.8913, 51.4402, 43.3123
bev  AP:25.7266, 24.5968, 20.3261
3d   AP:24.9303, 23.9961, 19.7672
aos  AP:51.40, 44.03, 37.09
Pedestrian AP_R40@0.50, 0.25, 0.25:
bbox AP:62.3217, 53.1810, 44.1280
bev  AP:22.3226, 18.7298, 15.4290
3d   AP:21.1531, 17.9438, 14.7067
aos  AP:52.03, 44.10, 36.48

[2026-08-22 11:28:52] INFO Car AP@0.70, 0.70, 0.70:
bbox AP:86.5300, 76.9747, 68.8678
bev  AP:25.3673, 20.9835, 17.8816
3d   AP:17.4407, 14.9752, 12.7907
aos  AP:84.87, 73.84, 64.96
Car AP_R40@0.70, 0.70, 0.70:
bbox AP:87.9681, 77.4905, 70.3647
bev  AP:19.9558, 15.2160, 12.5695
3d   AP:10.5787, 8.5564, 6.7189
aos  AP:86.18, 74.17, 65.97
Car AP@0.70, 0.50, 0.50:
bbox AP:86.5300, 76.9747, 68.8678
bev  AP:51.7163, 41.5609, 35.7935
3d   AP:48.5082, 36.0825, 33.4523
aos  AP:84.87, 73.84, 64.96
Car AP_R40@0.70, 0.50, 0.50:
bbox AP:87.9681, 77.4905, 70.3647
bev  AP:51.9537, 38.2635, 32.3761
3d   AP:46.9113, 34.4962, 29.0898
aos  AP:86.18, 74.17, 65.97

[2026-08-22 11:30:23] INFO Cyclist AP@0.50, 0.50, 0.50:
bbox AP:44.4735, 26.9107, 26.7184
bev  AP:1.8537, 1.1676, 1.2175
3d   AP:1.4841, 1.1164, 1.1270
aos  AP:36.63, 22.81, 22.52
Cyclist AP_R40@0.50, 0.50, 0.50:
bbox AP:42.8374, 24.4831, 24.2886
bev  AP:1.2581, 0.7287, 0.6796
3d   AP:0.9791, 0.6101, 0.5810
aos  AP:33.59, 19.03, 18.81
Cyclist AP@0.50, 0.25, 0.25:
bbox AP:44.4735, 26.9107, 26.7184
bev  AP:10.4286, 6.8659, 6.4911
3d   AP:10.1758, 6.5867, 6.3975
aos  AP:36.63, 22.81, 22.52
Cyclist AP_R40@0.50, 0.25, 0.25:
bbox AP:42.8374, 24.4831, 24.2886
bev  AP:8.9400, 5.1609, 5.0949
3d   AP:8.7929, 5.0547, 4.9532
aos  AP:33.59, 19.03, 18.81

[2026-08-22 11:30:23] INFO   Val Car Moderate mAP: 8.5564
[2026-08-22 11:30:23] INFO   Best: 10.6217 @ epoch 194
[2026-08-22 11:31:04] INFO Epoch[225] [37/371]  total=9.5911  loss_ce=0.0543  loss_bbox=0.0177  loss_depth=0.5620  loss_center=0.0087
[2026-08-22 11:31:44] INFO Epoch[225] [74/371]  total=3.8966  loss_ce=0.0139  loss_bbox=0.0045  loss_depth=-0.0401  loss_center=0.0027
[2026-08-22 11:32:25] INFO Epoch[225] [111/371]  total=3.0296  loss_ce=0.0085  loss_bbox=0.0023  loss_depth=0.2049  loss_center=0.0011
[2026-08-22 11:33:05] INFO Epoch[225] [148/371]  total=2.1678  loss_ce=0.0135  loss_bbox=0.0024  loss_depth=0.1124  loss_center=0.0012
[2026-08-22 11:33:46] INFO Epoch[225] [185/371]  total=20.5836  loss_ce=0.1234  loss_bbox=0.0240  loss_depth=1.1879  loss_center=0.0104
[2026-08-22 11:34:27] INFO Epoch[225] [222/371]  total=6.0604  loss_ce=0.0961  loss_bbox=0.0111  loss_depth=-0.0695  loss_center=0.0064
[2026-08-22 11:35:07] INFO Epoch[225] [259/371]  total=7.2156  loss_ce=0.0662  loss_bbox=0.0081  loss_depth=0.4577  loss_center=0.0039
[2026-08-22 11:35:48] INFO Epoch[225] [296/371]  total=12.1984  loss_ce=0.1298  loss_bbox=0.0093  loss_depth=0.6394  loss_center=0.0070
[2026-08-22 11:36:28] INFO Epoch[225] [333/371]  total=16.8891  loss_ce=0.0718  loss_bbox=0.0150  loss_depth=1.0660  loss_center=0.0093
[2026-08-22 11:37:09] INFO Epoch[225] [370/371]  total=0.8716  loss_ce=0.0158  loss_bbox=0.0054  loss_depth=-0.2114  loss_center=0.0014
[2026-08-22 11:37:10] INFO Epoch [225/249] avg_loss=9.7952  time=406.8s  lr=2.00e-05
[2026-08-22 11:37:11] INFO Checkpoint saved after epoch 225
[2026-08-22 11:42:45] INFO ==> Loading detections and GTs...
[2026-08-22 11:42:46] INFO ==> Evaluating (official)...
[2026-08-22 11:44:27] INFO Pedestrian AP@0.50, 0.50, 0.50:
bbox AP:65.6105, 57.5334, 49.7087
bev  AP:16.2770, 15.3154, 13.3242
3d   AP:15.0568, 12.8661, 12.6974
aos  AP:55.67, 48.58, 42.06
Pedestrian AP_R40@0.50, 0.50, 0.50:
bbox AP:65.1348, 54.5391, 47.4814
bev  AP:10.1703, 8.7076, 7.1929
3d   AP:8.3972, 6.6917, 5.5450
aos  AP:54.06, 45.23, 39.10
Pedestrian AP@0.50, 0.25, 0.25:
bbox AP:65.6105, 57.5334, 49.7087
bev  AP:32.5732, 28.0355, 25.6500
3d   AP:32.1939, 27.8593, 25.5119
aos  AP:55.67, 48.58, 42.06
Pedestrian AP_R40@0.50, 0.25, 0.25:
bbox AP:65.1348, 54.5391, 47.4814
bev  AP:29.2886, 24.5629, 20.4799
3d   AP:28.9339, 24.2754, 20.1401
aos  AP:54.06, 45.23, 39.10

[2026-08-22 11:46:08] INFO Car AP@0.70, 0.70, 0.70:
bbox AP:84.7674, 75.5097, 67.6644
bev  AP:27.6595, 22.2532, 18.8498
3d   AP:14.5728, 12.6434, 11.4967
aos  AP:83.29, 72.83, 64.10
Car AP_R40@0.70, 0.70, 0.70:
bbox AP:87.4518, 77.4743, 68.9650
bev  AP:23.9157, 17.4954, 14.5394
3d   AP:12.9302, 10.1420, 8.3004
aos  AP:85.80, 74.50, 64.95
Car AP@0.70, 0.50, 0.50:
bbox AP:84.7674, 75.5097, 67.6644
bev  AP:55.2315, 42.1577, 36.2432
3d   AP:49.2138, 36.4987, 34.1051
aos  AP:83.29, 72.83, 64.10
Car AP_R40@0.70, 0.50, 0.50:
bbox AP:87.4518, 77.4743, 68.9650
bev  AP:53.5337, 39.6458, 34.0362
3d   AP:48.8691, 35.0797, 30.6853
aos  AP:85.80, 74.50, 64.95

[2026-08-22 11:47:48] INFO Cyclist AP@0.50, 0.50, 0.50:
bbox AP:48.0124, 30.4948, 30.4380
bev  AP:4.1687, 2.4532, 2.3123
3d   AP:2.9579, 2.1750, 2.2577
aos  AP:39.75, 25.71, 25.49
Cyclist AP_R40@0.50, 0.50, 0.50:
bbox AP:45.7203, 26.6561, 25.9130
bev  AP:2.9911, 1.6868, 1.3774
3d   AP:2.4465, 1.2660, 1.2703
aos  AP:36.43, 21.15, 20.48
Cyclist AP@0.50, 0.25, 0.25:
bbox AP:48.0124, 30.4948, 30.4380
bev  AP:12.0349, 8.1993, 8.0881
3d   AP:11.9249, 8.0970, 8.0059
aos  AP:39.75, 25.71, 25.49
Cyclist AP_R40@0.50, 0.25, 0.25:
bbox AP:45.7203, 26.6561, 25.9130
bev  AP:11.0837, 6.3706, 5.9931
3d   AP:10.9695, 6.1897, 5.8201
aos  AP:36.43, 21.15, 20.48

[2026-08-22 11:47:48] INFO   Val Car Moderate mAP: 10.1420
[2026-08-22 11:47:49] INFO   Best: 10.6217 @ epoch 194
[2026-08-22 11:48:29] INFO Epoch[226] [37/371]  total=1.9019  loss_ce=0.0088  loss_bbox=0.0005  loss_depth=0.1311  loss_center=0.0001
[2026-08-22 11:49:10] INFO Epoch[226] [74/371]  total=10.2044  loss_ce=0.0944  loss_bbox=0.0191  loss_depth=0.2478  loss_center=0.0071
[2026-08-22 11:49:50] INFO Epoch[226] [111/371]  total=7.9159  loss_ce=0.0174  loss_bbox=0.0079  loss_depth=0.3795  loss_center=0.0043
[2026-08-22 11:50:31] INFO Epoch[226] [148/371]  total=11.0684  loss_ce=0.0522  loss_bbox=0.0147  loss_depth=0.3638  loss_center=0.0081
[2026-08-22 11:51:12] INFO Epoch[226] [185/371]  total=4.1263  loss_ce=0.0154  loss_bbox=0.0058  loss_depth=-0.0140  loss_center=0.0026
[2026-08-22 11:51:52] INFO Epoch[226] [222/371]  total=4.2097  loss_ce=0.0294  loss_bbox=0.0029  loss_depth=0.3002  loss_center=0.0024
[2026-08-22 11:52:33] INFO Epoch[226] [259/371]  total=20.8173  loss_ce=0.1562  loss_bbox=0.0233  loss_depth=1.1570  loss_center=0.0119
[2026-08-22 11:53:14] INFO Epoch[226] [296/371]  total=15.3964  loss_ce=0.1046  loss_bbox=0.0147  loss_depth=1.0993  loss_center=0.0103
[2026-08-22 11:53:54] INFO Epoch[226] [333/371]  total=5.1572  loss_ce=0.0486  loss_bbox=0.0116  loss_depth=0.1016  loss_center=0.0026
[2026-08-22 11:54:36] INFO Epoch[226] [370/371]  total=5.9565  loss_ce=0.0321  loss_bbox=0.0080  loss_depth=0.2576  loss_center=0.0044
[2026-08-22 11:54:37] INFO Epoch [226/249] avg_loss=9.4930  time=408.3s  lr=2.00e-05
[2026-08-22 11:54:38] INFO Checkpoint saved after epoch 226
[2026-08-22 12:00:14] INFO ==> Loading detections and GTs...
[2026-08-22 12:00:14] INFO ==> Evaluating (official)...
[2026-08-22 12:01:54] INFO Pedestrian AP@0.50, 0.50, 0.50:
bbox AP:65.4444, 57.4206, 49.5352
bev  AP:16.0945, 15.2201, 13.1584
3d   AP:14.9425, 12.8393, 12.3355
aos  AP:55.86, 48.58, 41.92
Pedestrian AP_R40@0.50, 0.50, 0.50:
bbox AP:66.5559, 56.1727, 47.3098
bev  AP:9.7854, 8.1078, 6.7173
3d   AP:7.9427, 6.2646, 5.2235
aos  AP:55.45, 46.67, 38.98
Pedestrian AP@0.50, 0.25, 0.25:
bbox AP:65.4444, 57.4206, 49.5352
bev  AP:32.7860, 28.1146, 25.5455
3d   AP:32.6211, 28.0254, 25.4264
aos  AP:55.86, 48.58, 41.92
Pedestrian AP_R40@0.50, 0.25, 0.25:
bbox AP:66.5559, 56.1727, 47.3098
bev  AP:30.0202, 25.4376, 20.4761
3d   AP:29.8218, 24.3236, 20.3151
aos  AP:55.45, 46.67, 38.98

[2026-08-22 12:03:33] INFO Car AP@0.70, 0.70, 0.70:
bbox AP:86.1450, 76.6772, 68.6747
bev  AP:29.0678, 23.5242, 19.6151
3d   AP:15.3518, 16.5560, 15.1642
aos  AP:84.55, 73.73, 64.86
Car AP_R40@0.70, 0.70, 0.70:
bbox AP:87.3438, 78.7771, 71.9762
bev  AP:25.6290, 18.6788, 15.5970
3d   AP:13.9654, 10.6746, 8.7531
aos  AP:85.63, 75.48, 67.44
Car AP@0.70, 0.50, 0.50:
bbox AP:86.1450, 76.6772, 68.6747
bev  AP:56.4688, 43.3781, 37.4262
3d   AP:50.2500, 40.4572, 35.2766
aos  AP:84.55, 73.73, 64.86
Car AP_R40@0.70, 0.50, 0.50:
bbox AP:87.3438, 78.7771, 71.9762
bev  AP:54.7465, 40.7346, 36.4931
3d   AP:50.0521, 36.9803, 32.9283
aos  AP:85.63, 75.48, 67.44

[2026-08-22 12:05:12] INFO Cyclist AP@0.50, 0.50, 0.50:
bbox AP:46.4954, 30.4689, 30.8460
bev  AP:4.8552, 2.9692, 2.7590
3d   AP:4.2077, 2.9567, 2.7465
aos  AP:38.71, 25.68, 25.81
Cyclist AP_R40@0.50, 0.50, 0.50:
bbox AP:45.9390, 26.1268, 26.0652
bev  AP:3.4612, 1.8509, 1.6790
3d   AP:3.1971, 1.8428, 1.6661
aos  AP:36.23, 20.77, 20.48
Cyclist AP@0.50, 0.25, 0.25:
bbox AP:46.4954, 30.4689, 30.8460
bev  AP:14.3050, 9.6728, 9.6161
3d   AP:13.9363, 9.5566, 9.5554
aos  AP:38.71, 25.68, 25.81
Cyclist AP_R40@0.50, 0.25, 0.25:
bbox AP:45.9390, 26.1268, 26.0652
bev  AP:12.3827, 6.8362, 6.5604
3d   AP:12.1831, 6.6744, 6.3017
aos  AP:36.23, 20.77, 20.48

[2026-08-22 12:05:12] INFO   Val Car Moderate mAP: 10.6746
[2026-08-22 12:05:13] INFO   Best: 10.6746 @ epoch 226
[2026-08-22 12:05:55] INFO Epoch[227] [37/371]  total=10.2956  loss_ce=0.0221  loss_bbox=0.0071  loss_depth=0.9015  loss_center=0.0066
[2026-08-22 12:06:36] INFO Epoch[227] [74/371]  total=7.8088  loss_ce=0.0764  loss_bbox=0.0116  loss_depth=0.1305  loss_center=0.0069
[2026-08-22 12:07:17] INFO Epoch[227] [111/371]  total=2.1367  loss_ce=0.0068  loss_bbox=0.0123  loss_depth=-0.1776  loss_center=0.0038
[2026-08-22 12:07:58] INFO Epoch[227] [148/371]  total=16.4419  loss_ce=0.0361  loss_bbox=0.0110  loss_depth=0.9451  loss_center=0.0087
[2026-08-22 12:08:40] INFO Epoch[227] [185/371]  total=7.7995  loss_ce=0.0491  loss_bbox=0.0061  loss_depth=0.2542  loss_center=0.0032
[2026-08-22 12:09:21] INFO Epoch[227] [222/371]  total=12.8794  loss_ce=0.0824  loss_bbox=0.0133  loss_depth=0.7376  loss_center=0.0076
[2026-08-22 12:10:02] INFO Epoch[227] [259/371]  total=5.5051  loss_ce=0.0073  loss_bbox=0.0045  loss_depth=0.3161  loss_center=0.0028
[2026-08-22 12:10:44] INFO Epoch[227] [296/371]  total=8.0603  loss_ce=0.0366  loss_bbox=0.0106  loss_depth=0.3534  loss_center=0.0042
[2026-08-22 12:11:25] INFO Epoch[227] [333/371]  total=19.5606  loss_ce=0.1035  loss_bbox=0.0220  loss_depth=1.2147  loss_center=0.0158
[2026-08-22 12:12:07] INFO Epoch[227] [370/371]  total=21.2049  loss_ce=0.1329  loss_bbox=0.0165  loss_depth=1.3604  loss_center=0.0180
[2026-08-22 12:12:08] INFO Epoch [227/249] avg_loss=9.4155  time=414.8s  lr=2.00e-05
[2026-08-22 12:12:08] INFO Checkpoint saved after epoch 227
[2026-08-22 12:17:47] INFO ==> Loading detections and GTs...
[2026-08-22 12:17:47] INFO ==> Evaluating (official)...
[2026-08-22 12:19:27] INFO Pedestrian AP@0.50, 0.50, 0.50:
bbox AP:65.5293, 57.5720, 49.6918
bev  AP:16.0541, 15.0172, 13.1251
3d   AP:14.9677, 12.7781, 12.5217
aos  AP:55.06, 48.09, 41.37
Pedestrian AP_R40@0.50, 0.50, 0.50:
bbox AP:65.0371, 54.5295, 47.5254
bev  AP:9.7966, 8.1066, 6.7000
3d   AP:8.2277, 6.6453, 5.5286
aos  AP:53.45, 44.64, 38.54
Pedestrian AP@0.50, 0.25, 0.25:
bbox AP:65.5293, 57.5720, 49.6918
bev  AP:33.2835, 28.0358, 25.8804
3d   AP:32.7468, 27.7752, 22.1449
aos  AP:55.06, 48.09, 41.37
Pedestrian AP_R40@0.50, 0.25, 0.25:
bbox AP:65.0371, 54.5295, 47.5254
bev  AP:29.9835, 24.7227, 20.7672
3d   AP:29.5208, 24.3392, 19.4532
aos  AP:53.45, 44.64, 38.54

[2026-08-22 12:21:07] INFO Car AP@0.70, 0.70, 0.70:
bbox AP:86.3408, 76.4909, 68.5223
bev  AP:28.6076, 23.3593, 19.4385
3d   AP:15.2509, 16.5155, 15.0830
aos  AP:84.70, 73.46, 64.75
Car AP_R40@0.70, 0.70, 0.70:
bbox AP:89.0594, 78.6100, 71.7419
bev  AP:25.3649, 18.4185, 15.4169
3d   AP:13.4496, 10.7320, 8.6817
aos  AP:87.23, 75.22, 67.22
Car AP@0.70, 0.50, 0.50:
bbox AP:86.3408, 76.4909, 68.5223
bev  AP:56.9420, 43.6058, 37.4898
3d   AP:50.2165, 40.4064, 35.2108
aos  AP:84.70, 73.46, 64.75
Car AP_R40@0.70, 0.50, 0.50:
bbox AP:89.0594, 78.6100, 71.7419
bev  AP:56.1862, 40.9199, 36.5156
3d   AP:50.1631, 37.0441, 32.7471
aos  AP:87.23, 75.22, 67.22

[2026-08-22 12:22:46] INFO Cyclist AP@0.50, 0.50, 0.50:
bbox AP:48.1646, 30.5867, 30.5137
bev  AP:4.6553, 2.5805, 2.6248
3d   AP:3.1823, 2.2431, 2.3448
aos  AP:40.21, 25.77, 25.73
Cyclist AP_R40@0.50, 0.50, 0.50:
bbox AP:46.0579, 26.7868, 26.8523
bev  AP:3.3914, 1.6277, 1.5858
3d   AP:2.4637, 1.3153, 1.3527
aos  AP:37.16, 21.32, 21.35
Cyclist AP@0.50, 0.25, 0.25:
bbox AP:48.1646, 30.5867, 30.5137
bev  AP:12.4020, 8.4336, 8.2848
3d   AP:11.5156, 8.0632, 7.7726
aos  AP:40.21, 25.77, 25.73
Cyclist AP_R40@0.50, 0.25, 0.25:
bbox AP:46.0579, 26.7868, 26.8523
bev  AP:11.7562, 6.5505, 6.0521
3d   AP:10.3957, 6.0052, 5.5589
aos  AP:37.16, 21.32, 21.35

[2026-08-22 12:22:46] INFO   Val Car Moderate mAP: 10.7320
[2026-08-22 12:22:47] INFO   Best: 10.7320 @ epoch 227
[2026-08-22 12:23:27] INFO Epoch[228] [37/371]  total=1.2101  loss_ce=0.0119  loss_bbox=0.0035  loss_depth=-0.0467  loss_center=0.0031
[2026-08-22 12:24:08] INFO Epoch[228] [74/371]  total=12.0935  loss_ce=0.0676  loss_bbox=0.0132  loss_depth=0.5575  loss_center=0.0068
[2026-08-22 12:24:49] INFO Epoch[228] [111/371]  total=28.4318  loss_ce=0.1993  loss_bbox=0.0387  loss_depth=1.8558  loss_center=0.0195
[2026-08-22 12:25:30] INFO Epoch[228] [148/371]  total=15.6714  loss_ce=0.1096  loss_bbox=0.0271  loss_depth=0.6622  loss_center=0.0143
[2026-08-22 12:26:12] INFO Epoch[228] [185/371]  total=1.3529  loss_ce=0.0041  loss_bbox=0.0052  loss_depth=-0.2142  loss_center=0.0026
[2026-08-22 12:26:53] INFO Epoch[228] [222/371]  total=7.5482  loss_ce=0.0164  loss_bbox=0.0028  loss_depth=0.6016  loss_center=0.0037
[2026-08-22 12:27:34] INFO Epoch[228] [259/371]  total=3.0320  loss_ce=0.0108  loss_bbox=0.0057  loss_depth=-0.0827  loss_center=0.0029
[2026-08-22 12:28:16] INFO Epoch[228] [296/371]  total=0.3631  loss_ce=0.0003  loss_bbox=0.0017  loss_depth=-0.0939  loss_center=0.0004
[2026-08-22 12:28:57] INFO Epoch[228] [333/371]  total=6.8121  loss_ce=0.0806  loss_bbox=0.0097  loss_depth=0.4528  loss_center=0.0029
[2026-08-22 12:29:39] INFO Epoch[228] [370/371]  total=24.3260  loss_ce=0.1152  loss_bbox=0.0303  loss_depth=1.0340  loss_center=0.0219
[2026-08-22 12:29:40] INFO Epoch [228/249] avg_loss=10.3851  time=413.3s  lr=2.00e-05
[2026-08-22 12:29:40] INFO Checkpoint saved after epoch 228
[2026-08-22 12:35:17] INFO ==> Loading detections and GTs...
[2026-08-22 12:35:18] INFO ==> Evaluating (official)...
[2026-08-22 12:36:56] INFO Pedestrian AP@0.50, 0.50, 0.50:
bbox AP:66.1959, 58.0039, 49.7515
bev  AP:15.6358, 14.8764, 12.9140
3d   AP:14.5119, 12.7441, 12.3091
aos  AP:56.20, 48.88, 41.84
Pedestrian AP_R40@0.50, 0.50, 0.50:
bbox AP:65.6129, 54.8390, 45.8191
bev  AP:9.6996, 7.8439, 6.0089
3d   AP:8.2557, 6.5587, 5.3893
aos  AP:54.54, 45.45, 37.68
Pedestrian AP@0.50, 0.25, 0.25:
bbox AP:66.1959, 58.0039, 49.7515
bev  AP:32.3943, 27.5769, 25.5585
3d   AP:32.0187, 27.3973, 21.9083
aos  AP:56.20, 48.88, 41.84
Pedestrian AP_R40@0.50, 0.25, 0.25:
bbox AP:65.6129, 54.8390, 45.8191
bev  AP:28.9919, 24.2044, 20.1920
3d   AP:28.7263, 23.8951, 19.0443
aos  AP:54.54, 45.45, 37.68

[2026-08-22 12:38:33] INFO Car AP@0.70, 0.70, 0.70:
bbox AP:85.2250, 76.1988, 68.2507
bev  AP:27.0691, 21.6092, 18.4840
3d   AP:13.9737, 11.9250, 11.1727
aos  AP:83.62, 73.29, 64.58
Car AP_R40@0.70, 0.70, 0.70:
bbox AP:86.3931, 78.2602, 71.4971
bev  AP:22.5461, 16.2995, 13.4781
3d   AP:11.9306, 9.2832, 7.9168
aos  AP:84.70, 75.03, 67.10
Car AP@0.70, 0.50, 0.50:
bbox AP:85.2250, 76.1988, 68.2507
bev  AP:51.8654, 41.4997, 36.0508
3d   AP:49.1082, 36.1245, 33.7246
aos  AP:83.62, 73.29, 64.58
Car AP_R40@0.70, 0.50, 0.50:
bbox AP:86.3931, 78.2602, 71.4971
bev  AP:52.1929, 38.1606, 33.7217
3d   AP:47.7373, 34.6841, 30.3809
aos  AP:84.70, 75.03, 67.10

[2026-08-22 12:40:11] INFO Cyclist AP@0.50, 0.50, 0.50:
bbox AP:45.3337, 30.3074, 30.3952
bev  AP:3.4159, 2.2478, 2.3735
3d   AP:2.5219, 1.3986, 1.4663
aos  AP:37.52, 25.04, 25.00
Cyclist AP_R40@0.50, 0.50, 0.50:
bbox AP:44.5023, 25.7793, 25.7132
bev  AP:2.6185, 1.3170, 1.3688
3d   AP:1.8013, 0.8922, 0.8821
aos  AP:35.07, 20.11, 19.92
Cyclist AP@0.50, 0.25, 0.25:
bbox AP:45.3337, 30.3074, 30.3952
bev  AP:12.0728, 8.2725, 7.0734
3d   AP:12.0070, 8.2464, 7.0734
aos  AP:37.52, 25.04, 25.00
Cyclist AP_R40@0.50, 0.25, 0.25:
bbox AP:44.5023, 25.7793, 25.7132
bev  AP:10.7964, 5.9843, 5.5913
3d   AP:10.3556, 5.9216, 5.5497
aos  AP:35.07, 20.11, 19.92

[2026-08-22 12:40:11] INFO   Val Car Moderate mAP: 9.2832
[2026-08-22 12:40:11] INFO   Best: 10.7320 @ epoch 227
[2026-08-22 12:40:52] INFO Epoch[229] [37/371]  total=58.0688  loss_ce=0.1704  loss_bbox=0.0569  loss_depth=3.1219  loss_center=0.0549
[2026-08-22 12:41:33] INFO Epoch[229] [74/371]  total=4.5170  loss_ce=0.0030  loss_bbox=0.0050  loss_depth=0.4421  loss_center=0.0027
[2026-08-22 12:42:14] INFO Epoch[229] [111/371]  total=7.0020  loss_ce=0.0280  loss_bbox=0.0065  loss_depth=0.2929  loss_center=0.0041
[2026-08-22 12:42:56] INFO Epoch[229] [148/371]  total=6.3780  loss_ce=0.0104  loss_bbox=0.0043  loss_depth=0.3637  loss_center=0.0038
[2026-08-22 12:43:38] INFO Epoch[229] [185/371]  total=3.1676  loss_ce=0.0278  loss_bbox=0.0058  loss_depth=0.0098  loss_center=0.0020
[2026-08-22 12:44:18] INFO Epoch[229] [222/371]  total=5.2656  loss_ce=0.0150  loss_bbox=0.0043  loss_depth=0.2726  loss_center=0.0025
[2026-08-22 12:44:59] INFO Epoch[229] [259/371]  total=12.1679  loss_ce=0.0536  loss_bbox=0.0151  loss_depth=0.5272  loss_center=0.0073
[2026-08-22 12:45:40] INFO Epoch[229] [296/371]  total=4.7666  loss_ce=0.0179  loss_bbox=0.0094  loss_depth=-0.0504  loss_center=0.0042
[2026-08-22 12:46:20] INFO Epoch[229] [333/371]  total=8.5547  loss_ce=0.0439  loss_bbox=0.0079  loss_depth=0.3635  loss_center=0.0035
[2026-08-22 12:47:01] INFO Epoch[229] [370/371]  total=5.8637  loss_ce=0.0175  loss_bbox=0.0080  loss_depth=0.2595  loss_center=0.0027
[2026-08-22 12:47:02] INFO Epoch [229/249] avg_loss=9.8472  time=410.7s  lr=2.00e-05
[2026-08-22 12:47:03] INFO Checkpoint saved after epoch 229
[2026-08-22 12:52:39] INFO ==> Loading detections and GTs...
[2026-08-22 12:52:39] INFO ==> Evaluating (official)...
[2026-08-22 12:54:20] INFO Pedestrian AP@0.50, 0.50, 0.50:
bbox AP:65.4725, 57.5910, 49.5969
bev  AP:14.0784, 12.5751, 12.3516
3d   AP:13.3977, 12.2109, 11.8538
aos  AP:56.52, 49.24, 42.35
Pedestrian AP_R40@0.50, 0.50, 0.50:
bbox AP:63.4164, 54.5885, 45.6846
bev  AP:7.8618, 6.7004, 5.4075
3d   AP:6.3816, 5.0681, 4.1175
aos  AP:53.73, 46.00, 38.24
Pedestrian AP@0.50, 0.25, 0.25:
bbox AP:65.4725, 57.5910, 49.5969
bev  AP:30.5227, 26.1700, 21.5983
3d   AP:27.1846, 25.2436, 21.0995
aos  AP:56.52, 49.24, 42.35
Pedestrian AP_R40@0.50, 0.25, 0.25:
bbox AP:63.4164, 54.5885, 45.6846
bev  AP:26.3954, 21.8818, 18.3069
3d   AP:24.7641, 21.0560, 16.5822
aos  AP:53.73, 46.00, 38.24

[2026-08-22 12:56:01] INFO Car AP@0.70, 0.70, 0.70:
bbox AP:85.1503, 75.4839, 67.7623
bev  AP:24.8604, 18.6681, 17.3096
3d   AP:16.8861, 14.2965, 12.5433
aos  AP:83.47, 72.31, 63.85
Car AP_R40@0.70, 0.70, 0.70:
bbox AP:87.8524, 77.4578, 70.8784
bev  AP:19.9080, 14.1857, 12.1103
3d   AP:10.3210, 7.7940, 6.4649
aos  AP:86.01, 73.93, 66.18
Car AP@0.70, 0.50, 0.50:
bbox AP:85.1503, 75.4839, 67.7623
bev  AP:50.7262, 40.2373, 34.7818
3d   AP:46.7909, 34.7546, 32.1998
aos  AP:83.47, 72.31, 63.85
Car AP_R40@0.70, 0.50, 0.50:
bbox AP:87.8524, 77.4578, 70.8784
bev  AP:50.7964, 36.8690, 31.3799
3d   AP:44.4546, 32.0822, 27.8492
aos  AP:86.01, 73.93, 66.18

[2026-08-22 12:57:41] INFO Cyclist AP@0.50, 0.50, 0.50:
bbox AP:49.2604, 31.0945, 30.4756
bev  AP:2.8358, 2.2217, 2.1960
3d   AP:2.4648, 1.4300, 1.4822
aos  AP:36.72, 22.96, 22.32
Cyclist AP_R40@0.50, 0.50, 0.50:
bbox AP:46.7305, 27.1849, 26.1314
bev  AP:2.0218, 1.2336, 1.1419
3d   AP:1.7383, 0.8721, 0.8881
aos  AP:34.81, 20.31, 19.39
Cyclist AP@0.50, 0.25, 0.25:
bbox AP:49.2604, 31.0945, 30.4756
bev  AP:11.6940, 8.2660, 8.1015
3d   AP:11.4861, 8.1365, 6.7832
aos  AP:36.72, 22.96, 22.32
Cyclist AP_R40@0.50, 0.25, 0.25:
bbox AP:46.7305, 27.1849, 26.1314
bev  AP:10.6178, 6.0270, 5.7721
3d   AP:10.3648, 5.8853, 5.2805
aos  AP:34.81, 20.31, 19.39

[2026-08-22 12:57:41] INFO   Val Car Moderate mAP: 7.7940
[2026-08-22 12:57:42] INFO   Best: 10.7320 @ epoch 227
[2026-08-22 12:58:23] INFO Epoch[230] [37/371]  total=9.6156  loss_ce=0.0413  loss_bbox=0.0259  loss_depth=-0.5621  loss_center=0.0139
[2026-08-22 12:59:03] INFO Epoch[230] [74/371]  total=3.6239  loss_ce=0.0305  loss_bbox=0.0154  loss_depth=-0.4067  loss_center=0.0075
[2026-08-22 12:59:44] INFO Epoch[230] [111/371]  total=17.4478  loss_ce=0.0948  loss_bbox=0.0164  loss_depth=0.9362  loss_center=0.0087
[2026-08-22 13:00:24] INFO Epoch[230] [148/371]  total=0.4923  loss_ce=0.0010  loss_bbox=0.0024  loss_depth=-0.1215  loss_center=0.0020
[2026-08-22 13:01:05] INFO Epoch[230] [185/371]  total=11.2069  loss_ce=0.1034  loss_bbox=0.0124  loss_depth=0.3404  loss_center=0.0077
[2026-08-22 13:01:46] INFO Epoch[230] [222/371]  total=5.6947  loss_ce=0.0252  loss_bbox=0.0079  loss_depth=0.1377  loss_center=0.0030
[2026-08-22 13:02:26] INFO Epoch[230] [259/371]  total=0.8356  loss_ce=0.0081  loss_bbox=0.0003  loss_depth=-0.0177  loss_center=0.0002
[2026-08-22 13:03:07] INFO Epoch[230] [296/371]  total=6.0976  loss_ce=0.0274  loss_bbox=0.0024  loss_depth=0.3796  loss_center=0.0010
[2026-08-22 13:03:48] INFO Epoch[230] [333/371]  total=4.8059  loss_ce=0.0274  loss_bbox=0.0097  loss_depth=0.0389  loss_center=0.0048
[2026-08-22 13:04:30] INFO Epoch[230] [370/371]  total=6.5274  loss_ce=0.0198  loss_bbox=0.0122  loss_depth=0.2116  loss_center=0.0060
[2026-08-22 13:04:31] INFO Epoch [230/249] avg_loss=10.2429  time=408.8s  lr=2.00e-05
[2026-08-22 13:04:31] INFO Checkpoint saved after epoch 230
[2026-08-22 13:10:07] INFO ==> Loading detections and GTs...
[2026-08-22 13:10:07] INFO ==> Evaluating (official)...
[2026-08-22 13:11:41] INFO Pedestrian AP@0.50, 0.50, 0.50:
bbox AP:66.4356, 58.3387, 50.0467
bev  AP:16.0539, 15.2828, 13.0682
3d   AP:14.4898, 12.7441, 12.2676
aos  AP:55.90, 48.80, 41.96
Pedestrian AP_R40@0.50, 0.50, 0.50:
bbox AP:64.2950, 55.2147, 46.1692
bev  AP:9.6034, 7.9102, 6.0863
3d   AP:7.5893, 6.1684, 5.1672
aos  AP:53.10, 45.34, 37.74
Pedestrian AP@0.50, 0.25, 0.25:
bbox AP:66.4356, 58.3387, 50.0467
bev  AP:33.5146, 28.3636, 26.2876
3d   AP:33.0283, 28.0063, 22.4302
aos  AP:55.90, 48.80, 41.96
Pedestrian AP_R40@0.50, 0.25, 0.25:
bbox AP:64.2950, 55.2147, 46.1692
bev  AP:30.2878, 25.0760, 20.9349
3d   AP:29.8226, 24.6400, 19.6089
aos  AP:53.10, 45.34, 37.74

[2026-08-22 13:13:15] INFO Car AP@0.70, 0.70, 0.70:
bbox AP:86.3516, 76.9554, 68.8678
bev  AP:28.1809, 22.4820, 18.9681
3d   AP:19.5754, 16.2730, 15.0840
aos  AP:84.86, 74.04, 65.13
Car AP_R40@0.70, 0.70, 0.70:
bbox AP:87.5273, 77.3560, 70.3385
bev  AP:24.0130, 17.8148, 14.7934
3d   AP:13.6171, 10.0403, 8.5041
aos  AP:85.96, 74.27, 66.11
Car AP@0.70, 0.50, 0.50:
bbox AP:86.3516, 76.9554, 68.8678
bev  AP:56.2481, 42.0083, 36.4198
3d   AP:50.1999, 36.7007, 34.2012
aos  AP:84.86, 74.04, 65.13
Car AP_R40@0.70, 0.50, 0.50:
bbox AP:87.5273, 77.3560, 70.3385
bev  AP:54.2339, 38.8254, 34.2483
3d   AP:48.7684, 35.3914, 30.9622
aos  AP:85.96, 74.27, 66.11

[2026-08-22 13:14:47] INFO Cyclist AP@0.50, 0.50, 0.50:
bbox AP:46.8691, 31.0244, 31.0920
bev  AP:5.7907, 3.1712, 3.2541
3d   AP:4.7138, 2.9792, 2.8931
aos  AP:37.53, 24.86, 24.80
Cyclist AP_R40@0.50, 0.50, 0.50:
bbox AP:45.5193, 26.7891, 26.4138
bev  AP:4.2044, 2.0238, 2.0961
3d   AP:3.5203, 1.9199, 1.7187
aos  AP:34.63, 20.27, 19.55
Cyclist AP@0.50, 0.25, 0.25:
bbox AP:46.8691, 31.0244, 31.0920
bev  AP:13.7944, 9.2905, 7.8566
3d   AP:13.3283, 9.1397, 7.5671
aos  AP:37.53, 24.86, 24.80
Cyclist AP_R40@0.50, 0.25, 0.25:
bbox AP:45.5193, 26.7891, 26.4138
bev  AP:12.5365, 6.7790, 6.1614
3d   AP:11.6543, 6.5826, 5.9652
aos  AP:34.63, 20.27, 19.55

[2026-08-22 13:14:47] INFO   Val Car Moderate mAP: 10.0403
[2026-08-22 13:14:48] INFO   Best: 10.7320 @ epoch 227
[2026-08-22 13:15:28] INFO Epoch[231] [37/371]  total=8.7610  loss_ce=0.0504  loss_bbox=0.0030  loss_depth=0.6474  loss_center=0.0027
[2026-08-22 13:16:09] INFO Epoch[231] [74/371]  total=4.6899  loss_ce=0.0234  loss_bbox=0.0141  loss_depth=0.0361  loss_center=0.0049
[2026-08-22 13:16:49] INFO Epoch[231] [111/371]  total=9.2056  loss_ce=0.0270  loss_bbox=0.0104  loss_depth=0.6366  loss_center=0.0054
[2026-08-22 13:17:30] INFO Epoch[231] [148/371]  total=3.4587  loss_ce=0.0141  loss_bbox=0.0069  loss_depth=-0.0169  loss_center=0.0039
[2026-08-22 13:18:11] INFO Epoch[231] [185/371]  total=5.1378  loss_ce=0.0360  loss_bbox=0.0039  loss_depth=0.0969  loss_center=0.0027
[2026-08-22 13:18:51] INFO Epoch[231] [222/371]  total=18.7485  loss_ce=0.1337  loss_bbox=0.0189  loss_depth=1.1209  loss_center=0.0059
[2026-08-22 13:19:32] INFO Epoch[231] [259/371]  total=2.1913  loss_ce=0.0148  loss_bbox=0.0064  loss_depth=-0.1872  loss_center=0.0029
[2026-08-22 13:20:13] INFO Epoch[231] [296/371]  total=3.6278  loss_ce=0.0275  loss_bbox=0.0056  loss_depth=-0.0765  loss_center=0.0038
[2026-08-22 13:20:53] INFO Epoch[231] [333/371]  total=2.6333  loss_ce=0.0099  loss_bbox=0.0056  loss_depth=0.0555  loss_center=0.0019
[2026-08-22 13:21:34] INFO Epoch[231] [370/371]  total=12.4300  loss_ce=0.0753  loss_bbox=0.0158  loss_depth=0.8156  loss_center=0.0064
[2026-08-22 13:21:35] INFO Epoch [231/249] avg_loss=9.2680  time=407.5s  lr=2.00e-05
[2026-08-22 13:21:36] INFO Checkpoint saved after epoch 231
[2026-08-22 13:27:11] INFO ==> Loading detections and GTs...
[2026-08-22 13:27:12] INFO ==> Evaluating (official)...
[2026-08-22 13:28:56] INFO Pedestrian AP@0.50, 0.50, 0.50:
bbox AP:64.9862, 57.1436, 49.0531
bev  AP:14.9610, 12.9774, 12.6390
3d   AP:9.3684, 8.2881, 7.5524
aos  AP:54.55, 47.81, 40.97
Pedestrian AP_R40@0.50, 0.50, 0.50:
bbox AP:64.2209, 55.6385, 48.6559
bev  AP:8.4406, 7.0965, 5.8765
3d   AP:6.9929, 6.1527, 5.0725
aos  AP:52.64, 45.42, 39.35
Pedestrian AP@0.50, 0.25, 0.25:
bbox AP:64.9862, 57.1436, 49.0531
bev  AP:30.8356, 26.4341, 21.5770
3d   AP:30.3046, 25.7860, 21.3130
aos  AP:54.55, 47.81, 40.97
Pedestrian AP_R40@0.50, 0.25, 0.25:
bbox AP:64.2209, 55.6385, 48.6559
bev  AP:26.7570, 22.8978, 18.3212
3d   AP:26.0211, 21.5656, 17.9141
aos  AP:52.64, 45.42, 39.35

[2026-08-22 13:30:41] INFO Car AP@0.70, 0.70, 0.70:
bbox AP:85.2799, 75.4102, 67.6804
bev  AP:24.7936, 18.7079, 17.2219
3d   AP:17.2975, 14.4582, 12.7527
aos  AP:84.04, 72.73, 64.17
Car AP_R40@0.70, 0.70, 0.70:
bbox AP:87.8349, 77.3802, 70.7787
bev  AP:19.5615, 14.2476, 12.1001
3d   AP:11.0642, 8.4516, 6.7077
aos  AP:86.48, 74.39, 66.56
Car AP@0.70, 0.50, 0.50:
bbox AP:85.2799, 75.4102, 67.6804
bev  AP:50.6703, 40.1074, 34.5246
3d   AP:46.9351, 34.8357, 32.2267
aos  AP:84.04, 72.73, 64.17
Car AP_R40@0.70, 0.50, 0.50:
bbox AP:87.8349, 77.3802, 70.7787
bev  AP:50.6123, 36.7142, 31.1986
3d   AP:44.6618, 32.1356, 27.8669
aos  AP:86.48, 74.39, 66.56

[2026-08-22 13:32:26] INFO Cyclist AP@0.50, 0.50, 0.50:
bbox AP:49.5255, 31.2517, 31.5231
bev  AP:5.4513, 4.5455, 4.5455
3d   AP:5.2448, 4.5455, 4.5455
aos  AP:41.25, 26.73, 26.78
Cyclist AP_R40@0.50, 0.50, 0.50:
bbox AP:48.3033, 28.3324, 27.6852
bev  AP:1.5810, 0.8480, 0.7896
3d   AP:1.3921, 0.7541, 0.7556
aos  AP:38.80, 22.68, 22.02
Cyclist AP@0.50, 0.25, 0.25:
bbox AP:49.5255, 31.2517, 31.5231
bev  AP:13.3085, 9.0383, 9.0656
3d   AP:13.1126, 8.9626, 7.9977
aos  AP:41.25, 26.73, 26.78
Cyclist AP_R40@0.50, 0.25, 0.25:
bbox AP:48.3033, 28.3324, 27.6852
bev  AP:11.2879, 6.3260, 6.0923
3d   AP:10.8120, 6.2124, 5.5574
aos  AP:38.80, 22.68, 22.02

[2026-08-22 13:32:26] INFO   Val Car Moderate mAP: 8.4516
[2026-08-22 13:32:26] INFO   Best: 10.7320 @ epoch 227
[2026-08-22 13:33:07] INFO Epoch[232] [37/371]  total=11.9023  loss_ce=0.0316  loss_bbox=0.0185  loss_depth=0.6027  loss_center=0.0135
[2026-08-22 13:33:47] INFO Epoch[232] [74/371]  total=7.6206  loss_ce=0.0121  loss_bbox=0.0084  loss_depth=0.2956  loss_center=0.0041
[2026-08-22 13:34:29] INFO Epoch[232] [111/371]  total=4.7570  loss_ce=0.0158  loss_bbox=0.0046  loss_depth=0.1889  loss_center=0.0018
[2026-08-22 13:35:10] INFO Epoch[232] [148/371]  total=1.8049  loss_ce=0.0122  loss_bbox=0.0048  loss_depth=0.0876  loss_center=0.0014
[2026-08-22 13:35:51] INFO Epoch[232] [185/371]  total=5.4993  loss_ce=0.0698  loss_bbox=0.0091  loss_depth=-0.2014  loss_center=0.0034
[2026-08-22 13:36:32] INFO Epoch[232] [222/371]  total=9.1473  loss_ce=0.0351  loss_bbox=0.0198  loss_depth=0.5922  loss_center=0.0090
[2026-08-22 13:37:13] INFO Epoch[232] [259/371]  total=9.8238  loss_ce=0.0472  loss_bbox=0.0045  loss_depth=0.9182  loss_center=0.0029
[2026-08-22 13:37:54] INFO Epoch[232] [296/371]  total=2.7383  loss_ce=0.0096  loss_bbox=0.0021  loss_depth=0.1389  loss_center=0.0011
[2026-08-22 13:38:35] INFO Epoch[232] [333/371]  total=0.1837  loss_ce=0.0016  loss_bbox=0.0038  loss_depth=-0.2174  loss_center=0.0009
[2026-08-22 13:39:15] INFO Epoch[232] [370/371]  total=1.6610  loss_ce=0.0532  loss_bbox=0.0197  loss_depth=-0.7214  loss_center=0.0065
[2026-08-22 13:39:16] INFO Epoch [232/249] avg_loss=9.0888  time=410.0s  lr=2.00e-05
[2026-08-22 13:39:17] INFO Checkpoint saved after epoch 232
[2026-08-22 13:44:53] INFO ==> Loading detections and GTs...
[2026-08-22 13:44:54] INFO ==> Evaluating (official)...
[2026-08-22 13:46:41] INFO Pedestrian AP@0.50, 0.50, 0.50:
bbox AP:64.9020, 57.0977, 49.2021
bev  AP:16.0871, 15.3254, 12.9973
3d   AP:15.1078, 12.8304, 12.5949
aos  AP:54.27, 47.39, 40.92
Pedestrian AP_R40@0.50, 0.50, 0.50:
bbox AP:64.2751, 55.6314, 46.9133
bev  AP:9.6696, 8.3203, 6.7555
3d   AP:7.9699, 6.5398, 5.5058
aos  AP:52.33, 44.99, 37.70
Pedestrian AP@0.50, 0.25, 0.25:
bbox AP:64.9020, 57.0977, 49.2021
bev  AP:32.6879, 27.5334, 25.3520
3d   AP:32.5051, 27.4685, 25.3048
aos  AP:54.27, 47.39, 40.92
Pedestrian AP_R40@0.50, 0.25, 0.25:
bbox AP:64.2751, 55.6314, 46.9133
bev  AP:29.2195, 24.1961, 20.2576
3d   AP:29.1460, 24.0900, 20.0948
aos  AP:52.33, 44.99, 37.70

[2026-08-22 13:48:29] INFO Car AP@0.70, 0.70, 0.70:
bbox AP:85.1281, 75.4376, 67.6992
bev  AP:27.6754, 22.8179, 19.3844
3d   AP:19.5533, 16.6109, 15.1502
aos  AP:83.89, 72.92, 64.33
Car AP_R40@0.70, 0.70, 0.70:
bbox AP:87.6665, 77.3493, 70.7906
bev  AP:24.3457, 18.0406, 15.1161
3d   AP:13.4473, 10.7134, 8.7074
aos  AP:86.29, 74.53, 66.76
Car AP@0.70, 0.50, 0.50:
bbox AP:85.1281, 75.4376, 67.6992
bev  AP:55.4966, 42.8353, 36.8711
3d   AP:49.5521, 39.9320, 34.7889
aos  AP:83.89, 72.92, 64.33
Car AP_R40@0.70, 0.50, 0.50:
bbox AP:87.6665, 77.3493, 70.7906
bev  AP:53.9392, 40.0944, 35.7282
3d   AP:49.4193, 36.4915, 32.3046
aos  AP:86.29, 74.53, 66.76

[2026-08-22 13:50:16] INFO Cyclist AP@0.50, 0.50, 0.50:
bbox AP:49.0153, 30.6886, 30.5152
bev  AP:5.7791, 3.9496, 3.7216
3d   AP:4.9158, 3.6295, 3.6402
aos  AP:41.09, 26.15, 25.91
Cyclist AP_R40@0.50, 0.50, 0.50:
bbox AP:47.5377, 27.5636, 26.5806
bev  AP:3.7225, 2.1713, 1.7973
3d   AP:2.9979, 1.6427, 1.5482
aos  AP:38.32, 22.09, 21.33
Cyclist AP@0.50, 0.25, 0.25:
bbox AP:49.0153, 30.6886, 30.5152
bev  AP:15.2514, 9.4970, 9.2672
3d   AP:13.5557, 9.1534, 8.8447
aos  AP:41.09, 26.15, 25.91
Cyclist AP_R40@0.50, 0.25, 0.25:
bbox AP:47.5377, 27.5636, 26.5806
bev  AP:13.4613, 7.3846, 6.7013
3d   AP:12.4218, 7.0023, 6.3479
aos  AP:38.32, 22.09, 21.33

[2026-08-22 13:50:16] INFO   Val Car Moderate mAP: 10.7134
[2026-08-22 13:50:17] INFO   Best: 10.7320 @ epoch 227
[2026-08-22 13:50:57] INFO Epoch[233] [37/371]  total=20.0282  loss_ce=0.1080  loss_bbox=0.0298  loss_depth=1.0119  loss_center=0.0118
[2026-08-22 13:51:38] INFO Epoch[233] [74/371]  total=3.9865  loss_ce=0.0066  loss_bbox=0.0023  loss_depth=0.2151  loss_center=0.0014
[2026-08-22 13:52:18] INFO Epoch[233] [111/371]  total=17.5783  loss_ce=0.0875  loss_bbox=0.0179  loss_depth=1.3244  loss_center=0.0129
[2026-08-22 13:52:59] INFO Epoch[233] [148/371]  total=19.0425  loss_ce=0.1271  loss_bbox=0.0301  loss_depth=0.4329  loss_center=0.0134
[2026-08-22 13:53:40] INFO Epoch[233] [185/371]  total=3.3129  loss_ce=0.0271  loss_bbox=0.0065  loss_depth=-0.1158  loss_center=0.0030
[2026-08-22 13:54:22] INFO Epoch[233] [222/371]  total=3.1753  loss_ce=0.0129  loss_bbox=0.0038  loss_depth=0.1218  loss_center=0.0009
[2026-08-22 13:55:03] INFO Epoch[233] [259/371]  total=38.2087  loss_ce=0.0952  loss_bbox=0.0309  loss_depth=2.5431  loss_center=0.0216
[2026-08-22 13:55:44] INFO Epoch[233] [296/371]  total=16.1780  loss_ce=0.1539  loss_bbox=0.0252  loss_depth=0.5486  loss_center=0.0128
[2026-08-22 13:56:24] INFO Epoch[233] [333/371]  total=3.8494  loss_ce=0.0163  loss_bbox=0.0048  loss_depth=-0.1459  loss_center=0.0050
[2026-08-22 13:57:05] INFO Epoch[233] [370/371]  total=6.1149  loss_ce=0.0235  loss_bbox=0.0134  loss_depth=-0.2049  loss_center=0.0071
[2026-08-22 13:57:06] INFO Epoch [233/249] avg_loss=10.3019  time=409.4s  lr=2.00e-05
[2026-08-22 13:57:06] INFO Checkpoint saved after epoch 233
[2026-08-22 14:02:42] INFO ==> Loading detections and GTs...
[2026-08-22 14:02:42] INFO ==> Evaluating (official)...
[2026-08-22 14:04:19] INFO Pedestrian AP@0.50, 0.50, 0.50:
bbox AP:65.2552, 57.2616, 49.4033
bev  AP:16.2580, 15.4107, 13.1251
3d   AP:15.3750, 14.8452, 12.5579
aos  AP:53.76, 47.12, 40.74
Pedestrian AP_R40@0.50, 0.50, 0.50:
bbox AP:63.2582, 54.3340, 45.5112
bev  AP:9.8904, 8.2932, 6.9500
3d   AP:8.8433, 7.2470, 5.5640
aos  AP:50.91, 43.62, 36.46
Pedestrian AP@0.50, 0.25, 0.25:
bbox AP:65.2552, 57.2616, 49.4033
bev  AP:32.5689, 27.8351, 25.6173
3d   AP:32.1170, 27.3902, 21.8407
aos  AP:53.76, 47.12, 40.74
Pedestrian AP_R40@0.50, 0.25, 0.25:
bbox AP:63.2582, 54.3340, 45.5112
bev  AP:29.1269, 24.4337, 20.2396
3d   AP:28.4649, 23.9448, 18.8780
aos  AP:50.91, 43.62, 36.46

[2026-08-22 14:05:55] INFO Car AP@0.70, 0.70, 0.70:
bbox AP:85.9023, 75.9437, 68.0552
bev  AP:27.6058, 22.0385, 18.6748
3d   AP:19.1323, 15.9134, 14.8885
aos  AP:84.51, 73.19, 64.43
Car AP_R40@0.70, 0.70, 0.70:
bbox AP:87.2803, 76.4159, 69.4601
bev  AP:23.6719, 16.8796, 13.7873
3d   AP:13.0230, 9.7687, 8.1626
aos  AP:85.80, 73.48, 65.34
Car AP@0.70, 0.50, 0.50:
bbox AP:85.9023, 75.9437, 68.0552
bev  AP:52.6018, 41.7662, 35.7678
3d   AP:49.5637, 36.3009, 33.5507
aos  AP:84.51, 73.19, 64.43
Car AP_R40@0.70, 0.50, 0.50:
bbox AP:87.2803, 76.4159, 69.4601
bev  AP:53.0075, 38.3673, 32.5294
3d   AP:48.3606, 34.6633, 29.2802
aos  AP:85.80, 73.48, 65.34

[2026-08-22 14:07:31] INFO Cyclist AP@0.50, 0.50, 0.50:
bbox AP:46.5643, 30.4686, 30.5977
bev  AP:4.8023, 2.9509, 2.7151
3d   AP:3.9026, 2.4607, 2.5445
aos  AP:39.30, 25.91, 25.83
Cyclist AP_R40@0.50, 0.50, 0.50:
bbox AP:45.5693, 26.9399, 26.8917
bev  AP:3.7046, 1.9023, 1.7763
3d   AP:3.0994, 1.6099, 1.6421
aos  AP:36.82, 21.53, 21.28
Cyclist AP@0.50, 0.25, 0.25:
bbox AP:46.5643, 30.4686, 30.5977
bev  AP:13.5126, 8.6848, 8.6077
3d   AP:13.4687, 8.6641, 7.4526
aos  AP:39.30, 25.91, 25.83
Cyclist AP_R40@0.50, 0.25, 0.25:
bbox AP:45.5693, 26.9399, 26.8917
bev  AP:12.0877, 6.6393, 6.2314
3d   AP:11.8313, 6.5148, 5.8121
aos  AP:36.82, 21.53, 21.28

[2026-08-22 14:07:31] INFO   Val Car Moderate mAP: 9.7687
[2026-08-22 14:07:32] INFO   Best: 10.7320 @ epoch 227
[2026-08-22 14:08:13] INFO Epoch[234] [37/371]  total=18.8828  loss_ce=0.0440  loss_bbox=0.0207  loss_depth=1.0681  loss_center=0.0100
[2026-08-22 14:08:54] INFO Epoch[234] [74/371]  total=11.8748  loss_ce=0.1222  loss_bbox=0.0256  loss_depth=0.3029  loss_center=0.0113
[2026-08-22 14:09:35] INFO Epoch[234] [111/371]  total=5.7142  loss_ce=0.0319  loss_bbox=0.0155  loss_depth=-0.2746  loss_center=0.0056
[2026-08-22 14:10:15] INFO Epoch[234] [148/371]  total=2.2042  loss_ce=0.0058  loss_bbox=0.0013  loss_depth=0.0117  loss_center=0.0006
[2026-08-22 14:10:56] INFO Epoch[234] [185/371]  total=19.4994  loss_ce=0.1370  loss_bbox=0.0244  loss_depth=0.6691  loss_center=0.0116
[2026-08-22 14:11:37] INFO Epoch[234] [222/371]  total=4.5528  loss_ce=0.0644  loss_bbox=0.0134  loss_depth=-0.2451  loss_center=0.0056
[2026-08-22 14:12:17] INFO Epoch[234] [259/371]  total=13.1074  loss_ce=0.0846  loss_bbox=0.0104  loss_depth=0.9204  loss_center=0.0057
[2026-08-22 14:12:58] INFO Epoch[234] [296/371]  total=4.2370  loss_ce=0.0217  loss_bbox=0.0022  loss_depth=0.1627  loss_center=0.0014
[2026-08-22 14:13:38] INFO Epoch[234] [333/371]  total=12.7535  loss_ce=0.1343  loss_bbox=0.0117  loss_depth=0.6780  loss_center=0.0084
[2026-08-22 14:14:18] INFO Epoch[234] [370/371]  total=10.5701  loss_ce=0.0554  loss_bbox=0.0190  loss_depth=0.6326  loss_center=0.0096
[2026-08-22 14:14:20] INFO Epoch [234/249] avg_loss=10.1981  time=407.8s  lr=2.00e-05
[2026-08-22 14:14:20] INFO Checkpoint saved after epoch 234
[2026-08-22 14:19:56] INFO ==> Loading detections and GTs...
[2026-08-22 14:19:57] INFO ==> Evaluating (official)...
[2026-08-22 14:21:36] INFO Pedestrian AP@0.50, 0.50, 0.50:
bbox AP:65.5197, 57.4300, 49.6284
bev  AP:16.1519, 15.1852, 13.0364
3d   AP:15.0791, 12.9396, 12.6390
aos  AP:54.65, 47.93, 41.37
Pedestrian AP_R40@0.50, 0.50, 0.50:
bbox AP:65.0681, 54.4550, 47.4000
bev  AP:9.9496, 8.4186, 7.0324
3d   AP:8.4143, 6.9684, 5.7212
aos  AP:53.36, 44.51, 38.44
Pedestrian AP@0.50, 0.25, 0.25:
bbox AP:65.5197, 57.4300, 49.6284
bev  AP:32.7415, 28.0820, 25.7740
3d   AP:32.5061, 27.7814, 25.6827
aos  AP:54.65, 47.93, 41.37
Pedestrian AP_R40@0.50, 0.25, 0.25:
bbox AP:65.0681, 54.4550, 47.4000
bev  AP:29.2667, 24.5849, 20.5796
3d   AP:29.0167, 24.3604, 20.4000
aos  AP:53.36, 44.51, 38.44

[2026-08-22 14:23:16] INFO Car AP@0.70, 0.70, 0.70:
bbox AP:85.2975, 76.0047, 68.0786
bev  AP:27.6685, 22.2587, 18.7974
3d   AP:19.0032, 16.0679, 14.8789
aos  AP:83.97, 73.28, 64.54
Car AP_R40@0.70, 0.70, 0.70:
bbox AP:87.9277, 78.0185, 71.2271
bev  AP:23.5493, 17.4935, 14.5527
3d   AP:12.9339, 9.7471, 8.2862
aos  AP:86.45, 74.97, 66.95
Car AP@0.70, 0.50, 0.50:
bbox AP:85.2975, 76.0047, 68.0786
bev  AP:55.2245, 41.8622, 36.1972
3d   AP:49.0825, 36.3370, 33.9086
aos  AP:83.97, 73.28, 64.54
Car AP_R40@0.70, 0.50, 0.50:
bbox AP:87.9277, 78.0185, 71.2271
bev  AP:53.3047, 39.3371, 33.8724
3d   AP:48.6086, 34.8240, 30.4894
aos  AP:86.45, 74.97, 66.95

[2026-08-22 14:24:55] INFO Cyclist AP@0.50, 0.50, 0.50:
bbox AP:44.5095, 28.5908, 25.9269
bev  AP:4.2146, 2.7663, 2.6398
3d   AP:3.3531, 2.3562, 2.2531
aos  AP:37.13, 24.25, 22.34
Cyclist AP_R40@0.50, 0.50, 0.50:
bbox AP:43.1458, 24.5070, 23.4331
bev  AP:3.2485, 1.7463, 1.6035
3d   AP:2.5549, 1.4335, 1.2471
aos  AP:34.30, 19.64, 18.68
Cyclist AP@0.50, 0.25, 0.25:
bbox AP:44.5095, 28.5908, 25.9269
bev  AP:13.0344, 8.5861, 8.6051
3d   AP:12.5552, 8.4427, 8.3072
aos  AP:37.13, 24.25, 22.34
Cyclist AP_R40@0.50, 0.25, 0.25:
bbox AP:43.1458, 24.5070, 23.4331
bev  AP:11.7005, 6.5484, 6.2652
3d   AP:11.3055, 6.2855, 5.9271
aos  AP:34.30, 19.64, 18.68

[2026-08-22 14:24:55] INFO   Val Car Moderate mAP: 9.7471
[2026-08-22 14:24:55] INFO   Best: 10.7320 @ epoch 227
[2026-08-22 14:25:36] INFO Epoch[235] [37/371]  total=13.0640  loss_ce=0.0797  loss_bbox=0.0116  loss_depth=0.5162  loss_center=0.0062
[2026-08-22 14:26:16] INFO Epoch[235] [74/371]  total=3.9525  loss_ce=0.0254  loss_bbox=0.0031  loss_depth=0.2056  loss_center=0.0015
[2026-08-22 14:26:57] INFO Epoch[235] [111/371]  total=1.6684  loss_ce=0.0022  loss_bbox=0.0034  loss_depth=-0.0146  loss_center=0.0016
[2026-08-22 14:27:38] INFO Epoch[235] [148/371]  total=4.2667  loss_ce=0.0117  loss_bbox=0.0095  loss_depth=-0.1010  loss_center=0.0043
[2026-08-22 14:28:19] INFO Epoch[235] [185/371]  total=7.7937  loss_ce=0.0520  loss_bbox=0.0088  loss_depth=0.1347  loss_center=0.0060
[2026-08-22 14:29:00] INFO Epoch[235] [222/371]  total=14.6064  loss_ce=0.0824  loss_bbox=0.0130  loss_depth=0.8225  loss_center=0.0077
[2026-08-22 14:29:40] INFO Epoch[235] [259/371]  total=7.6839  loss_ce=0.0271  loss_bbox=0.0093  loss_depth=0.0438  loss_center=0.0056
[2026-08-22 14:30:21] INFO Epoch[235] [296/371]  total=14.0579  loss_ce=0.0783  loss_bbox=0.0211  loss_depth=0.6084  loss_center=0.0125
[2026-08-22 14:31:02] INFO Epoch[235] [333/371]  total=30.5057  loss_ce=0.1362  loss_bbox=0.0359  loss_depth=2.3350  loss_center=0.0210
[2026-08-22 14:31:42] INFO Epoch[235] [370/371]  total=4.6592  loss_ce=0.0305  loss_bbox=0.0032  loss_depth=0.3007  loss_center=0.0018
[2026-08-22 14:31:43] INFO Epoch [235/249] avg_loss=10.0444  time=408.0s  lr=2.00e-05
[2026-08-22 14:31:44] INFO Checkpoint saved after epoch 235
[2026-08-22 14:37:21] INFO ==> Loading detections and GTs...
[2026-08-22 14:37:21] INFO ==> Evaluating (official)...
[2026-08-22 14:39:01] INFO Pedestrian AP@0.50, 0.50, 0.50:
bbox AP:65.1394, 57.1771, 49.4040
bev  AP:16.1520, 15.0911, 12.9590
3d   AP:15.4677, 12.8304, 12.7106
aos  AP:54.44, 47.66, 40.87
Pedestrian AP_R40@0.50, 0.50, 0.50:
bbox AP:64.7406, 54.2252, 47.1567
bev  AP:9.8470, 8.3439, 6.8708
3d   AP:9.0687, 6.9389, 5.7780
aos  AP:52.92, 44.24, 38.01
Pedestrian AP@0.50, 0.25, 0.25:
bbox AP:65.1394, 57.1771, 49.4040
bev  AP:32.9272, 28.1585, 25.6328
3d   AP:32.0281, 27.3565, 25.3135
aos  AP:54.44, 47.66, 40.87
Pedestrian AP_R40@0.50, 0.25, 0.25:
bbox AP:64.7406, 54.2252, 47.1567
bev  AP:29.5053, 24.5685, 20.6545
3d   AP:28.6767, 23.9813, 20.0362
aos  AP:52.92, 44.24, 38.01

[2026-08-22 14:40:41] INFO Car AP@0.70, 0.70, 0.70:
bbox AP:84.5947, 75.3479, 67.5770
bev  AP:26.8483, 22.0374, 18.7092
3d   AP:18.4100, 15.7813, 14.7245
aos  AP:83.02, 72.60, 64.08
Car AP_R40@0.70, 0.70, 0.70:
bbox AP:87.1170, 77.3874, 70.6913
bev  AP:22.6150, 17.2509, 14.4428
3d   AP:12.3354, 9.4477, 8.0677
aos  AP:85.36, 74.34, 66.47
Car AP@0.70, 0.50, 0.50:
bbox AP:84.5947, 75.3479, 67.5770
bev  AP:55.0060, 42.2774, 36.2637
3d   AP:48.8097, 39.5424, 34.0501
aos  AP:83.02, 72.60, 64.08
Car AP_R40@0.70, 0.50, 0.50:
bbox AP:87.1170, 77.3874, 70.6913
bev  AP:53.1435, 39.5196, 35.0391
3d   AP:48.3451, 35.7861, 30.5515
aos  AP:85.36, 74.34, 66.47

[2026-08-22 14:42:20] INFO Cyclist AP@0.50, 0.50, 0.50:
bbox AP:44.8280, 29.4849, 29.2495
bev  AP:3.5706, 2.4883, 2.4779
3d   AP:3.5706, 2.4738, 2.4633
aos  AP:37.42, 24.96, 24.63
Cyclist AP_R40@0.50, 0.50, 0.50:
bbox AP:43.5284, 25.8054, 24.8442
bev  AP:2.5521, 1.4436, 1.3455
3d   AP:2.5481, 1.4396, 1.3415
aos  AP:34.44, 20.47, 19.50
Cyclist AP@0.50, 0.25, 0.25:
bbox AP:44.8280, 29.4849, 29.2495
bev  AP:12.8988, 8.8058, 8.6157
3d   AP:12.6490, 8.4411, 7.3926
aos  AP:37.42, 24.96, 24.63
Cyclist AP_R40@0.50, 0.25, 0.25:
bbox AP:43.5284, 25.8054, 24.8442
bev  AP:11.6022, 6.5424, 6.1418
3d   AP:11.1652, 6.2660, 5.5921
aos  AP:34.44, 20.47, 19.50

[2026-08-22 14:42:20] INFO   Val Car Moderate mAP: 9.4477
[2026-08-22 14:42:20] INFO   Best: 10.7320 @ epoch 227
[2026-08-22 14:43:02] INFO Epoch[236] [37/371]  total=0.0005  loss_ce=0.0001  loss_bbox=0.0000  loss_depth=0.0000  loss_center=0.0000
[2026-08-22 14:43:43] INFO Epoch[236] [74/371]  total=4.7356  loss_ce=0.0308  loss_bbox=0.0105  loss_depth=0.0045  loss_center=0.0045
[2026-08-22 14:44:25] INFO Epoch[236] [111/371]  total=2.0135  loss_ce=0.0146  loss_bbox=0.0058  loss_depth=-0.0987  loss_center=0.0029
[2026-08-22 14:45:06] INFO Epoch[236] [148/371]  total=10.7344  loss_ce=0.0434  loss_bbox=0.0096  loss_depth=0.5059  loss_center=0.0055
[2026-08-22 14:45:48] INFO Epoch[236] [185/371]  total=3.9040  loss_ce=0.0207  loss_bbox=0.0049  loss_depth=0.2153  loss_center=0.0015
[2026-08-22 14:46:29] INFO Epoch[236] [222/371]  total=2.9871  loss_ce=0.0088  loss_bbox=0.0011  loss_depth=0.2194  loss_center=0.0010
[2026-08-22 14:47:11] INFO Epoch[236] [259/371]  total=4.3584  loss_ce=0.0194  loss_bbox=0.0094  loss_depth=-0.1057  loss_center=0.0048
[2026-08-22 14:47:52] INFO Epoch[236] [296/371]  total=6.9654  loss_ce=0.0355  loss_bbox=0.0142  loss_depth=-0.1392  loss_center=0.0065
[2026-08-22 14:48:33] INFO Epoch[236] [333/371]  total=13.1620  loss_ce=0.1059  loss_bbox=0.0255  loss_depth=0.3789  loss_center=0.0132
[2026-08-22 14:49:14] INFO Epoch[236] [370/371]  total=14.1255  loss_ce=0.1212  loss_bbox=0.0179  loss_depth=0.4809  loss_center=0.0092
[2026-08-22 14:49:15] INFO Epoch [236/249] avg_loss=9.6477  time=414.5s  lr=2.00e-05
[2026-08-22 14:49:15] INFO Checkpoint saved after epoch 236
[2026-08-22 14:54:50] INFO ==> Loading detections and GTs...
[2026-08-22 14:54:50] INFO ==> Evaluating (official)...
[2026-08-22 14:56:22] INFO Pedestrian AP@0.50, 0.50, 0.50:
bbox AP:66.2839, 57.9179, 49.7908
bev  AP:15.6324, 14.9395, 12.9514
3d   AP:14.3790, 12.6778, 12.3843
aos  AP:55.85, 48.69, 41.67
Pedestrian AP_R40@0.50, 0.50, 0.50:
bbox AP:65.8456, 54.9706, 45.9342
bev  AP:9.6107, 8.0715, 6.2241
3d   AP:7.5885, 6.5777, 5.3244
aos  AP:54.34, 45.28, 37.55
Pedestrian AP@0.50, 0.25, 0.25:
bbox AP:66.2839, 57.9179, 49.7908
bev  AP:31.2766, 26.8400, 21.6587
3d   AP:31.0847, 26.2957, 21.3498
aos  AP:55.85, 48.69, 41.67
Pedestrian AP_R40@0.50, 0.25, 0.25:
bbox AP:65.8456, 54.9706, 45.9342
bev  AP:26.9355, 23.4524, 18.5904
3d   AP:26.4381, 22.0476, 18.2029
aos  AP:54.34, 45.28, 37.55

[2026-08-22 14:57:53] INFO Car AP@0.70, 0.70, 0.70:
bbox AP:86.8082, 77.2883, 69.0532
bev  AP:27.0058, 21.5832, 18.4185
3d   AP:18.2547, 15.6721, 14.6807
aos  AP:85.15, 74.26, 65.25
Car AP_R40@0.70, 0.70, 0.70:
bbox AP:89.7615, 79.5053, 70.5657
bev  AP:22.5680, 16.2999, 13.9937
3d   AP:11.6235, 9.1887, 7.8336
aos  AP:87.87, 76.12, 66.25
Car AP@0.70, 0.50, 0.50:
bbox AP:86.8082, 77.2883, 69.0532
bev  AP:55.8701, 42.2986, 36.3883
3d   AP:49.3218, 36.4615, 33.7311
aos  AP:85.15, 74.26, 65.25
Car AP_R40@0.70, 0.50, 0.50:
bbox AP:89.7615, 79.5053, 70.5657
bev  AP:53.9213, 39.7622, 34.0849
3d   AP:47.9848, 34.8898, 30.4326
aos  AP:87.87, 76.12, 66.25

[2026-08-22 14:59:24] INFO Cyclist AP@0.50, 0.50, 0.50:
bbox AP:45.6457, 27.5678, 27.2701
bev  AP:3.0099, 2.5192, 1.5322
3d   AP:2.9901, 1.5521, 1.5322
aos  AP:37.37, 23.25, 22.88
Cyclist AP_R40@0.50, 0.50, 0.50:
bbox AP:43.5749, 25.1354, 23.7509
bev  AP:2.1865, 1.4027, 1.0174
3d   AP:2.1372, 1.0100, 0.9975
aos  AP:33.76, 19.34, 18.27
Cyclist AP@0.50, 0.25, 0.25:
bbox AP:45.6457, 27.5678, 27.2701
bev  AP:11.7712, 7.0890, 6.5389
3d   AP:11.6472, 7.0890, 6.5389
aos  AP:37.37, 23.25, 22.88
Cyclist AP_R40@0.50, 0.25, 0.25:
bbox AP:43.5749, 25.1354, 23.7509
bev  AP:10.5364, 5.7734, 5.5831
3d   AP:10.3426, 5.6649, 5.3640
aos  AP:33.76, 19.34, 18.27

[2026-08-22 14:59:24] INFO   Val Car Moderate mAP: 9.1887
[2026-08-22 14:59:25] INFO   Best: 10.7320 @ epoch 227
[2026-08-22 15:00:06] INFO Epoch[237] [37/371]  total=6.9166  loss_ce=0.0364  loss_bbox=0.0193  loss_depth=-0.1637  loss_center=0.0100
[2026-08-22 15:00:46] INFO Epoch[237] [74/371]  total=3.8794  loss_ce=0.0366  loss_bbox=0.0070  loss_depth=-0.0006  loss_center=0.0028
[2026-08-22 15:01:26] INFO Epoch[237] [111/371]  total=4.1966  loss_ce=0.0124  loss_bbox=0.0038  loss_depth=0.2646  loss_center=0.0016
[2026-08-22 15:02:07] INFO Epoch[237] [148/371]  total=10.7836  loss_ce=0.0244  loss_bbox=0.0125  loss_depth=0.7655  loss_center=0.0052
[2026-08-22 15:02:48] INFO Epoch[237] [185/371]  total=18.1463  loss_ce=0.0795  loss_bbox=0.0187  loss_depth=0.8191  loss_center=0.0119
[2026-08-22 15:03:28] INFO Epoch[237] [222/371]  total=12.7043  loss_ce=0.0720  loss_bbox=0.0228  loss_depth=0.8751  loss_center=0.0101
[2026-08-22 15:04:09] INFO Epoch[237] [259/371]  total=7.2026  loss_ce=0.0253  loss_bbox=0.0115  loss_depth=0.6427  loss_center=0.0036
[2026-08-22 15:04:49] INFO Epoch[237] [296/371]  total=5.6080  loss_ce=0.0378  loss_bbox=0.0080  loss_depth=-0.1920  loss_center=0.0037
[2026-08-22 15:05:30] INFO Epoch[237] [333/371]  total=2.6892  loss_ce=0.0381  loss_bbox=0.0125  loss_depth=-0.0750  loss_center=0.0063
[2026-08-22 15:06:10] INFO Epoch[237] [370/371]  total=5.7264  loss_ce=0.0212  loss_bbox=0.0036  loss_depth=0.4006  loss_center=0.0026
[2026-08-22 15:06:11] INFO Epoch [237/249] avg_loss=10.5523  time=406.5s  lr=2.00e-05
[2026-08-22 15:06:12] INFO Checkpoint saved after epoch 237
[2026-08-22 15:11:46] INFO ==> Loading detections and GTs...
[2026-08-22 15:11:46] INFO ==> Evaluating (official)...
[2026-08-22 15:13:21] INFO Pedestrian AP@0.50, 0.50, 0.50:
bbox AP:65.1877, 57.3792, 49.3818
bev  AP:15.6274, 15.0244, 12.9590
3d   AP:14.8121, 12.5371, 12.4689
aos  AP:54.22, 47.66, 41.04
Pedestrian AP_R40@0.50, 0.50, 0.50:
bbox AP:63.0976, 54.2810, 45.4551
bev  AP:9.3508, 7.9428, 6.6745
3d   AP:7.8875, 6.4471, 5.3872
aos  AP:51.53, 44.13, 36.76
Pedestrian AP@0.50, 0.25, 0.25:
bbox AP:65.1877, 57.3792, 49.3818
bev  AP:32.6333, 27.6510, 25.5663
3d   AP:31.9674, 27.2678, 21.7173
aos  AP:54.22, 47.66, 41.04
Pedestrian AP_R40@0.50, 0.25, 0.25:
bbox AP:63.0976, 54.2810, 45.4551
bev  AP:29.1445, 24.3786, 20.3052
3d   AP:28.6663, 24.0086, 18.9839
aos  AP:51.53, 44.13, 36.76

[2026-08-22 15:14:56] INFO Car AP@0.70, 0.70, 0.70:
bbox AP:84.8724, 75.9128, 67.9997
bev  AP:27.8460, 22.8897, 19.1030
3d   AP:19.1030, 16.4014, 15.0483
aos  AP:83.31, 72.96, 64.31
Car AP_R40@0.70, 0.70, 0.70:
bbox AP:87.4866, 76.1760, 69.3908
bev  AP:24.2266, 17.9241, 14.9601
3d   AP:13.2853, 10.5231, 8.5439
aos  AP:85.74, 73.03, 65.19
Car AP@0.70, 0.50, 0.50:
bbox AP:84.8724, 75.9128, 67.9997
bev  AP:55.8376, 43.3469, 37.0105
3d   AP:49.1318, 40.3467, 34.9850
aos  AP:83.31, 72.96, 64.31
Car AP_R40@0.70, 0.50, 0.50:
bbox AP:87.4866, 76.1760, 69.3908
bev  AP:54.9781, 41.5038, 36.0759
3d   AP:49.0918, 36.7160, 32.4609
aos  AP:85.74, 73.03, 65.19

[2026-08-22 15:16:31] INFO Cyclist AP@0.50, 0.50, 0.50:
bbox AP:45.1480, 29.3323, 27.1274
bev  AP:3.7160, 2.3605, 2.3290
3d   AP:2.5268, 1.8679, 1.4354
aos  AP:37.95, 25.05, 23.38
Cyclist AP_R40@0.50, 0.50, 0.50:
bbox AP:43.5610, 24.9823, 24.3324
bev  AP:2.7680, 1.4629, 1.3950
3d   AP:1.8314, 1.0456, 0.8588
aos  AP:34.93, 19.99, 19.33
Cyclist AP@0.50, 0.25, 0.25:
bbox AP:45.1480, 29.3323, 27.1274
bev  AP:12.1855, 8.4986, 7.9997
3d   AP:11.3468, 8.1053, 6.7233
aos  AP:37.95, 25.05, 23.38
Cyclist AP_R40@0.50, 0.25, 0.25:
bbox AP:43.5610, 24.9823, 24.3324
bev  AP:10.9479, 6.1634, 5.7153
3d   AP:10.0018, 5.7787, 5.1351
aos  AP:34.93, 19.99, 19.33

[2026-08-22 15:16:31] INFO   Val Car Moderate mAP: 10.5231
[2026-08-22 15:16:31] INFO   Best: 10.7320 @ epoch 227
[2026-08-22 15:17:12] INFO Epoch[238] [37/371]  total=4.8358  loss_ce=0.0333  loss_bbox=0.0103  loss_depth=0.0632  loss_center=0.0044
[2026-08-22 15:17:52] INFO Epoch[238] [74/371]  total=1.0071  loss_ce=0.0022  loss_bbox=0.0007  loss_depth=0.0271  loss_center=0.0005
[2026-08-22 15:18:33] INFO Epoch[238] [111/371]  total=26.9842  loss_ce=0.1574  loss_bbox=0.0254  loss_depth=1.8401  loss_center=0.0218
[2026-08-22 15:19:14] INFO Epoch[238] [148/371]  total=34.6530  loss_ce=0.1921  loss_bbox=0.0261  loss_depth=1.8575  loss_center=0.0194
[2026-08-22 15:19:54] INFO Epoch[238] [185/371]  total=4.2105  loss_ce=0.0401  loss_bbox=0.0166  loss_depth=-0.1328  loss_center=0.0082
[2026-08-22 15:20:35] INFO Epoch[238] [222/371]  total=11.3550  loss_ce=0.0996  loss_bbox=0.0158  loss_depth=0.5214  loss_center=0.0071
[2026-08-22 15:21:16] INFO Epoch[238] [259/371]  total=4.2137  loss_ce=0.0107  loss_bbox=0.0035  loss_depth=0.2951  loss_center=0.0020
[2026-08-22 15:21:56] INFO Epoch[238] [296/371]  total=15.6607  loss_ce=0.0446  loss_bbox=0.0087  loss_depth=1.2920  loss_center=0.0046
[2026-08-22 15:22:37] INFO Epoch[238] [333/371]  total=25.8295  loss_ce=0.1701  loss_bbox=0.0420  loss_depth=1.0074  loss_center=0.0198
[2026-08-22 15:23:18] INFO Epoch[238] [370/371]  total=2.4491  loss_ce=0.0013  loss_bbox=0.0011  loss_depth=0.1605  loss_center=0.0007
[2026-08-22 15:23:19] INFO Epoch [238/249] avg_loss=9.6581  time=407.4s  lr=2.00e-05
[2026-08-22 15:23:19] INFO Checkpoint saved after epoch 238
[2026-08-22 15:28:53] INFO ==> Loading detections and GTs...
[2026-08-22 15:28:54] INFO ==> Evaluating (official)...
[2026-08-22 15:30:29] INFO Pedestrian AP@0.50, 0.50, 0.50:
bbox AP:66.2593, 51.4464, 50.0620
bev  AP:15.6149, 15.0229, 12.8919
3d   AP:14.4838, 12.5828, 12.3516
aos  AP:55.68, 43.64, 41.88
Pedestrian AP_R40@0.50, 0.50, 0.50:
bbox AP:64.0733, 53.1037, 45.9904
bev  AP:9.2893, 7.8455, 5.9914
3d   AP:7.5088, 6.2899, 5.1927
aos  AP:52.82, 43.64, 37.47
Pedestrian AP@0.50, 0.25, 0.25:
bbox AP:66.2593, 51.4464, 50.0620
bev  AP:32.5405, 27.7245, 21.9612
3d   AP:31.9047, 27.1839, 21.6819
aos  AP:55.68, 43.64, 41.88
Pedestrian AP_R40@0.50, 0.25, 0.25:
bbox AP:64.0733, 53.1037, 45.9904
bev  AP:29.4128, 24.2928, 19.3658
3d   AP:27.9103, 22.8437, 18.9901
aos  AP:52.82, 43.64, 37.47

[2026-08-22 15:32:04] INFO Car AP@0.70, 0.70, 0.70:
bbox AP:86.1236, 76.5307, 68.5731
bev  AP:27.2730, 22.2627, 18.7711
3d   AP:19.1391, 16.1765, 14.9349
aos  AP:84.54, 73.52, 64.75
Car AP_R40@0.70, 0.70, 0.70:
bbox AP:89.0134, 78.7648, 70.0433
bev  AP:23.0560, 17.4152, 14.5021
3d   AP:13.2575, 9.8838, 8.3896
aos  AP:87.22, 75.40, 65.70
Car AP@0.70, 0.50, 0.50:
bbox AP:86.1236, 76.5307, 68.5731
bev  AP:56.3134, 42.8240, 36.7792
3d   AP:50.4257, 40.4819, 34.8004
aos  AP:84.54, 73.52, 64.75
Car AP_R40@0.70, 0.50, 0.50:
bbox AP:89.0134, 78.7648, 70.0433
bev  AP:54.5962, 40.3057, 35.7784
3d   AP:50.2110, 36.8296, 31.4104
aos  AP:87.22, 75.40, 65.70

[2026-08-22 15:33:38] INFO Cyclist AP@0.50, 0.50, 0.50:
bbox AP:45.0681, 30.3393, 30.2849
bev  AP:2.8753, 2.2422, 2.3463
3d   AP:2.6862, 2.1623, 1.5496
aos  AP:37.64, 25.28, 25.33
Cyclist AP_R40@0.50, 0.50, 0.50:
bbox AP:43.5818, 25.5029, 25.5225
bev  AP:2.1673, 1.2670, 1.2117
3d   AP:1.9173, 1.1294, 0.9569
aos  AP:34.57, 20.03, 19.90
Cyclist AP@0.50, 0.25, 0.25:
bbox AP:45.0681, 30.3393, 30.2849
bev  AP:11.3680, 7.9655, 8.1158
3d   AP:11.1090, 7.6919, 6.7286
aos  AP:37.64, 25.28, 25.33
Cyclist AP_R40@0.50, 0.25, 0.25:
bbox AP:43.5818, 25.5029, 25.5225
bev  AP:10.4745, 6.0528, 6.0298
3d   AP:10.2384, 5.7406, 5.2457
aos  AP:34.57, 20.03, 19.90

[2026-08-22 15:33:38] INFO   Val Car Moderate mAP: 9.8838
[2026-08-22 15:33:38] INFO   Best: 10.7320 @ epoch 227
[2026-08-22 15:34:19] INFO Epoch[239] [37/371]  total=5.6321  loss_ce=0.0089  loss_bbox=0.0065  loss_depth=0.3293  loss_center=0.0042
[2026-08-22 15:34:59] INFO Epoch[239] [74/371]  total=1.2677  loss_ce=0.0019  loss_bbox=0.0016  loss_depth=0.1112  loss_center=0.0003
[2026-08-22 15:35:40] INFO Epoch[239] [111/371]  total=4.7601  loss_ce=0.0127  loss_bbox=0.0066  loss_depth=0.1030  loss_center=0.0036
[2026-08-22 15:36:20] INFO Epoch[239] [148/371]  total=13.4742  loss_ce=0.0726  loss_bbox=0.0148  loss_depth=0.7746  loss_center=0.0091
[2026-08-22 15:37:01] INFO Epoch[239] [185/371]  total=15.7099  loss_ce=0.1042  loss_bbox=0.0245  loss_depth=0.5981  loss_center=0.0131
[2026-08-22 15:37:41] INFO Epoch[239] [222/371]  total=20.2125  loss_ce=0.0880  loss_bbox=0.0118  loss_depth=1.2052  loss_center=0.0115
[2026-08-22 15:38:22] INFO Epoch[239] [259/371]  total=7.2328  loss_ce=0.0260  loss_bbox=0.0090  loss_depth=0.5239  loss_center=0.0059
[2026-08-22 15:39:02] INFO Epoch[239] [296/371]  total=12.4208  loss_ce=0.0663  loss_bbox=0.0333  loss_depth=0.3240  loss_center=0.0144
[2026-08-22 15:39:43] INFO Epoch[239] [333/371]  total=3.1562  loss_ce=0.0527  loss_bbox=0.0097  loss_depth=-0.1964  loss_center=0.0033
[2026-08-22 15:40:23] INFO Epoch[239] [370/371]  total=7.0920  loss_ce=0.0387  loss_bbox=0.0049  loss_depth=0.7079  loss_center=0.0028
[2026-08-22 15:40:25] INFO Epoch [239/249] avg_loss=9.6291  time=406.5s  lr=2.00e-05
[2026-08-22 15:40:25] INFO Checkpoint saved after epoch 239
[2026-08-22 15:46:01] INFO ==> Loading detections and GTs...
[2026-08-22 15:46:01] INFO ==> Evaluating (official)...
[2026-08-22 15:47:39] INFO Pedestrian AP@0.50, 0.50, 0.50:
bbox AP:64.9004, 56.7843, 49.1681
bev  AP:15.6082, 14.7364, 12.8557
3d   AP:14.9644, 12.5751, 12.3953
aos  AP:55.39, 48.32, 41.58
Pedestrian AP_R40@0.50, 0.50, 0.50:
bbox AP:62.7028, 53.7871, 46.8529
bev  AP:9.3709, 8.0510, 6.7559
3d   AP:8.1208, 6.6662, 5.4859
aos  AP:52.70, 45.00, 38.81
Pedestrian AP@0.50, 0.25, 0.25:
bbox AP:64.9004, 56.7843, 49.1681
bev  AP:32.8692, 27.7880, 25.6139
3d   AP:32.7260, 27.6136, 25.4579
aos  AP:55.39, 48.32, 41.58
Pedestrian AP_R40@0.50, 0.25, 0.25:
bbox AP:62.7028, 53.7871, 46.8529
bev  AP:29.2939, 24.4122, 20.5048
3d   AP:29.1727, 24.2045, 20.2835
aos  AP:52.70, 45.00, 38.81

[2026-08-22 15:49:18] INFO Car AP@0.70, 0.70, 0.70:
bbox AP:83.7289, 74.6458, 67.1422
bev  AP:28.0866, 23.0907, 19.2435
3d   AP:19.7234, 16.5473, 14.9883
aos  AP:82.29, 71.91, 63.60
Car AP_R40@0.70, 0.70, 0.70:
bbox AP:86.0272, 74.8890, 68.3642
bev  AP:24.4912, 18.1428, 15.0884
3d   AP:13.8741, 10.6397, 8.6382
aos  AP:84.43, 71.94, 64.33
Car AP@0.70, 0.50, 0.50:
bbox AP:83.7289, 74.6458, 67.1422
bev  AP:55.8257, 42.7826, 36.9034
3d   AP:49.5350, 40.0578, 34.8227
aos  AP:82.29, 71.91, 63.60
Car AP_R40@0.70, 0.50, 0.50:
bbox AP:86.0272, 74.8890, 68.3642
bev  AP:55.0878, 40.0943, 35.8028
3d   AP:49.2962, 36.3701, 31.2418
aos  AP:84.43, 71.94, 64.33

[2026-08-22 15:50:56] INFO Cyclist AP@0.50, 0.50, 0.50:
bbox AP:45.4630, 30.1398, 30.0215
bev  AP:4.6943, 2.8719, 2.6650
3d   AP:3.2329, 2.3627, 2.2163
aos  AP:37.31, 24.95, 24.84
Cyclist AP_R40@0.50, 0.50, 0.50:
bbox AP:44.7953, 26.3549, 25.5455
bev  AP:3.3776, 1.9597, 1.6480
3d   AP:2.6339, 1.4173, 1.2754
aos  AP:34.73, 20.28, 19.49
Cyclist AP@0.50, 0.25, 0.25:
bbox AP:45.4630, 30.1398, 30.0215
bev  AP:11.9538, 8.4121, 8.1703
3d   AP:11.5629, 8.1890, 7.6188
aos  AP:37.31, 24.95, 24.84
Cyclist AP_R40@0.50, 0.25, 0.25:
bbox AP:44.7953, 26.3549, 25.5455
bev  AP:10.8375, 6.1328, 5.8543
3d   AP:10.5921, 6.0049, 5.4792
aos  AP:34.73, 20.28, 19.49

[2026-08-22 15:50:56] INFO   Val Car Moderate mAP: 10.6397
[2026-08-22 15:50:56] INFO   Best: 10.7320 @ epoch 227
[2026-08-22 15:51:37] INFO Epoch[240] [37/371]  total=5.5176  loss_ce=0.0132  loss_bbox=0.0067  loss_depth=0.1470  loss_center=0.0033
[2026-08-22 15:52:17] INFO Epoch[240] [74/371]  total=11.4771  loss_ce=0.0686  loss_bbox=0.0115  loss_depth=0.8279  loss_center=0.0054
[2026-08-22 15:52:58] INFO Epoch[240] [111/371]  total=1.0631  loss_ce=0.0116  loss_bbox=0.0090  loss_depth=-0.4452  loss_center=0.0030
[2026-08-22 15:53:38] INFO Epoch[240] [148/371]  total=4.6328  loss_ce=0.0298  loss_bbox=0.0063  loss_depth=0.1491  loss_center=0.0021
[2026-08-22 15:54:19] INFO Epoch[240] [185/371]  total=7.1311  loss_ce=0.0143  loss_bbox=0.0047  loss_depth=0.4952  loss_center=0.0041
[2026-08-22 15:55:00] INFO Epoch[240] [222/371]  total=11.7996  loss_ce=0.0661  loss_bbox=0.0194  loss_depth=0.2031  loss_center=0.0107
[2026-08-22 15:55:41] INFO Epoch[240] [259/371]  total=1.9636  loss_ce=0.0161  loss_bbox=0.0056  loss_depth=-0.3093  loss_center=0.0032
[2026-08-22 15:56:21] INFO Epoch[240] [296/371]  total=7.9507  loss_ce=0.0072  loss_bbox=0.0070  loss_depth=0.2005  loss_center=0.0023
[2026-08-22 15:57:03] INFO Epoch[240] [333/371]  total=6.0664  loss_ce=0.0196  loss_bbox=0.0082  loss_depth=0.1961  loss_center=0.0063
[2026-08-22 15:57:44] INFO Epoch[240] [370/371]  total=6.0467  loss_ce=0.0595  loss_bbox=0.0170  loss_depth=-0.2415  loss_center=0.0053
[2026-08-22 15:57:45] INFO Epoch [240/249] avg_loss=9.2997  time=409.1s  lr=2.00e-05
[2026-08-22 15:57:46] INFO Checkpoint saved after epoch 240
[2026-08-22 16:03:21] INFO ==> Loading detections and GTs...
[2026-08-22 16:03:21] INFO ==> Evaluating (official)...
[2026-08-22 16:05:00] INFO Pedestrian AP@0.50, 0.50, 0.50:
bbox AP:64.2310, 56.2293, 48.6561
bev  AP:15.4760, 14.7258, 12.7040
3d   AP:14.5572, 12.4709, 12.4064
aos  AP:54.51, 47.44, 40.94
Pedestrian AP_R40@0.50, 0.50, 0.50:
bbox AP:63.7591, 53.3815, 46.4444
bev  AP:9.1552, 7.7273, 6.4991
3d   AP:7.8768, 6.4087, 5.3724
aos  AP:52.82, 44.21, 38.04
Pedestrian AP@0.50, 0.25, 0.25:
bbox AP:64.2310, 56.2293, 48.6561
bev  AP:32.7203, 27.3000, 25.3550
3d   AP:32.0303, 26.8821, 24.9130
aos  AP:54.51, 47.44, 40.94
Pedestrian AP_R40@0.50, 0.25, 0.25:
bbox AP:63.7591, 53.3815, 46.4444
bev  AP:28.9577, 24.1662, 20.2604
3d   AP:28.3893, 23.6344, 19.7549
aos  AP:52.82, 44.21, 38.04

[2026-08-22 16:06:39] INFO Car AP@0.70, 0.70, 0.70:
bbox AP:83.0981, 74.2344, 66.8206
bev  AP:27.3845, 22.0134, 18.5493
3d   AP:19.1907, 15.9460, 14.9336
aos  AP:81.78, 71.50, 63.37
Car AP_R40@0.70, 0.70, 0.70:
bbox AP:85.6073, 74.4518, 68.0356
bev  AP:23.3067, 16.7142, 13.7100
3d   AP:13.3375, 9.8398, 8.2870
aos  AP:84.12, 71.55, 64.10
Car AP@0.70, 0.50, 0.50:
bbox AP:83.0981, 74.2344, 66.8206
bev  AP:54.6193, 41.1580, 35.6977
3d   AP:48.9835, 36.0792, 33.4030
aos  AP:81.78, 71.50, 63.37
Car AP_R40@0.70, 0.50, 0.50:
bbox AP:85.6073, 74.4518, 68.0356
bev  AP:52.5900, 37.7571, 33.4053
3d   AP:47.5466, 34.3999, 30.1232
aos  AP:84.12, 71.55, 64.10

[2026-08-22 16:08:18] INFO Cyclist AP@0.50, 0.50, 0.50:
bbox AP:48.9907, 30.8835, 30.7578
bev  AP:4.9008, 2.9159, 2.9732
3d   AP:3.8862, 2.7339, 2.6692
aos  AP:39.43, 25.33, 25.10
Cyclist AP_R40@0.50, 0.50, 0.50:
bbox AP:46.5683, 26.7462, 26.0977
bev  AP:3.6592, 2.0902, 1.8753
3d   AP:3.0176, 1.6603, 1.5771
aos  AP:35.73, 20.44, 19.84
Cyclist AP@0.50, 0.25, 0.25:
bbox AP:48.9907, 30.8835, 30.7578
bev  AP:12.5292, 8.4377, 8.4818
3d   AP:12.4696, 8.3947, 8.4120
aos  AP:39.43, 25.33, 25.10
Cyclist AP_R40@0.50, 0.25, 0.25:
bbox AP:46.5683, 26.7462, 26.0977
bev  AP:11.4123, 6.3166, 6.2436
3d   AP:11.3666, 6.2743, 6.1364
aos  AP:35.73, 20.44, 19.84

[2026-08-22 16:08:18] INFO   Val Car Moderate mAP: 9.8398
[2026-08-22 16:08:19] INFO   Best: 10.7320 @ epoch 227
[2026-08-22 16:09:00] INFO Epoch[241] [37/371]  total=2.8230  loss_ce=0.0206  loss_bbox=0.0061  loss_depth=-0.0093  loss_center=0.0039
[2026-08-22 16:09:41] INFO Epoch[241] [74/371]  total=3.0653  loss_ce=0.0062  loss_bbox=0.0021  loss_depth=0.0705  loss_center=0.0014
[2026-08-22 16:10:23] INFO Epoch[241] [111/371]  total=4.8061  loss_ce=0.0299  loss_bbox=0.0082  loss_depth=0.1538  loss_center=0.0031
[2026-08-22 16:11:04] INFO Epoch[241] [148/371]  total=15.3924  loss_ce=0.1023  loss_bbox=0.0135  loss_depth=1.2322  loss_center=0.0090
[2026-08-22 16:11:46] INFO Epoch[241] [185/371]  total=12.8141  loss_ce=0.1144  loss_bbox=0.0117  loss_depth=0.4224  loss_center=0.0127
[2026-08-22 16:12:27] INFO Epoch[241] [222/371]  total=6.6282  loss_ce=0.0263  loss_bbox=0.0099  loss_depth=-0.0408  loss_center=0.0053
[2026-08-22 16:13:08] INFO Epoch[241] [259/371]  total=14.1818  loss_ce=0.0809  loss_bbox=0.0159  loss_depth=0.7515  loss_center=0.0104
[2026-08-22 16:13:49] INFO Epoch[241] [296/371]  total=27.7589  loss_ce=0.1645  loss_bbox=0.0384  loss_depth=1.9827  loss_center=0.0190
[2026-08-22 16:14:31] INFO Epoch[241] [333/371]  total=7.5197  loss_ce=0.0714  loss_bbox=0.0132  loss_depth=-0.1324  loss_center=0.0095
[2026-08-22 16:15:12] INFO Epoch[241] [370/371]  total=2.2690  loss_ce=0.0032  loss_bbox=0.0029  loss_depth=0.0008  loss_center=0.0032
[2026-08-22 16:15:13] INFO Epoch [241/249] avg_loss=9.2779  time=414.3s  lr=2.00e-05
[2026-08-22 16:15:13] INFO Checkpoint saved after epoch 241
[2026-08-22 16:20:49] INFO ==> Loading detections and GTs...
[2026-08-22 16:20:50] INFO ==> Evaluating (official)...
[2026-08-22 16:22:30] INFO Pedestrian AP@0.50, 0.50, 0.50:
bbox AP:65.0198, 56.8679, 49.0613
bev  AP:15.5908, 14.7675, 12.7921
3d   AP:14.4605, 12.4565, 12.3292
aos  AP:55.37, 48.32, 41.52
Pedestrian AP_R40@0.50, 0.50, 0.50:
bbox AP:64.5172, 53.8621, 46.9221
bev  AP:8.6961, 7.5708, 6.3047
3d   AP:7.2384, 6.1810, 5.0656
aos  AP:53.88, 44.96, 38.76
Pedestrian AP@0.50, 0.25, 0.25:
bbox AP:65.0198, 56.8679, 49.0613
bev  AP:32.6103, 27.3984, 25.5846
3d   AP:31.8391, 26.8971, 25.1745
aos  AP:55.37, 48.32, 41.52
Pedestrian AP_R40@0.50, 0.25, 0.25:
bbox AP:64.5172, 53.8621, 46.9221
bev  AP:29.1640, 24.1940, 20.1617
3d   AP:28.4467, 23.6868, 19.6351
aos  AP:53.88, 44.96, 38.76

[2026-08-22 16:24:10] INFO Car AP@0.70, 0.70, 0.70:
bbox AP:84.3360, 75.1996, 67.5499
bev  AP:28.2560, 22.9734, 19.2160
3d   AP:19.9342, 16.6513, 15.1637
aos  AP:82.89, 72.32, 63.94
Car AP_R40@0.70, 0.70, 0.70:
bbox AP:86.9063, 77.1994, 70.6393
bev  AP:24.8119, 17.9696, 15.0387
3d   AP:14.0546, 10.8013, 8.7677
aos  AP:85.27, 74.00, 66.30
Car AP@0.70, 0.50, 0.50:
bbox AP:84.3360, 75.1996, 67.5499
bev  AP:55.6612, 42.8049, 36.8146
3d   AP:49.8871, 40.1508, 34.9334
aos  AP:82.89, 72.32, 63.94
Car AP_R40@0.70, 0.50, 0.50:
bbox AP:86.9063, 77.1994, 70.6393
bev  AP:54.7704, 40.0557, 35.7057
3d   AP:49.6557, 36.6944, 32.4379
aos  AP:85.27, 74.00, 66.30

[2026-08-22 16:25:49] INFO Cyclist AP@0.50, 0.50, 0.50:
bbox AP:45.1415, 29.6053, 29.7260
bev  AP:4.8434, 2.8247, 2.8912
3d   AP:3.5728, 2.5721, 2.5157
aos  AP:37.01, 24.74, 24.65
Cyclist AP_R40@0.50, 0.50, 0.50:
bbox AP:44.3688, 25.1025, 25.2221
bev  AP:3.5382, 1.9404, 1.7639
3d   AP:2.7792, 1.4926, 1.4197
aos  AP:34.56, 19.41, 19.36
Cyclist AP@0.50, 0.25, 0.25:
bbox AP:45.1415, 29.6053, 29.7260
bev  AP:12.1693, 8.1959, 6.8568
3d   AP:12.1482, 8.1934, 6.6991
aos  AP:37.01, 24.74, 24.65
Cyclist AP_R40@0.50, 0.25, 0.25:
bbox AP:44.3688, 25.1025, 25.2221
bev  AP:11.0490, 5.8889, 5.3297
3d   AP:11.0352, 5.8835, 5.2620
aos  AP:34.56, 19.41, 19.36

[2026-08-22 16:25:49] INFO   Val Car Moderate mAP: 10.8013
[2026-08-22 16:25:50] INFO   Best: 10.8013 @ epoch 241
[2026-08-22 16:26:30] INFO Epoch[242] [37/371]  total=14.7519  loss_ce=0.0727  loss_bbox=0.0183  loss_depth=0.3173  loss_center=0.0109
[2026-08-22 16:27:11] INFO Epoch[242] [74/371]  total=0.0147  loss_ce=0.0009  loss_bbox=0.0047  loss_depth=-0.1026  loss_center=0.0008
[2026-08-22 16:27:51] INFO Epoch[242] [111/371]  total=5.8138  loss_ce=0.0273  loss_bbox=0.0156  loss_depth=-0.0510  loss_center=0.0086
[2026-08-22 16:28:32] INFO Epoch[242] [148/371]  total=9.9630  loss_ce=0.0546  loss_bbox=0.0298  loss_depth=-0.2692  loss_center=0.0171
[2026-08-22 16:29:13] INFO Epoch[242] [185/371]  total=7.9287  loss_ce=0.0615  loss_bbox=0.0236  loss_depth=0.0193  loss_center=0.0078
[2026-08-22 16:29:55] INFO Epoch[242] [222/371]  total=18.7955  loss_ce=0.0675  loss_bbox=0.0138  loss_depth=1.5398  loss_center=0.0088
[2026-08-22 16:30:36] INFO Epoch[242] [259/371]  total=6.3615  loss_ce=0.0297  loss_bbox=0.0140  loss_depth=0.1064  loss_center=0.0062
[2026-08-22 16:31:18] INFO Epoch[242] [296/371]  total=2.1721  loss_ce=0.0021  loss_bbox=0.0025  loss_depth=0.1448  loss_center=0.0008
[2026-08-22 16:31:59] INFO Epoch[242] [333/371]  total=1.9254  loss_ce=0.0035  loss_bbox=0.0009  loss_depth=0.2134  loss_center=0.0008
[2026-08-22 16:32:40] INFO Epoch[242] [370/371]  total=10.4667  loss_ce=0.0415  loss_bbox=0.0087  loss_depth=0.7988  loss_center=0.0060
[2026-08-22 16:32:42] INFO Epoch [242/249] avg_loss=9.8734  time=411.8s  lr=2.00e-05
[2026-08-22 16:32:42] INFO Checkpoint saved after epoch 242
[2026-08-22 16:38:17] INFO ==> Loading detections and GTs...
[2026-08-22 16:38:17] INFO ==> Evaluating (official)...
[2026-08-22 16:39:56] INFO Pedestrian AP@0.50, 0.50, 0.50:
bbox AP:66.8261, 58.4059, 50.2393
bev  AP:15.8571, 15.1326, 12.9364
3d   AP:14.3756, 12.5222, 12.3196
aos  AP:57.13, 49.59, 42.44
Pedestrian AP_R40@0.50, 0.50, 0.50:
bbox AP:66.2995, 55.3643, 48.1974
bev  AP:9.2680, 7.9721, 6.7227
3d   AP:7.4796, 6.3388, 5.1921
aos  AP:55.50, 46.25, 39.79
Pedestrian AP@0.50, 0.25, 0.25:
bbox AP:66.8261, 58.4059, 50.2393
bev  AP:32.2063, 27.2138, 25.4538
3d   AP:31.7176, 26.8780, 21.6655
aos  AP:57.13, 49.59, 42.44
Pedestrian AP_R40@0.50, 0.25, 0.25:
bbox AP:66.2995, 55.3643, 48.1974
bev  AP:28.7503, 23.8902, 19.9590
3d   AP:28.3736, 23.5477, 18.6966
aos  AP:55.50, 46.25, 39.79

[2026-08-22 16:41:33] INFO Car AP@0.70, 0.70, 0.70:
bbox AP:86.2808, 76.4610, 68.3447
bev  AP:28.0116, 21.9463, 18.6387
3d   AP:15.3340, 12.6867, 11.5378
aos  AP:84.73, 73.39, 64.56
Car AP_R40@0.70, 0.70, 0.70:
bbox AP:89.1120, 78.6061, 71.6376
bev  AP:23.6591, 16.6920, 14.2571
3d   AP:13.5942, 9.8402, 8.3607
aos  AP:87.38, 75.20, 67.15
Car AP@0.70, 0.50, 0.50:
bbox AP:86.2808, 76.4610, 68.3447
bev  AP:56.6514, 42.1160, 36.4193
3d   AP:50.4027, 36.7184, 33.9140
aos  AP:84.73, 73.39, 64.56
Car AP_R40@0.70, 0.50, 0.50:
bbox AP:89.1120, 78.6061, 71.6376
bev  AP:55.0506, 39.8313, 34.0524
3d   AP:50.0640, 35.2134, 30.5953
aos  AP:87.38, 75.20, 67.15

[2026-08-22 16:43:12] INFO Cyclist AP@0.50, 0.50, 0.50:
bbox AP:46.4010, 27.7903, 27.8202
bev  AP:5.3610, 3.3201, 3.1974
3d   AP:3.7337, 2.8436, 2.7091
aos  AP:37.88, 23.41, 23.22
Cyclist AP_R40@0.50, 0.50, 0.50:
bbox AP:44.6820, 25.1786, 25.3230
bev  AP:3.9755, 2.2745, 1.9520
3d   AP:3.0307, 1.7375, 1.6589
aos  AP:34.49, 19.56, 19.29
Cyclist AP@0.50, 0.25, 0.25:
bbox AP:46.4010, 27.7903, 27.8202
bev  AP:12.1052, 8.3185, 8.0780
3d   AP:11.9274, 8.1513, 6.6877
aos  AP:37.88, 23.41, 23.22
Cyclist AP_R40@0.50, 0.25, 0.25:
bbox AP:44.6820, 25.1786, 25.3230
bev  AP:10.9877, 6.0378, 5.8158
3d   AP:10.7622, 5.9535, 5.3566
aos  AP:34.49, 19.56, 19.29

[2026-08-22 16:43:12] INFO   Val Car Moderate mAP: 9.8402
[2026-08-22 16:43:12] INFO   Best: 10.8013 @ epoch 241
[2026-08-22 16:43:53] INFO Epoch[243] [37/371]  total=16.1887  loss_ce=0.1223  loss_bbox=0.0317  loss_depth=0.2108  loss_center=0.0176
[2026-08-22 16:44:33] INFO Epoch[243] [74/371]  total=3.4862  loss_ce=0.0015  loss_bbox=0.0031  loss_depth=0.1266  loss_center=0.0016
[2026-08-22 16:45:14] INFO Epoch[243] [111/371]  total=10.5763  loss_ce=0.0415  loss_bbox=0.0073  loss_depth=0.5458  loss_center=0.0041
[2026-08-22 16:45:55] INFO Epoch[243] [148/371]  total=6.6432  loss_ce=0.0166  loss_bbox=0.0060  loss_depth=0.4193  loss_center=0.0031
[2026-08-22 16:46:35] INFO Epoch[243] [185/371]  total=7.1728  loss_ce=0.0412  loss_bbox=0.0078  loss_depth=0.1784  loss_center=0.0048
[2026-08-22 16:47:16] INFO Epoch[243] [222/371]  total=6.6372  loss_ce=0.0868  loss_bbox=0.0077  loss_depth=0.3353  loss_center=0.0036
[2026-08-22 16:47:57] INFO Epoch[243] [259/371]  total=5.4714  loss_ce=0.0497  loss_bbox=0.0028  loss_depth=0.4261  loss_center=0.0021
[2026-08-22 16:48:38] INFO Epoch[243] [296/371]  total=10.6716  loss_ce=0.0644  loss_bbox=0.0149  loss_depth=0.2909  loss_center=0.0072
[2026-08-22 16:49:19] INFO Epoch[243] [333/371]  total=13.3119  loss_ce=0.0462  loss_bbox=0.0122  loss_depth=0.8628  loss_center=0.0086
[2026-08-22 16:49:59] INFO Epoch[243] [370/371]  total=17.5851  loss_ce=0.0551  loss_bbox=0.0262  loss_depth=0.8706  loss_center=0.0130
[2026-08-22 16:50:00] INFO Epoch [243/249] avg_loss=9.2183  time=408.2s  lr=2.00e-05
[2026-08-22 16:50:01] INFO Checkpoint saved after epoch 243
[2026-08-22 16:55:35] INFO ==> Loading detections and GTs...
[2026-08-22 16:55:36] INFO ==> Evaluating (official)...
[2026-08-22 16:57:11] INFO Pedestrian AP@0.50, 0.50, 0.50:
bbox AP:65.6131, 57.7443, 49.5433
bev  AP:15.8039, 15.0388, 12.9819
3d   AP:14.7829, 12.6778, 12.6326
aos  AP:55.41, 48.70, 41.87
Pedestrian AP_R40@0.50, 0.50, 0.50:
bbox AP:65.1014, 54.5030, 47.4120
bev  AP:9.1237, 7.9675, 6.6291
3d   AP:7.7886, 6.4225, 5.3359
aos  AP:53.86, 45.06, 38.90
Pedestrian AP@0.50, 0.25, 0.25:
bbox AP:65.6131, 57.7443, 49.5433
bev  AP:32.1298, 27.6073, 25.3655
3d   AP:31.6506, 27.2687, 21.6578
aos  AP:55.41, 48.70, 41.87
Pedestrian AP_R40@0.50, 0.25, 0.25:
bbox AP:65.1014, 54.5030, 47.4120
bev  AP:28.7832, 23.9894, 20.0348
3d   AP:28.3928, 23.7025, 18.7463
aos  AP:53.86, 45.06, 38.90

[2026-08-22 16:58:46] INFO Car AP@0.70, 0.70, 0.70:
bbox AP:84.8221, 75.5653, 67.6364
bev  AP:27.4271, 22.0905, 18.6420
3d   AP:15.1498, 12.6138, 11.5918
aos  AP:83.25, 72.51, 63.81
Car AP_R40@0.70, 0.70, 0.70:
bbox AP:87.5228, 75.8115, 69.0282
bev  AP:23.1882, 17.2686, 14.4562
3d   AP:13.1042, 9.6869, 8.2703
aos  AP:85.77, 72.59, 64.72
Car AP@0.70, 0.50, 0.50:
bbox AP:84.8221, 75.5653, 67.6364
bev  AP:56.0452, 42.5726, 36.5063
3d   AP:49.8996, 36.8197, 34.3389
aos  AP:83.25, 72.51, 63.81
Car AP_R40@0.70, 0.50, 0.50:
bbox AP:87.5228, 75.8115, 69.0282
bev  AP:54.3085, 39.9389, 34.2714
3d   AP:49.6393, 35.3498, 30.9646
aos  AP:85.77, 72.59, 64.72

[2026-08-22 17:00:21] INFO Cyclist AP@0.50, 0.50, 0.50:
bbox AP:45.3983, 30.1464, 30.3387
bev  AP:3.5505, 2.5091, 2.5102
3d   AP:3.1337, 2.3180, 2.3249
aos  AP:37.36, 25.20, 25.09
Cyclist AP_R40@0.50, 0.50, 0.50:
bbox AP:44.3994, 26.3509, 25.5997
bev  AP:2.8393, 1.5669, 1.5278
3d   AP:2.5724, 1.3738, 1.2757
aos  AP:34.70, 20.62, 19.79
Cyclist AP@0.50, 0.25, 0.25:
bbox AP:45.3983, 30.1464, 30.3387
bev  AP:12.5378, 8.3718, 8.2558
3d   AP:11.3483, 8.0109, 7.5376
aos  AP:37.36, 25.20, 25.09
Cyclist AP_R40@0.50, 0.25, 0.25:
bbox AP:44.3994, 26.3509, 25.5997
bev  AP:11.2942, 6.2446, 6.0501
3d   AP:10.5191, 6.0085, 5.5820
aos  AP:34.70, 20.62, 19.79

[2026-08-22 17:00:21] INFO   Val Car Moderate mAP: 9.6869
[2026-08-22 17:00:22] INFO   Best: 10.8013 @ epoch 241
[2026-08-22 17:01:03] INFO Epoch[244] [37/371]  total=8.6181  loss_ce=0.0306  loss_bbox=0.0073  loss_depth=0.3578  loss_center=0.0047
[2026-08-22 17:01:44] INFO Epoch[244] [74/371]  total=12.9199  loss_ce=0.0402  loss_bbox=0.0092  loss_depth=0.6649  loss_center=0.0066
[2026-08-22 17:02:24] INFO Epoch[244] [111/371]  total=8.1518  loss_ce=0.0388  loss_bbox=0.0096  loss_depth=0.6892  loss_center=0.0048
[2026-08-22 17:03:05] INFO Epoch[244] [148/371]  total=3.7457  loss_ce=0.0342  loss_bbox=0.0268  loss_depth=-0.3658  loss_center=0.0107
[2026-08-22 17:03:46] INFO Epoch[244] [185/371]  total=18.9228  loss_ce=0.1267  loss_bbox=0.0130  loss_depth=1.3721  loss_center=0.0101
[2026-08-22 17:04:27] INFO Epoch[244] [222/371]  total=19.1094  loss_ce=0.1060  loss_bbox=0.0254  loss_depth=0.5476  loss_center=0.0191
[2026-08-22 17:05:07] INFO Epoch[244] [259/371]  total=5.3468  loss_ce=0.0498  loss_bbox=0.0104  loss_depth=-0.2006  loss_center=0.0050
[2026-08-22 17:05:48] INFO Epoch[244] [296/371]  total=17.0199  loss_ce=0.1305  loss_bbox=0.0343  loss_depth=0.7957  loss_center=0.0146
[2026-08-22 17:06:29] INFO Epoch[244] [333/371]  total=4.9059  loss_ce=0.0360  loss_bbox=0.0047  loss_depth=0.0958  loss_center=0.0029
[2026-08-22 17:07:09] INFO Epoch[244] [370/371]  total=0.3617  loss_ce=0.0113  loss_bbox=0.0080  loss_depth=-0.4476  loss_center=0.0029
[2026-08-22 17:07:10] INFO Epoch [244/249] avg_loss=9.8089  time=408.5s  lr=2.00e-05
[2026-08-22 17:07:11] INFO Checkpoint saved after epoch 244
[2026-08-22 17:12:49] INFO ==> Loading detections and GTs...
[2026-08-22 17:12:49] INFO ==> Evaluating (official)...
[2026-08-22 17:14:23] INFO Pedestrian AP@0.50, 0.50, 0.50:
bbox AP:65.5311, 57.5950, 49.6477
bev  AP:15.3068, 14.8323, 12.7852
3d   AP:13.8141, 12.5751, 12.2473
aos  AP:55.24, 48.54, 41.81
Pedestrian AP_R40@0.50, 0.50, 0.50:
bbox AP:63.3698, 54.4813, 47.4285
bev  AP:8.5917, 7.7675, 5.9760
3d   AP:6.9389, 6.3605, 5.0823
aos  AP:52.44, 44.90, 38.85
Pedestrian AP@0.50, 0.25, 0.25:
bbox AP:65.5311, 57.5950, 49.6477
bev  AP:31.2584, 26.8864, 21.5622
3d   AP:30.9444, 26.5733, 21.3727
aos  AP:55.24, 48.54, 41.81
Pedestrian AP_R40@0.50, 0.25, 0.25:
bbox AP:63.3698, 54.4813, 47.4285
bev  AP:27.7779, 23.3972, 18.6531
3d   AP:26.3879, 21.9789, 18.2803
aos  AP:52.44, 44.90, 38.85

[2026-08-22 17:15:57] INFO Car AP@0.70, 0.70, 0.70:
bbox AP:84.4614, 75.3136, 67.6543
bev  AP:26.1356, 21.2925, 17.9594
3d   AP:14.4922, 11.9663, 10.9829
aos  AP:82.88, 72.32, 63.79
Car AP_R40@0.70, 0.70, 0.70:
bbox AP:87.2944, 75.6511, 69.0232
bev  AP:21.2111, 15.7336, 12.9423
3d   AP:12.0852, 9.1641, 7.6981
aos  AP:85.54, 72.48, 64.68
Car AP@0.70, 0.50, 0.50:
bbox AP:84.4614, 75.3136, 67.6543
bev  AP:51.1477, 41.0568, 35.5379
3d   AP:47.7607, 35.5518, 33.1357
aos  AP:82.88, 72.32, 63.79
Car AP_R40@0.70, 0.50, 0.50:
bbox AP:87.2944, 75.6511, 69.0232
bev  AP:51.2305, 37.5935, 33.1650
3d   AP:46.2756, 33.8831, 28.7212
aos  AP:85.54, 72.48, 64.68

[2026-08-22 17:17:30] INFO Cyclist AP@0.50, 0.50, 0.50:
bbox AP:44.9579, 30.1345, 27.3146
bev  AP:4.0404, 2.7492, 2.7807
3d   AP:3.1274, 2.4764, 1.6043
aos  AP:37.49, 25.14, 23.37
Cyclist AP_R40@0.50, 0.50, 0.50:
bbox AP:43.3165, 25.3483, 24.5717
bev  AP:3.0721, 1.6757, 1.6644
3d   AP:2.2519, 1.4220, 1.0194
aos  AP:34.48, 20.02, 19.22
Cyclist AP@0.50, 0.25, 0.25:
bbox AP:44.9579, 30.1345, 27.3146
bev  AP:13.1542, 8.8296, 8.6571
3d   AP:12.6977, 8.8160, 8.4648
aos  AP:37.49, 25.14, 23.37
Cyclist AP_R40@0.50, 0.25, 0.25:
bbox AP:43.3165, 25.3483, 24.5717
bev  AP:11.7636, 6.4272, 6.2541
3d   AP:11.5300, 6.3834, 6.0757
aos  AP:34.48, 20.02, 19.22

[2026-08-22 17:17:30] INFO   Val Car Moderate mAP: 9.1641
[2026-08-22 17:17:31] INFO   Best: 10.8013 @ epoch 241
[2026-08-22 17:18:12] INFO Epoch[245] [37/371]  total=18.0138  loss_ce=0.0889  loss_bbox=0.0245  loss_depth=1.0092  loss_center=0.0104
[2026-08-22 17:18:53] INFO Epoch[245] [74/371]  total=15.1464  loss_ce=0.0977  loss_bbox=0.0181  loss_depth=0.6732  loss_center=0.0085
[2026-08-22 17:19:35] INFO Epoch[245] [111/371]  total=1.2061  loss_ce=0.0149  loss_bbox=0.0070  loss_depth=-0.1767  loss_center=0.0017
[2026-08-22 17:20:17] INFO Epoch[245] [148/371]  total=18.2318  loss_ce=0.1040  loss_bbox=0.0347  loss_depth=0.8294  loss_center=0.0203
[2026-08-22 17:20:58] INFO Epoch[245] [185/371]  total=20.5947  loss_ce=0.1606  loss_bbox=0.0463  loss_depth=0.1143  loss_center=0.0240
[2026-08-22 17:21:40] INFO Epoch[245] [222/371]  total=5.0273  loss_ce=0.0321  loss_bbox=0.0072  loss_depth=0.2601  loss_center=0.0027
[2026-08-22 17:22:21] INFO Epoch[245] [259/371]  total=2.4103  loss_ce=0.0108  loss_bbox=0.0070  loss_depth=-0.1411  loss_center=0.0030
[2026-08-22 17:23:02] INFO Epoch[245] [296/371]  total=3.2783  loss_ce=0.0032  loss_bbox=0.0026  loss_depth=0.1827  loss_center=0.0017
[2026-08-22 17:23:44] INFO Epoch[245] [333/371]  total=5.7184  loss_ce=0.0492  loss_bbox=0.0218  loss_depth=-0.2457  loss_center=0.0089
[2026-08-22 17:24:25] INFO Epoch[245] [370/371]  total=9.0184  loss_ce=0.0367  loss_bbox=0.0037  loss_depth=0.5063  loss_center=0.0022
[2026-08-22 17:24:26] INFO Epoch [245/249] avg_loss=9.8707  time=415.2s  lr=2.00e-05
[2026-08-22 17:24:26] INFO Checkpoint saved after epoch 245
[2026-08-22 17:30:04] INFO ==> Loading detections and GTs...
[2026-08-22 17:30:05] INFO ==> Evaluating (official)...
[2026-08-22 17:31:41] INFO Pedestrian AP@0.50, 0.50, 0.50:
bbox AP:65.8036, 57.8959, 49.7413
bev  AP:15.6736, 14.9710, 12.8919
3d   AP:14.5605, 12.6616, 12.4747
aos  AP:55.00, 47.97, 41.26
Pedestrian AP_R40@0.50, 0.50, 0.50:
bbox AP:63.7781, 54.8297, 45.8801
bev  AP:9.3483, 7.8034, 5.9929
3d   AP:8.0143, 6.5810, 5.4793
aos  AP:52.27, 44.48, 37.17
Pedestrian AP@0.50, 0.25, 0.25:
bbox AP:65.8036, 57.8959, 49.7413
bev  AP:31.4411, 27.3373, 25.3869
3d   AP:31.3379, 27.1585, 21.7428
aos  AP:55.00, 47.97, 41.26
Pedestrian AP_R40@0.50, 0.25, 0.25:
bbox AP:63.7781, 54.8297, 45.8801
bev  AP:27.4766, 23.9005, 20.0442
3d   AP:27.3276, 23.7400, 18.8418
aos  AP:52.27, 44.48, 37.17

[2026-08-22 17:33:17] INFO Car AP@0.70, 0.70, 0.70:
bbox AP:85.1385, 75.9456, 68.1521
bev  AP:26.9241, 21.7459, 18.5974
3d   AP:14.1388, 12.4054, 11.0925
aos  AP:83.40, 72.65, 64.06
Car AP_R40@0.70, 0.70, 0.70:
bbox AP:86.4194, 76.3332, 69.5610
bev  AP:22.2110, 16.8589, 14.1996
3d   AP:11.9462, 9.4037, 8.0607
aos  AP:84.56, 72.84, 64.95
Car AP@0.70, 0.50, 0.50:
bbox AP:85.1385, 75.9456, 68.1521
bev  AP:55.2782, 42.0748, 36.5211
3d   AP:49.0950, 36.4793, 34.4510
aos  AP:83.40, 72.65, 64.06
Car AP_R40@0.70, 0.50, 0.50:
bbox AP:86.4194, 76.3332, 69.5610
bev  AP:53.2413, 39.5785, 34.2450
3d   AP:47.7758, 35.1107, 30.9845
aos  AP:84.56, 72.84, 64.95

[2026-08-22 17:34:53] INFO Cyclist AP@0.50, 0.50, 0.50:
bbox AP:46.9972, 30.9311, 28.0017
bev  AP:5.3373, 3.2051, 3.1651
3d   AP:4.2614, 3.0381, 3.0524
aos  AP:38.48, 25.73, 23.55
Cyclist AP_R40@0.50, 0.50, 0.50:
bbox AP:45.6698, 26.4461, 25.5859
bev  AP:3.9748, 2.0455, 1.9962
3d   AP:3.0921, 1.7945, 1.6627
aos  AP:35.50, 20.48, 19.56
Cyclist AP@0.50, 0.25, 0.25:
bbox AP:46.9972, 30.9311, 28.0017
bev  AP:13.5163, 9.4458, 9.2109
3d   AP:13.4953, 9.4402, 9.1728
aos  AP:38.48, 25.73, 23.55
Cyclist AP_R40@0.50, 0.25, 0.25:
bbox AP:45.6698, 26.4461, 25.5859
bev  AP:12.3297, 6.8069, 6.6580
3d   AP:12.2599, 6.7909, 6.5315
aos  AP:35.50, 20.48, 19.56

[2026-08-22 17:34:53] INFO   Val Car Moderate mAP: 9.4037
[2026-08-22 17:34:54] INFO   Best: 10.8013 @ epoch 241
[2026-08-22 17:35:34] INFO Epoch[246] [37/371]  total=3.8117  loss_ce=0.0210  loss_bbox=0.0035  loss_depth=0.0339  loss_center=0.0018
[2026-08-22 17:36:15] INFO Epoch[246] [74/371]  total=4.2752  loss_ce=0.0215  loss_bbox=0.0033  loss_depth=0.1637  loss_center=0.0022
[2026-08-22 17:36:55] INFO Epoch[246] [111/371]  total=9.4250  loss_ce=0.0645  loss_bbox=0.0133  loss_depth=0.5947  loss_center=0.0062
[2026-08-22 17:37:36] INFO Epoch[246] [148/371]  total=10.1281  loss_ce=0.0552  loss_bbox=0.0168  loss_depth=0.4013  loss_center=0.0071
[2026-08-22 17:38:17] INFO Epoch[246] [185/371]  total=2.4136  loss_ce=0.0065  loss_bbox=0.0070  loss_depth=-0.2086  loss_center=0.0029
[2026-08-22 17:38:58] INFO Epoch[246] [222/371]  total=1.2064  loss_ce=0.0077  loss_bbox=0.0029  loss_depth=-0.0715  loss_center=0.0024
[2026-08-22 17:39:39] INFO Epoch[246] [259/371]  total=0.9227  loss_ce=0.0010  loss_bbox=0.0005  loss_depth=0.0571  loss_center=0.0004
[2026-08-22 17:40:21] INFO Epoch[246] [296/371]  total=7.9124  loss_ce=0.0586  loss_bbox=0.0154  loss_depth=-0.0595  loss_center=0.0102
[2026-08-22 17:41:03] INFO Epoch[246] [333/371]  total=14.1193  loss_ce=0.1551  loss_bbox=0.0277  loss_depth=0.3359  loss_center=0.0106
[2026-08-22 17:41:44] INFO Epoch[246] [370/371]  total=5.4181  loss_ce=0.0407  loss_bbox=0.0196  loss_depth=-0.2004  loss_center=0.0059
[2026-08-22 17:41:45] INFO Epoch [246/249] avg_loss=9.6433  time=411.7s  lr=2.00e-05
[2026-08-22 17:41:46] INFO Checkpoint saved after epoch 246
[2026-08-22 17:47:24] INFO ==> Loading detections and GTs...
[2026-08-22 17:47:24] INFO ==> Evaluating (official)...
[2026-08-22 17:48:59] INFO Pedestrian AP@0.50, 0.50, 0.50:
bbox AP:66.2533, 51.2736, 49.7741
bev  AP:15.5969, 13.2102, 12.8919
3d   AP:14.1221, 12.6941, 12.5277
aos  AP:55.75, 43.40, 41.78
Pedestrian AP_R40@0.50, 0.50, 0.50:
bbox AP:63.8412, 52.9315, 45.8535
bev  AP:9.0569, 7.5817, 6.1821
3d   AP:7.5183, 6.8544, 5.3919
aos  AP:52.58, 43.50, 37.38
Pedestrian AP@0.50, 0.25, 0.25:
bbox AP:66.2533, 51.2736, 49.7741
bev  AP:31.4290, 26.4793, 21.7158
3d   AP:27.9094, 25.6749, 21.3777
aos  AP:55.75, 43.40, 41.78
Pedestrian AP_R40@0.50, 0.25, 0.25:
bbox AP:63.8412, 52.9315, 45.8535
bev  AP:27.1321, 22.4814, 18.8192
3d   AP:25.6282, 21.8986, 18.2788
aos  AP:52.58, 43.50, 37.38

[2026-08-22 17:50:35] INFO Car AP@0.70, 0.70, 0.70:
bbox AP:85.2936, 75.9477, 68.1545
bev  AP:24.3029, 18.2545, 16.8856
3d   AP:17.0081, 14.3861, 12.6116
aos  AP:83.45, 72.53, 63.90
Car AP_R40@0.70, 0.70, 0.70:
bbox AP:86.4738, 76.3307, 69.5467
bev  AP:18.9798, 13.6695, 11.2250
3d   AP:10.5812, 7.7977, 6.5162
aos  AP:84.49, 72.70, 64.76
Car AP@0.70, 0.50, 0.50:
bbox AP:85.2936, 75.9477, 68.1545
bev  AP:50.5773, 37.1630, 34.5734
3d   AP:46.6736, 34.8723, 32.4362
aos  AP:83.45, 72.53, 63.90
Car AP_R40@0.70, 0.50, 0.50:
bbox AP:86.4738, 76.3307, 69.5467
bev  AP:50.5171, 35.7633, 31.3092
3d   AP:44.6339, 32.1372, 27.9463
aos  AP:84.49, 72.70, 64.76

[2026-08-22 17:52:09] INFO Cyclist AP@0.50, 0.50, 0.50:
bbox AP:46.7266, 31.6653, 28.5033
bev  AP:2.7663, 2.1162, 2.1916
3d   AP:2.4137, 1.9036, 1.4205
aos  AP:37.96, 25.86, 23.81
Cyclist AP_R40@0.50, 0.50, 0.50:
bbox AP:45.6576, 26.8121, 25.7587
bev  AP:1.8744, 1.1164, 1.1431
3d   AP:1.6355, 1.0139, 0.8579
aos  AP:35.24, 20.65, 19.67
Cyclist AP@0.50, 0.25, 0.25:
bbox AP:46.7266, 31.6653, 28.5033
bev  AP:11.7233, 8.2643, 6.9088
3d   AP:10.6435, 6.7308, 6.2102
aos  AP:37.96, 25.86, 23.81
Cyclist AP_R40@0.50, 0.25, 0.25:
bbox AP:45.6576, 26.8121, 25.7587
bev  AP:10.4449, 6.0530, 5.5893
3d   AP:9.0570, 5.3127, 4.8985
aos  AP:35.24, 20.65, 19.67

[2026-08-22 17:52:10] INFO   Val Car Moderate mAP: 7.7977
[2026-08-22 17:52:10] INFO   Best: 10.8013 @ epoch 241
[2026-08-22 17:52:51] INFO Epoch[247] [37/371]  total=9.8903  loss_ce=0.0142  loss_bbox=0.0079  loss_depth=0.4635  loss_center=0.0037
[2026-08-22 17:53:31] INFO Epoch[247] [74/371]  total=23.2829  loss_ce=0.1967  loss_bbox=0.0489  loss_depth=0.5622  loss_center=0.0221
[2026-08-22 17:54:13] INFO Epoch[247] [111/371]  total=5.6965  loss_ce=0.0155  loss_bbox=0.0076  loss_depth=0.1929  loss_center=0.0049
[2026-08-22 17:54:54] INFO Epoch[247] [148/371]  total=16.0895  loss_ce=0.1389  loss_bbox=0.0268  loss_depth=0.5569  loss_center=0.0100
[2026-08-22 17:55:36] INFO Epoch[247] [185/371]  total=10.5622  loss_ce=0.0495  loss_bbox=0.0097  loss_depth=0.4110  loss_center=0.0057
[2026-08-22 17:56:16] INFO Epoch[247] [222/371]  total=1.3140  loss_ce=0.0055  loss_bbox=0.0029  loss_depth=-0.1037  loss_center=0.0018
[2026-08-22 17:56:57] INFO Epoch[247] [259/371]  total=6.8086  loss_ce=0.0262  loss_bbox=0.0048  loss_depth=0.4358  loss_center=0.0018
[2026-08-22 17:57:37] INFO Epoch[247] [296/371]  total=23.6265  loss_ce=0.1202  loss_bbox=0.0356  loss_depth=1.3471  loss_center=0.0198
[2026-08-22 17:58:18] INFO Epoch[247] [333/371]  total=9.0483  loss_ce=0.0510  loss_bbox=0.0159  loss_depth=0.3625  loss_center=0.0095
[2026-08-22 17:58:59] INFO Epoch[247] [370/371]  total=3.1056  loss_ce=0.0596  loss_bbox=0.0091  loss_depth=-0.4887  loss_center=0.0042
[2026-08-22 17:59:00] INFO Epoch [247/249] avg_loss=9.5699  time=409.9s  lr=2.00e-05
[2026-08-22 17:59:00] INFO Checkpoint saved after epoch 247
[2026-08-22 18:04:36] INFO ==> Loading detections and GTs...
[2026-08-22 18:04:37] INFO ==> Evaluating (official)...
[2026-08-22 18:06:10] INFO Pedestrian AP@0.50, 0.50, 0.50:
bbox AP:65.4855, 57.8165, 49.6857
bev  AP:16.4477, 15.4393, 13.2180
3d   AP:15.4493, 12.8482, 12.6974
aos  AP:55.51, 48.65, 41.90
Pedestrian AP_R40@0.50, 0.50, 0.50:
bbox AP:63.5371, 54.7344, 45.7955
bev  AP:9.9766, 8.5021, 7.1915
3d   AP:8.2305, 6.7367, 5.6254
aos  AP:52.78, 45.17, 37.60
Pedestrian AP@0.50, 0.25, 0.25:
bbox AP:65.4855, 57.8165, 49.6857
bev  AP:32.3044, 27.5242, 22.1505
3d   AP:32.1116, 27.3026, 21.8982
aos  AP:55.51, 48.65, 41.90
Pedestrian AP_R40@0.50, 0.25, 0.25:
bbox AP:63.5371, 54.7344, 45.7955
bev  AP:28.3017, 24.3584, 19.3039
3d   AP:28.1044, 23.0713, 19.0883
aos  AP:52.78, 45.17, 37.60

[2026-08-22 18:07:45] INFO Car AP@0.70, 0.70, 0.70:
bbox AP:85.1291, 75.8911, 68.0416
bev  AP:27.9302, 22.4955, 19.0238
3d   AP:19.7350, 16.3643, 15.0829
aos  AP:83.24, 72.52, 63.91
Car AP_R40@0.70, 0.70, 0.70:
bbox AP:86.3277, 76.2616, 69.4870
bev  AP:23.7802, 17.6061, 14.8256
3d   AP:13.7859, 10.5221, 8.6235
aos  AP:84.34, 72.67, 64.80
Car AP@0.70, 0.50, 0.50:
bbox AP:85.1291, 75.8911, 68.0416
bev  AP:55.6315, 41.8359, 36.5302
3d   AP:48.8148, 36.2029, 34.0462
aos  AP:83.24, 72.52, 63.91
Car AP_R40@0.70, 0.50, 0.50:
bbox AP:86.3277, 76.2616, 69.4870
bev  AP:53.7756, 38.5319, 34.2372
3d   AP:47.6536, 34.7390, 30.6669
aos  AP:84.34, 72.67, 64.80

[2026-08-22 18:09:19] INFO Cyclist AP@0.50, 0.50, 0.50:
bbox AP:45.9930, 27.7228, 27.7927
bev  AP:3.5132, 2.4566, 2.5048
3d   AP:3.0973, 1.8182, 1.8428
aos  AP:37.09, 23.49, 23.12
Cyclist AP_R40@0.50, 0.50, 0.50:
bbox AP:43.9609, 25.4290, 25.2227
bev  AP:2.9052, 1.5157, 1.4203
3d   AP:2.1142, 1.0264, 1.0743
aos  AP:33.81, 19.51, 19.15
Cyclist AP@0.50, 0.25, 0.25:
bbox AP:45.9930, 27.7228, 27.7927
bev  AP:11.9345, 8.2042, 6.6844
3d   AP:11.8985, 8.0795, 6.6529
aos  AP:37.09, 23.49, 23.12
Cyclist AP_R40@0.50, 0.25, 0.25:
bbox AP:43.9609, 25.4290, 25.2227
bev  AP:10.5276, 6.1108, 5.5255
3d   AP:10.4870, 6.0098, 5.4444
aos  AP:33.81, 19.51, 19.15

[2026-08-22 18:09:19] INFO   Val Car Moderate mAP: 10.5221
[2026-08-22 18:09:19] INFO   Best: 10.8013 @ epoch 241
[2026-08-22 18:10:00] INFO Epoch[248] [37/371]  total=7.9273  loss_ce=0.0462  loss_bbox=0.0044  loss_depth=0.5244  loss_center=0.0020
[2026-08-22 18:10:41] INFO Epoch[248] [74/371]  total=12.2761  loss_ce=0.0595  loss_bbox=0.0193  loss_depth=0.1533  loss_center=0.0096
[2026-08-22 18:11:22] INFO Epoch[248] [111/371]  total=6.0211  loss_ce=0.0184  loss_bbox=0.0029  loss_depth=0.4234  loss_center=0.0014
[2026-08-22 18:12:03] INFO Epoch[248] [148/371]  total=7.1118  loss_ce=0.0531  loss_bbox=0.0215  loss_depth=-0.1056  loss_center=0.0082
[2026-08-22 18:12:44] INFO Epoch[248] [185/371]  total=0.2769  loss_ce=0.0057  loss_bbox=0.0013  loss_depth=-0.1211  loss_center=0.0010
[2026-08-22 18:13:25] INFO Epoch[248] [222/371]  total=2.7819  loss_ce=0.0116  loss_bbox=0.0035  loss_depth=0.0045  loss_center=0.0020
[2026-08-22 18:14:06] INFO Epoch[248] [259/371]  total=21.9009  loss_ce=0.0776  loss_bbox=0.0206  loss_depth=1.6126  loss_center=0.0113
[2026-08-22 18:14:47] INFO Epoch[248] [296/371]  total=7.7487  loss_ce=0.0246  loss_bbox=0.0107  loss_depth=0.2173  loss_center=0.0057
[2026-08-22 18:15:28] INFO Epoch[248] [333/371]  total=1.2920  loss_ce=0.0038  loss_bbox=0.0059  loss_depth=-0.2272  loss_center=0.0021
[2026-08-22 18:16:09] INFO Epoch[248] [370/371]  total=5.7109  loss_ce=0.0766  loss_bbox=0.0081  loss_depth=0.2378  loss_center=0.0027
[2026-08-22 18:16:10] INFO Epoch [248/249] avg_loss=9.6797  time=410.4s  lr=2.00e-05
[2026-08-22 18:16:10] INFO Checkpoint saved after epoch 248
[2026-08-22 18:21:45] INFO ==> Loading detections and GTs...
[2026-08-22 18:21:45] INFO ==> Evaluating (official)...
[2026-08-22 18:23:28] INFO Pedestrian AP@0.50, 0.50, 0.50:
bbox AP:65.5271, 57.5357, 49.5735
bev  AP:15.8323, 15.0457, 12.9666
3d   AP:14.6758, 12.6218, 12.5098
aos  AP:55.35, 47.92, 41.43
Pedestrian AP_R40@0.50, 0.50, 0.50:
bbox AP:63.4401, 54.4876, 47.4937
bev  AP:9.6775, 8.1541, 6.9536
3d   AP:7.8917, 6.6541, 5.3487
aos  AP:52.43, 44.53, 38.43
Pedestrian AP@0.50, 0.25, 0.25:
bbox AP:65.5271, 57.5357, 49.5735
bev  AP:32.1619, 27.3072, 25.3402
3d   AP:31.2687, 26.9685, 21.4596
aos  AP:55.35, 47.92, 41.43
Pedestrian AP_R40@0.50, 0.25, 0.25:
bbox AP:63.4401, 54.4876, 47.4937
bev  AP:28.5457, 24.0306, 20.1892
3d   AP:27.0733, 23.4883, 18.7213
aos  AP:52.43, 44.53, 38.43

[2026-08-22 18:25:10] INFO Car AP@0.70, 0.70, 0.70:
bbox AP:84.8996, 75.1471, 67.4485
bev  AP:26.7226, 21.4017, 18.4067
3d   AP:18.2443, 15.5347, 14.4818
aos  AP:82.94, 71.55, 63.05
Car AP_R40@0.70, 0.70, 0.70:
bbox AP:87.5176, 77.0868, 70.5527
bev  AP:22.4588, 16.1978, 14.0379
3d   AP:11.8351, 9.1772, 7.8079
aos  AP:85.33, 73.09, 65.33
Car AP@0.70, 0.50, 0.50:
bbox AP:84.8996, 75.1471, 67.4485
bev  AP:54.6072, 41.4234, 35.9082
3d   AP:48.5851, 35.9638, 33.4495
aos  AP:82.94, 71.55, 63.05
Car AP_R40@0.70, 0.50, 0.50:
bbox AP:87.5176, 77.0868, 70.5527
bev  AP:52.5696, 38.9333, 33.5370
3d   AP:47.0654, 34.3952, 30.1031
aos  AP:85.33, 73.09, 65.33

[2026-08-22 18:26:51] INFO Cyclist AP@0.50, 0.50, 0.50:
bbox AP:46.3661, 30.5506, 30.3818
bev  AP:3.8764, 2.6504, 2.5931
3d   AP:3.2895, 2.5483, 2.5484
aos  AP:37.61, 25.21, 25.01
Cyclist AP_R40@0.50, 0.50, 0.50:
bbox AP:44.5426, 25.8263, 25.6180
bev  AP:2.9660, 1.6289, 1.5130
3d   AP:2.6071, 1.4899, 1.3745
aos  AP:34.33, 19.69, 19.54
Cyclist AP@0.50, 0.25, 0.25:
bbox AP:46.3661, 30.5506, 30.3818
bev  AP:13.2132, 8.8859, 8.4149
3d   AP:13.2097, 8.8846, 7.2785
aos  AP:37.61, 25.21, 25.01
Cyclist AP_R40@0.50, 0.25, 0.25:
bbox AP:44.5426, 25.8263, 25.6180
bev  AP:11.7768, 6.5749, 6.1452
3d   AP:11.7733, 6.5721, 5.7751
aos  AP:34.33, 19.69, 19.54

[2026-08-22 18:26:51] INFO   Val Car Moderate mAP: 9.1772
[2026-08-22 18:26:52] INFO   Best: 10.8013 @ epoch 241
[2026-08-22 18:27:33] INFO Epoch[249] [37/371]  total=10.0800  loss_ce=0.0925  loss_bbox=0.0097  loss_depth=0.6195  loss_center=0.0056
[2026-08-22 18:28:14] INFO Epoch[249] [74/371]  total=30.3637  loss_ce=0.1381  loss_bbox=0.0377  loss_depth=1.6554  loss_center=0.0191
[2026-08-22 18:28:54] INFO Epoch[249] [111/371]  total=5.6187  loss_ce=0.0626  loss_bbox=0.0125  loss_depth=0.1259  loss_center=0.0031
[2026-08-22 18:29:36] INFO Epoch[249] [148/371]  total=2.8376  loss_ce=0.0104  loss_bbox=0.0057  loss_depth=-0.0906  loss_center=0.0014
[2026-08-22 18:30:16] INFO Epoch[249] [185/371]  total=17.9728  loss_ce=0.1537  loss_bbox=0.0145  loss_depth=1.1832  loss_center=0.0093
[2026-08-22 18:30:57] INFO Epoch[249] [222/371]  total=20.8914  loss_ce=0.1792  loss_bbox=0.0235  loss_depth=1.0050  loss_center=0.0095
[2026-08-22 18:31:38] INFO Epoch[249] [259/371]  total=18.6219  loss_ce=0.0972  loss_bbox=0.0246  loss_depth=0.7950  loss_center=0.0163
[2026-08-22 18:32:20] INFO Epoch[249] [296/371]  total=4.9831  loss_ce=0.0175  loss_bbox=0.0091  loss_depth=0.0595  loss_center=0.0056
[2026-08-22 18:33:01] INFO Epoch[249] [333/371]  total=7.2954  loss_ce=0.0063  loss_bbox=0.0098  loss_depth=0.0646  loss_center=0.0048
[2026-08-22 18:33:41] INFO Epoch[249] [370/371]  total=7.7959  loss_ce=0.0307  loss_bbox=0.0084  loss_depth=0.4636  loss_center=0.0044
[2026-08-22 18:33:43] INFO Epoch [249/249] avg_loss=8.7872  time=411.0s  lr=2.00e-05
[2026-08-22 18:33:43] INFO Checkpoint saved after epoch 249
[2026-08-22 18:39:19] INFO ==> Loading detections and GTs...
[2026-08-22 18:39:20] INFO ==> Evaluating (official)...
[2026-08-22 18:40:58] INFO Pedestrian AP@0.50, 0.50, 0.50:
bbox AP:65.8796, 57.8725, 49.7069
bev  AP:16.3146, 15.3707, 13.0602
3d   AP:15.4662, 14.8278, 12.7239
aos  AP:55.27, 48.18, 41.49
Pedestrian AP_R40@0.50, 0.50, 0.50:
bbox AP:63.7412, 54.7736, 45.7668
bev  AP:10.4514, 8.6849, 7.2054
3d   AP:9.0053, 7.8371, 5.9064
aos  AP:52.28, 44.51, 36.99
Pedestrian AP@0.50, 0.25, 0.25:
bbox AP:65.8796, 57.8725, 49.7069
bev  AP:32.3567, 27.4581, 25.6938
3d   AP:31.8234, 27.0590, 21.7657
aos  AP:55.27, 48.18, 41.49
Pedestrian AP_R40@0.50, 0.25, 0.25:
bbox AP:63.7412, 54.7736, 45.7668
bev  AP:28.9486, 24.2504, 20.2617
3d   AP:28.4277, 23.6926, 18.8102
aos  AP:52.28, 44.51, 36.99

[2026-08-22 18:42:35] INFO Car AP@0.70, 0.70, 0.70:
bbox AP:83.9775, 75.0637, 67.4272
bev  AP:26.0956, 21.1069, 18.0247
3d   AP:18.3105, 15.1643, 13.0105
aos  AP:82.13, 71.74, 63.25
Car AP_R40@0.70, 0.70, 0.70:
bbox AP:84.9151, 75.2753, 68.6898
bev  AP:21.2104, 15.5944, 13.0042
3d   AP:12.1135, 9.1138, 7.2729
aos  AP:82.95, 71.75, 63.98
Car AP@0.70, 0.50, 0.50:
bbox AP:83.9775, 75.0637, 67.4272
bev  AP:50.7694, 40.8454, 35.3945
3d   AP:47.2109, 35.1879, 32.7706
aos  AP:82.13, 71.74, 63.25
Car AP_R40@0.70, 0.50, 0.50:
bbox AP:84.9151, 75.2753, 68.6898
bev  AP:50.7318, 37.2380, 32.9484
3d   AP:45.4426, 32.3823, 28.3735
aos  AP:82.95, 71.75, 63.98

[2026-08-22 18:44:12] INFO Cyclist AP@0.50, 0.50, 0.50:
bbox AP:46.5669, 30.7439, 31.1233
bev  AP:3.4327, 2.4107, 2.4003
3d   AP:2.7273, 2.1317, 2.1232
aos  AP:38.26, 25.43, 25.79
Cyclist AP_R40@0.50, 0.50, 0.50:
bbox AP:44.6354, 26.1418, 26.1078
bev  AP:2.7583, 1.5251, 1.4410
3d   AP:2.1326, 1.2175, 1.1725
aos  AP:35.06, 20.34, 20.07
Cyclist AP@0.50, 0.25, 0.25:
bbox AP:46.5669, 30.7439, 31.1233
bev  AP:12.3424, 8.1583, 8.2437
3d   AP:11.8615, 7.9050, 6.6170
aos  AP:38.26, 25.43, 25.79
Cyclist AP_R40@0.50, 0.25, 0.25:
bbox AP:44.6354, 26.1418, 26.1078
bev  AP:11.0354, 6.0008, 5.8993
3d   AP:10.7014, 5.8273, 5.3017
aos  AP:35.06, 20.34, 20.07

[2026-08-22 18:44:12] INFO   Val Car Moderate mAP: 9.1138
[2026-08-22 18:44:12] INFO   Best: 10.8013 @ epoch 241
